opportunity_id,product_GTK 500,product_GTX Basic,product_GTX Plus Basic,product_GTX Plus Pro,product_GTX Pro,product_MG Advanced,product_MG Special,series_GTK,series_GTX,series_MG,sector_employment,sector_entertainment,sector_finance,sector_marketing,sector_medical,sector_retail,sector_services,sector_software,sector_technology,sector_telecommunications,office_location_Belgium,office_location_Brazil,office_location_China,office_location_Germany,office_location_Italy,office_location_Japan,office_location_Jordan,office_location_Kenya,office_location_Korea,office_location_Norway,office_location_Panama,office_location_Philipines,office_location_Poland,office_location_Romania,office_location_United States,regional_office_Central,regional_office_East,regional_office_West,manager_Cara Losch,manager_Celia Rouche,manager_Dustin Brinkmann,manager_Melvin Marxen,manager_Rocco Neubert,manager_Summer Sewald,sales_agent_Anna Snelling,sales_agent_Boris Faz,sales_agent_Cassey Cress,sales_agent_Cecily Lampkin,sales_agent_Corliss Cosme,sales_agent_Daniell Hammack,sales_agent_Darcel Schlecht,sales_agent_Donn Cantrell,sales_agent_Elease Gluck,sales_agent_Garret Kinder,sales_agent_Gladys Colclough,sales_agent_Hayden Neloms,sales_agent_James Ascencio,sales_agent_Jonathan Berthelot,sales_agent_Kami Bicknell,sales_agent_Kary Hendrixson,sales_agent_Lajuana Vencill,sales_agent_Markita Hansen,sales_agent_Marty Freudenburg,sales_agent_Maureen Marcano,sales_agent_Moses Frase,sales_agent_Niesha Huffines,sales_agent_Reed Clapper,sales_agent_Rosalina Dieter,sales_agent_Rosie Papadopoulos,sales_agent_Versie Hillebrand,sales_agent_Vicki Laflamme,sales_agent_Violet Mclelland,sales_agent_Wilburn Farren,sales_agent_Zane Levy,sales_price,revenue,employees,revenue_per_employee,year_established,account_age_at_engage,engage_year,engage_month,engage_quarter,engage_dayofweek,is_subsidiary
HP9TUR60,1.628530993972542e-05,0.0011881470688258925,-0.0032812658750935673,7.190348784865494e-05,0.002092107990101085,0.0018414448643260062,-0.0013376900790391924,-2.0254533106536906e-06,0.0019796177369878097,0.0010766221866486787,0.00011025392202482669,-0.0008748989074527239,0.000407544900444456,7.724080718586211e-05,0.0001777980567256986,-0.00014854402672067498,-0.0005484348649221381,0.0004196862287614508,-0.0013963417628195265,-0.005963031059646357,9.699900043828359e-05,2.6288163505713116e-05,-7.934267711402524e-05,-0.00011838869390126043,-1.982739827154907e-05,0.0003260472483990652,-0.0001277270406785882,-8.423372221989533e-05,0.0003111374966858725,-1.2217293788670256e-05,-7.804878232667975e-05,8.693167566410497e-05,1.268694271874754e-05,6.999669465750202e-06,0.0003761060122060003,-0.00017213643309020436,0.0003167728234556558,-2.7276680211744157e-05,-9.967478082868823e-05,-0.00040140027635840713,-0.0004043781717332741,-0.0008046616422929778,-0.0011533359018921054,0.00023481515246798415,-0.0006663558376184202,0.00035944831037047596,-6.13446202791624e-05,-6.619580981282857e-05,2.715705415809366e-05,0.009189257945210577,0.0005601941276467321,0.0007021209068537136,-0.0002466744069617892,-0.00011073123473349873,0.00018134553403455583,-0.000547105977990501,-1.45822729217706e-05,-0.0006211413915084064,6.176031280512412e-05,-0.00042397697738562687,0.0006907249262487625,0.000447958736172181,-0.0004449439198394144,-0.0006757522276097483,3.6402536028835456e-05,0.0001462393232607195,0.00024657042112637823,-1.7571313399638535e-05,-0.0003727032207043941,-0.0007028939887951915,0.00015645298427928138,8.315906798141652e-05,-3.7327845704094066e-05,0.000757132509879435,-0.001801917258625706,-0.0063237186548888834,-0.01349962384919636,-0.020284355228383313,-0.007833182404535271,-0.007358519051711601,-0.007075480597313106,0.009985409994087112,-0.04946524729677178,-0.010248761605085316,-0.0021546983919334315
P4PKECH7,1.8530664672398244e-05,0.003434060518491829,-5.047377283923706e-05,-0.00037535008082174425,0.000366258907643264,0.0033603337851502548,-0.0015462050473218096,-8.071925410815538e-06,0.0014192405097699621,0.0007995418509088994,0.00039356319841610715,-0.0011934376394123537,0.0008371092799128573,0.00022624103137169524,0.001238887200361388,0.0003762612016840145,-0.0001469616046117036,0.00024740609544937587,-0.0004563382379465967,0.002381925704172493,3.0167442505689742e-05,2.298788363756896e-05,-6.916934961254654e-05,-9.44815006152638e-05,-0.00013519168797810488,0.00012328863129298096,5.3704200281902634e-05,-1.7530134201723827e-05,0.00025175653496314177,3.274382268646862e-05,-3.942728324320913e-05,0.0001689916237409609,-4.72813284162963e-05,4.963578013814031e-05,0.0014497931269244855,0.0028080011143571094,-0.00039772735362273917,0.0012246285830656814,0.00019757977105332405,0.0005669355125401024,0.0009548764278839429,0.0032606918312250745,0.00019168067661143404,0.001585246489428588,-0.00022033992380379887,0.00013297445185310696,0.00013549356304983108,3.5762977295829225e-05,1.1471052690158849e-05,-0.0001870924920178011,-0.0036139847373233658,0.0001827824026336124,-0.0001200497559901486,4.358691132308237e-05,0.0004565096481169512,-0.00027772510525893166,0.00041030049208051853,-0.00031879710195115374,-6.655279185012224e-06,-4.525172914515845e-05,0.0015292973886435455,0.00048297735839632395,-0.00022985960410205477,-0.0006223243233066827,0.00011471409303512728,4.518255734749379e-05,0.000128067396293086,8.613284462049272e-05,-0.00023062921399727814,-0.0004453003306327425,0.00027081500861364527,8.149935477962766e-05,-1.3927573237363092e-05,0.0006296311401086264,0.0065436235077465845,0.009529929178225599,0.011294037617744323,0.007544227567633437,-0.005372315721669676,0.0008355354876409448,-0.005086961493214954,0.0029189659720922877,-0.04313530605849185,-0.0144677141188204,0.008987883310112459
USL5PZ4O,2.234498862787532e-05,0.0005985185023324842,-0.002614732349928344,0.00017368731597034785,-0.0025158971402836623,0.005152390236641497,-0.002490049210020269,-7.144440247367308e-06,0.0014986236929942862,0.00120073982337032,0.0003176591627275717,-0.0009621041246655286,-0.0011618018254174849,0.0005693835155375854,-0.0013829272094224693,0.0008007930759462588,-0.000495546082851245,0.00044860527987182285,-0.0007265839495721165,0.000494084587288748,0.00023723057746417254,5.2805129198103544e-05,-5.4979343465695694e-05,-0.00015720992347495447,-4.801813641342625e-05,0.00014930604781533747,0.00010245911787655089,-0.00014022238593859628,0.00021993170054204961,-3.249055026749491e-05,-1.3968330219722586e-05,0.00010782227702812682,5.43402672865637e-06,4.012155915294422e-05,0.00041135161568785694,-0.0002474746727238778,-0.0006564971265830723,0.0014921022736426488,-0.0008439730153099644,-5.835910581648348e-05,0.0003941992261846405,0.002527108638682523,0.0004964538697808175,0.0013312066541149657,-7.921707365160898e-05,0.0004860733423066081,-4.81468244344501e-05,-0.0001502766174373209,-6.228884835033448e-05,-0.0003766335492607761,-0.0055506327613306546,0.0003537812949217416,-0.00029047899528371427,-4.6184590133404224e-05,0.0001228808226268454,-0.0004891783142451933,0.0002638031401672468,-0.00021245420118198125,0.00023455217534862715,-9.736147941629732e-05,0.0013494359247145224,0.0005395508765612597,-0.000930123123439629,-0.0005511772314955148,-1.2524911480375999e-05,0.00012236247763591546,-0.00010648191609796639,0.0001087890457480117,-0.0003589689312405357,-0.0006897308997550545,3.373708476711859e-07,0.00010933007781137522,-6.682689098878711e-06,0.0006465848321642533,-0.010259860964031876,-0.0008659648187849179,0.005412838967033367,-0.0019489719089953097,0.011616349742507382,0.004193554160284808,-0.005196202388698062,0.009643239017397729,-0.04969548637859178,-0.011413001489940771,-0.0011370650098749759
3DM5SSI5,2.014199784831741e-05,0.00144621026924487,-0.0026602815528365205,0.0004035852123225734,-0.0011857952234715693,0.0020867438411021223,-0.0010447704475061218,-2.819144596508637e-06,0.00048599224418463836,-0.0009209468147836952,0.0005375561403343261,-0.0008493169978188991,0.000639254020549806,0.0008254920968646569,3.9152473868224845e-05,0.0007258410006829628,0.011665537494470475,0.0009191605978727286,-0.00033146697095177145,0.0006553788190215153,0.00013046075132397048,2.8160099090140052e-05,-7.658338595729664e-05,-0.00013593595154189875,-6.507666507005847e-05,0.00021873653292202585,4.603756189269746e-05,-9.036337327026283e-05,0.0004400570881956379,6.977916297211203e-06,-4.0277121471537657e-05,9.997295771570574e-05,-1.6889882392332366e-05,5.848232696046321e-05,0.0017355542373600906,0.0015193844979995378,0.000277750339271128,0.002115679281032052,-0.0001444200543910402,-7.851665740742862e-05,-0.00037990880136413877,0.005022230574387125,0.0004088241049747168,0.0012966811260733792,-0.0002909672595579983,0.0002710758765494444,2.5429661727001587e-05,-5.705855293103954e-05,0.0002573285685865372,-0.0004507953994739027,6.39984391861733e-05,0.0002860943830278174,-0.00022691562319815392,-2.5920358522032777e-05,0.00029447911631579933,-0.00048499196428109046,0.0003172731593205161,-0.00023934568626478094,0.0001589997467860553,-0.0003821840315877487,0.0013744949097591879,0.00081436421183477,-0.00037662149050398535,-0.0008987998197020604,0.00019227742261896264,0.00030350230559247844,0.00036552148297575113,5.795377633796415e-05,-0.000461885326977594,-0.000604014667116697,0.00025608954585041715,8.26485040903166e-05,-8.74262520522281e-06,0.00070828204472835,-0.003913003377533407,0.0068088153901838646,0.006703940132131584,0.005082734081121271,0.00023352903388603293,0.0018197611599155158,-0.005301843127554521,0.0047681917640221535,-0.04609237023071965,-0.016253156990165087,-0.0005069414449483056
D40ALWGC,1.6741801233323254e-05,-0.0012166227711546472,-0.002352982030560443,-0.0009948306209211406,-4.4666547781902936e-05,0.0015414608073762712,-0.002076819766071537,-6.8467552284773895e-06,-0.00037774078189977133,0.0009381538735797057,5.63984799199177e-05,-0.0007316764727991038,-4.6352659215569684e-05,-0.005606270500207492,-0.0008609414814550444,0.00017591821256342788,-0.0003912378541050402,0.0005055116945160225,-0.0015182082853778386,0.000805835933466987,0.00020034372898590744,7.773285921025757e-05,-6.434032031535085e-05,-0.00022412216028401468,-9.278098854505226e-05,0.00013931971520657574,-0.001138648393123761,-0.0001297107035874654,0.00015886654255720415,-1.9568400564409968e-06,-9.385295056347419e-05,8.919846648885043e-05,6.891462031514587e-06,2.474290885459044e-05,-0.006606395165708014,-0.0015986044354394523,0.00032979821327677896,0.000399824991764523,-0.0010563905732394296,-7.598724667960742e-05,1.563575753494136e-05,-0.0013021845737550242,-0.00268290461202626,0.0005327989285454992,-0.0005745577220825939,0.0005031941121794004,-0.00010201023578548888,-5.4545307408360215e-05,-0.0002567935474480254,-0.0008228879053355354,0.0007619676944496012,-0.010915848915915122,-0.0003100463739556517,-9.453490011712186e-05,8.382212863339801e-05,-0.0005075234308451871,9.593425010732833e-05,-0.0008350394963231852,8.603637549601902e-05,1.0591448280112572e-06,0.0009349231736408063,0.00032319504589223275,-0.0005518639195170792,-0.0004893726338495567,0.00014306133278141605,-3.618137886854278e-06,-0.0003522249670804326,5.5167827245407506e-05,-0.0004623897065309063,-0.0005712201397931564,0.00017782984332209074,0.00020070640675927135,-1.874657367052056e-05,0.00036325452058181076,-0.0061169045228041076,-0.00431331250671548,-0.007902661306833893,-0.013393768988529972,0.009627062439575902,0.0063744170156928666,-0.006871158324070795,0.004318251951568729,-0.06137781374996137,-0.011265441630086796,-0.001145472587547424
524QUXI2,2.281081217994906e-05,-0.0006191474105118316,-0.0025873692167951473,-0.002364922160781942,2.5238578950205617e-06,0.0005079645820506647,-0.002559112753237414,-7.144929561369976e-07,-0.0016945874314593884,-0.001976263411799696,-0.00016542431827018056,0.006742064945596584,-5.1579850880856796e-05,0.0009385436637675141,-0.0011421855545285364,-0.00015754578860446375,-0.00026315057616346554,-0.0002341634799282439,-0.001315124764607846,0.0007790094494789825,0.0001952890723814049,5.970665449850589e-05,-4.1167860218813696e-05,-0.0001459696283269395,-2.9451216673672842e-05,7.17715669737066e-05,8.168243459870655e-05,-0.00014219824129517547,0.0001907891948496942,-3.029280599270932e-05,-6.413558489255792e-05,9.60220780656126e-05,-2.460775866166356e-07,4.202468674722299e-05,0.0006686599551392606,-0.002019554823076104,-0.00011946601422625533,0.001046548376337573,-0.001642911056410705,-0.0006713131934248252,-9.702681841683329e-05,-0.002620362186756307,-0.006756889027624481,0.001273419732709125,-0.00043006994061227323,0.0006236610382630769,-7.922838867023614e-05,-6.735149827862368e-05,-0.000214571043810954,-0.0005452930339455562,0.0005730464627641976,-0.007727446195635794,-0.0002691816837587174,-0.00011853946858893409,0.00018765465228237112,-0.00047332345099133824,0.0003294282751395819,-0.0005858822967955186,4.5133981365337284e-05,-0.00013754354732903166,0.0013097854714243704,0.00032573385144112006,-0.0006518677497528185,-0.00046314943756927193,5.421276336635281e-05,6.370857817752443e-05,-0.000361457912044823,9.30498651235922e-05,-0.0003712069473905082,-0.0007737351059169934,9.746150881314135e-05,0.00017136058578760867,-2.1423659180615337e-05,0.0004628533727193917,-0.009395077729624213,-0.006714642480123935,-0.005992927811455148,-0.0031544632498697405,0.0026837469714382973,0.003309304209646115,-0.00563427396827318,0.005175187993901242,-0.055388492112492624,-0.020091252757092483,-0.0015894079062229562
8W35TVOQ,2.5678852245246793e-05,0.0001729080830653432,-0.0010417063757889437,-0.00037993077403534683,-0.0003693078540111395,-0.0017721882836657064,-0.0015679019408159798,5.5736344544392934e-06,-0.0010114536063519585,0.00012212050311844966,-1.6377687984088894e-05,-0.0007645914340433862,0.0014144664585625277,0.0005107110591097033,0.00027758046804868047,0.00038330189851468004,-7.785909566045777e-05,-0.00024724519555969506,-0.0001605408444921078,-0.0016967379871788539,0.00010948503668943582,6.171280046979277e-05,-7.304796119790231e-05,-0.00012432015248868452,-2.9847476233009798e-05,0.00024046615773233755,2.352283072114626e-05,-6.575478057151474e-05,0.0003035142130903315,2.3565873638167115e-05,-3.300147233530259e-05,8.55031830631404e-05,4.5647274115207514e-05,4.225208449352975e-05,0.0012613405233120175,0.00020114806401452687,0.00034586123196863407,0.0016580147857357492,0.0004123221110095674,0.0006818382186671274,-0.00011650799935028101,-0.00045232211763973694,3.610898574852549e-05,0.0006937092518199798,-0.0005080800023475895,0.00015151263910056015,-7.698795525166104e-05,-4.416095419629116e-05,0.00014923886756712523,-0.00013926619093970855,0.00032104585202021854,0.00014207472129160376,-0.0005774919400597631,-7.173906332386841e-06,0.00019779457189975314,0.021889850773204822,8.880257351777028e-05,-0.0003599494213417654,-2.9927579158257058e-05,-0.0002697016802180645,0.0009587197390401403,0.000872854211767312,-0.00028625702225361024,-0.0007011573005835331,0.00011033646009885053,0.00019419730247696764,9.017837408661912e-05,9.559779174362877e-05,-0.0002856809134822431,-0.0004099991034512881,0.0012134990563460728,0.00022019480382274827,-3.975609464490723e-05,0.0009136803066789264,-0.003652650798721286,0.004588964176260698,0.004351805147092904,0.0006761152335080949,0.000191298741477316,0.003512166768071863,-0.006777770214776356,0.007481648433735768,-0.05451972917936289,-0.013741171916182036,0.0020571659169884753
3D6LLPA1,1.7301516455637793e-05,0.0011113491729681476,0.00980363360410628,0.0001548786430613193,0.0006510269737589877,0.00494917210554262,-0.0004094401085217274,-8.910644764391026e-07,0.00325406746079976,0.0021113715986892626,0.0002117350426139954,-0.0005224881004273754,0.0020212947003148754,0.0010496711363173548,-0.00038582139823049145,0.0004621732515393947,-8.693909205192582e-06,0.0004850696720158454,-4.306534641487239e-05,0.0009341333090431033,0.0002161776608164593,4.229681869828453e-05,-3.0522543877012305e-05,-0.0001033010152033336,2.1432735061283273e-06,0.00019535722215418888,0.00015815758885904984,-1.4159467634729986e-05,0.00030017407949069127,4.563001396682473e-05,-1.2125188032391037e-05,0.0001448549054224632,4.207154575607826e-05,5.9205612052697024e-05,0.0007408430985587977,0.003026371978321337,0.0011725711241207073,0.003985483938298697,9.852835528683365e-05,0.0013699909491851731,0.0008267327540192166,0.012300861163649543,0.0006930364174849402,0.001115197086693522,0.00012933806590089778,0.0004901928912429555,1.59213689305402e-05,-2.1501911850651494e-05,9.733230339037482e-05,-9.64825085197503e-05,0.001011122717420737,0.0005163863924686568,-0.0001968040018018781,2.132489161784771e-05,0.00028429078887112037,-0.0003406891997921077,0.0002365269684641012,0.011498084667263929,0.0003567637181053003,9.895856183055525e-05,0.0016854972087549317,0.0006757323775143032,-0.0007571974873873936,-0.0003032557071577926,5.168944701263222e-05,0.0004468113597484605,-0.00016172673825465037,0.00016284228735783694,-0.0001932564203309276,-0.0005919283419986595,0.00034708783812158493,0.00018414659700893496,1.7595739013428245e-06,0.0009620663573601001,0.010431072901509245,0.00781555107855929,0.008291886987358927,0.006955100543890012,0.022710718088212015,0.021747781807041268,-0.0035276850226490077,0.009309221520681796,-0.042397835546117354,-0.008673447784223682,0.004827402098581814
58QZ1YGK,2.366899718746262e-05,-0.00035372059247601066,-0.0011105274113457123,0.0003487880511175161,0.0007374494658219407,0.0016025689080899719,-0.0006949062774891058,-6.700401381633763e-06,-0.0007446299083290393,-0.000735287054266814,9.752504994710807e-06,-0.0009250828635451668,-0.008171411585969771,0.0007874609146431781,-0.00018213660601420811,0.0005383464618656355,-0.0004911071433682242,0.00036287450883397925,-0.0006700266180244822,2.5443119422173275e-05,4.0553063651436406e-05,2.265709715828074e-05,-0.00014195540731140276,-8.001692309212826e-05,-0.00014835232219804708,0.00017693029474645888,2.8804881891870268e-05,-0.0001339922844429919,0.00022419605742407894,-0.00020816335026076763,-4.429907592203612e-05,9.8427733321592e-05,-4.8275956727881456e-05,5.6265404602179706e-05,-0.0001462976559455613,-0.0009540021171315026,-0.0016812782553155081,0.0017488880762500303,-0.0009499728981610416,0.0009316351747969755,0.0009365280496237989,0.0015061940160013454,-0.0005772658504104827,0.0006389082551391897,-0.00042999437718818347,0.00016794196932395957,1.723372285311009e-05,5.21966300005611e-05,-8.012404620359138e-05,-0.0004289469777283739,-0.0005090820072299186,0.00022158925782042352,-0.00011061852796304174,-9.683489869987854e-07,6.320550697048007e-05,-0.00037510623060421226,0.00029929233501389265,0.0058775625822304455,3.3866922404701195e-05,-2.183269489598586e-05,0.001754257112236849,0.0003791335829717688,-0.00021141878031736503,-0.0008465671860979928,2.6796239790862656e-06,0.0002786614968458744,9.906681891090772e-05,8.771735217681392e-05,-0.00035641854529198626,-0.0003188583459172088,0.00032097932461829025,-7.560555902238554e-05,-2.2593571432328043e-05,0.00044983769440755546,-0.0050307208365213615,-0.002211446674459375,-0.006134263579908899,0.007419171824576321,-0.016303925757596795,-0.014051296781851534,-0.00721462812373809,0.025998957061240887,-0.04165382026232617,-0.015295820691480198,-0.0015530942428898954
OU42AWAE,1.858207347581318e-05,3.106750281963611e-05,-0.0012525834623750916,0.0005878904037040247,-0.001637713262848941,0.004836314641418711,-0.0004071267524840398,-4.837112368525605e-06,0.0006011649900722912,0.003022656337537819,0.0001453504155024255,-0.0008164653127377113,0.0007227095907187973,0.0005428204124164219,0.00019906518484981252,0.0006399911754079753,0.0051304193695926115,0.0001567287886817503,-0.0005700972319360111,0.0005658895599377867,0.00014493827342989716,7.969779017729097e-05,-3.629861077836452e-05,-0.00023783145344592283,-1.7347424773604625e-05,0.0001560552360085968,0.00011707703164762708,-1.28177472806813e-05,0.00024355836979821636,-6.164241652827697e-07,-8.774543194398645e-05,0.000125050209861886,7.362347090688965e-05,4.553848549487843e-05,0.0007055540977834148,5.353545026890973e-05,-0.000751269004445039,-0.005089809506306225,0.00019291384618216136,0.001341290813144822,-0.00048539905564148455,-0.00044201194213038236,7.166901086231838e-05,-0.0017599527359975816,-0.0003135684791483434,0.00025492117338783043,-4.676584529566445e-05,-2.985038098758991e-05,-2.9643519945563123e-05,-0.00024229582499715342,0.0005351543160723148,0.000451541804960904,-0.00023719970806072998,0.00010376133835854936,0.0005320228345349333,-0.0004833209326116394,0.0003598098900320417,-0.00047825626055715645,-0.0003945024774746381,0.0003637068003346311,0.0018362495836589184,0.0005041981216488175,-0.0003974201154969344,-0.00074857658473467,-0.00011854620012056606,0.00022325149919202273,-9.276378259518613e-05,0.00018768592862566588,-0.00026986116840327286,-0.0005649635188624818,4.2353123150733256e-05,3.2753931178241004e-05,1.7633041710140088e-07,0.0006889334581176815,0.0036100974777220026,0.004716767354653186,0.00590302429195264,0.012066209568789097,0.018133167772948298,0.016147193392815066,-0.0064226153447689074,0.021797072417406766,-0.039957110135548785,-0.011240723367908009,0.00016917039683547752
OJOJPNL6,2.2212316420737495e-05,0.0008032017316362562,-0.004130992473257337,-0.0009510140384777609,-0.00035590674813652817,0.0022326534077620123,-0.00022288425873150146,-1.3384818309507943e-05,0.0009906170555600536,0.0006972255038732375,-2.4961446350322866e-05,-0.0008934930948608535,0.0006234009549738472,0.0009018167085810161,-0.00029709695810785087,-0.0004140404924466441,-0.0003485962837826763,0.00015890450299604013,-0.0007022604261722116,0.0009480310565831314,0.00010345554819964279,3.133488011126811e-05,-5.492122875801787e-05,-0.0001338267359946596,-6.45407036256057e-05,0.00018753153837240192,7.612601423878285e-06,-0.00011262743374790355,0.0004554177291706782,-3.947793326384785e-05,-4.627037863304476e-05,8.793391089355131e-05,2.5995070685055022e-05,6.008104825570304e-05,0.0011393001848625914,-0.0004887016014842691,0.0002050767774437138,-0.00024711913306971287,-0.00011105701708724211,-7.063426490855854e-05,-0.00033465148565064854,-0.0011220691557687855,0.0006184565778142975,-0.003026649141247291,-0.0006554021389133145,0.0002755396028585376,4.7891359811747704e-05,-5.032281053913789e-05,6.55023824913654e-05,-0.0005614752155440787,0.00014905147276618686,0.0001333725166780001,-0.0003363471357188059,-7.334166539310581e-05,-3.255447827516394e-05,-0.0006431229930901265,0.0010658505358149487,-0.0005632554544222556,-7.449042488545111e-05,0.006599733084647901,0.001108969502725338,0.0008169902349576988,-0.00039923285511574597,-0.0010455679204826821,9.208151441875945e-05,0.00019603523317378584,0.00021060003808752434,4.984466919842026e-05,-0.0003992377476113959,-0.0005203613405478842,-5.118740402016824e-05,7.648854485422457e-05,-2.1342002131578768e-05,0.0008141674289508262,-0.011013836479655375,0.0025843886776029785,0.0037134144351593967,-0.007120650181597393,0.002537671241154956,0.0013303865101302245,-0.006881514647284532,0.0083257858359008,-0.05853329790097315,-0.019434723319440215,-0.0009900000530062094
MENKE9IV,2.311116473744116e-05,-0.0017440605255053595,-0.003795141023475375,0.00023236690708430284,0.00023895131535368896,0.002009853098989411,-0.00014755729444210734,-5.122161221840853e-06,0.0012609740832374866,0.0005658188267282589,0.00012183814568845988,-0.0009696388684932843,0.0006076445334935329,0.0004554906618624291,0.000759851437315024,0.001224388817232288,-0.00035991342716261215,0.0008446255388053015,-0.0003688784680452507,0.0007411853630260402,9.667289197077836e-05,2.7816160323828018e-05,-6.765973768635061e-05,-0.00012575754678751346,-3.4648843824705495e-05,0.00024922048496577856,5.519978520545873e-05,-5.025835496729524e-05,0.0003091179648731998,-4.873100623341161e-06,-6.686762618074156e-05,9.599098150766715e-05,4.2229243159636223e-05,4.098667542429903e-05,0.001336291319835864,0.00038858959883181655,0.001925326312669084,0.002004592060722365,0.0003450688970969692,4.9106083020012537e-05,1.3057343234070866e-05,-0.00045114815702225247,0.0006783947205893533,-0.0010676252402388006,-0.0008847207318710604,0.00024454643857717073,-0.00010388859784008671,-4.730212621957052e-05,0.00016911279072163258,-0.0002933155109417408,0.000206094904044553,0.00018495422206563672,-0.0003787013504458515,5.15370731150585e-06,1.1093281392937031e-05,-0.0005256354288649465,0.0008121630818995396,-0.0007961389026527486,-0.00039964547033037866,0.006330359046928211,0.0013372018377625187,0.0009492472407788918,-0.00040546458152683983,-0.0008290342330668676,9.416485960063203e-06,0.00022408278530082866,0.00022821245624281617,7.772805062959517e-05,-0.00035972708083682167,-0.0005472207522264492,-0.00022563914043769253,9.988824207793393e-05,-3.0376290853481292e-05,0.001198696486157078,0.0038245606089995663,0.003043054449648282,0.002112399962079669,-0.003369287776719392,0.00016448877530460284,-0.0012913364864042902,-0.007289278807009352,0.006176253103732046,-0.05743061189562158,-0.01619767335670688,0.000252460052299326
PXSDIDXO,2.7452525412406163e-05,-0.00950140711107705,-0.0017802957345093896,0.000140958018776062,-0.0005550380601169716,0.0027161561900165055,-0.003050152121478712,-6.873547434296293e-07,-0.0010150430419780657,-0.0017649924733242998,0.00013927395538321775,-0.00098529776336237,-0.0001111404978519653,0.00041267016961381346,0.0001652027378094788,0.00020477804548441284,-0.00041939764057705544,-0.00014573337176788156,-0.0010833403068679689,0.0005087427791566234,0.00029926111560241896,3.4881624791411947e-05,-5.004084452486314e-05,-0.00011235064238397127,-1.1929944090067249e-05,0.00015169133920575078,7.493812558488842e-05,-6.845452185080322e-05,0.00016130915592867817,-1.731260785846466e-05,-5.327544044636004e-05,9.685852064193587e-05,3.916731530599404e-05,4.160170828299359e-05,0.0010880073355658457,-0.0008911421765826708,-0.0002975872123648246,0.00045178804223762947,1.7058561359989446e-05,0.00018596443640840437,-0.005041481386263822,-0.002861539101268615,0.0001169942593212042,0.0006878624630509862,-0.0007016231264240234,0.00033575052896760827,-0.00014432475794848968,-8.506674956000322e-05,1.5781791764678743e-05,-0.00015338429422930282,0.00043585084601611355,0.0004184814067932987,-0.00023113202656748969,3.9163506859693164e-05,0.00019762598449924037,-0.00034943463159996214,0.00018632004376222382,-0.0009865306603382064,-0.0001005959381126852,-0.0001009412882111018,-0.05311665872225885,0.0005042578710755664,-0.000721634116128522,-0.00044665852212491487,-0.00029799603660751414,0.0002910733322337593,-4.827505661628568e-05,0.00010895864383670355,-0.00023156397089821532,-0.0009969087904997237,-0.00019935131703017401,7.962793563140914e-05,-1.5328175000876206e-05,0.0008077414204092891,-0.004597840923806657,-5.473466611042003e-05,0.007017677224404847,0.007943005323233672,0.012511724846371952,0.01244585849777568,-0.006353606762885501,0.015432539455268573,-0.04953181392242671,-0.01195325747144236,-0.00024063474434301836
5PIJNVMB,2.1001762628312854e-05,0.001115385846104081,-0.001239394069239306,-5.6880486141546165e-05,-9.689621044344564e-05,0.00389823381828104,-0.0014046166607603302,-5.032227435593084e-06,0.00020792516982851684,0.0006355182950981125,5.2224699302366305e-05,-0.0008849796038490908,0.00029505066027986474,0.0002981715530571965,0.0007663286969084892,0.0010836119075406376,-0.0005245800051622096,5.1314123305783e-05,-0.0013161067888970888,0.00027988538905940303,0.000259385900277258,2.558054615877033e-05,-6.948193844974025e-05,-0.0001396463345118511,-3.901274617954756e-06,0.00010826028404864174,8.013172416240094e-05,-2.7523312752205753e-05,0.0001534518271138246,1.2826041660022031e-05,-5.7278403885204e-05,0.00010833228149545737,2.582496284668462e-05,5.072451606800445e-05,0.0013949984080583364,0.0013848574106312857,0.00011478556384501273,0.0006956283997734009,0.00043347729198802684,0.00033043844564747954,-0.002217440285576071,-0.0005733052042987003,0.0003252857112451854,0.0005719531485585037,-0.0006046057916556294,0.0002972603839084876,-7.896980485935115e-06,-0.00014103882114232667,-8.490401277350629e-05,-0.0002450020063695969,0.0007284149000338242,0.0006034333998579375,-0.0002229578308057616,4.696347255737834e-05,0.00017593500159165078,-0.000332501511022637,0.00014675551798499093,-0.0008509772279731445,0.00012597960582402947,5.857691306217506e-05,-0.031429719073037925,0.0003105169456381992,-0.0006818509367369104,-0.0004055476433226377,0.00020493384542852948,0.00010933885048286465,-7.05267126619034e-05,0.0001206785286885615,-0.00029746615158405897,-0.00039870389027614293,0.0001716244997250334,0.00014974988076243268,-1.8332629468695707e-05,0.0006877706063369238,0.001996201751366459,0.005800276466554878,0.004071707534140667,-0.004002823777769018,0.018513197430805352,0.014163390594378517,-0.007254704997783077,0.01795043250143989,-0.048797973236943536,-0.012211589360938933,2.7630592128774837e-05
ZLFKHXXI,1.8251296471944534e-05,-2.1180281103125803e-05,-0.00043832593762857834,0.0002695206207694272,-0.0003794857937320357,0.005862733822830247,-0.0025745847015393223,1.7672921240068989e-06,0.0004247048346193794,0.0014460515200924234,4.808907665764787e-05,-0.0005921938886149206,0.0004900289920348818,0.0010467881648403407,0.0006320487371854104,0.000522981791384564,-0.00024104236056679865,7.135447870127486e-05,0.0038512117261637674,0.000440885357117932,0.0003701668665337648,8.318501815980592e-05,-4.1715949894435505e-05,-0.00010673074207282462,-5.256841008923328e-06,0.00015868809282046324,0.00016734392757837435,9.838488066376525e-06,0.00020780226471825978,-5.491111289879838e-05,6.8003677231676e-05,0.00016661724488840345,4.7198947516309226e-05,6.752668546550715e-05,0.0015176354944792963,-0.00039098277019606877,-0.0005414591962943761,0.0028291376303332537,0.00016412753799889898,0.0009694014678674644,0.0004510600797715337,-0.0008044619881046283,0.00026967517469214636,0.0013002490054600292,-0.0003084639393220534,0.0003410159867648948,-1.0088636442389024e-05,-0.0001279720102220765,-3.901035631941352e-05,-0.0002543359553332711,7.286079858945948e-05,0.00040548240329044464,-0.00017844550718726872,9.156227857802296e-05,0.0007930804669455118,-0.00034446793457427636,0.00024580030155685974,-0.000514625199748262,7.364894980569752e-05,0.00019057442702186353,0.002277573404907714,0.0006007123890556587,-0.000358226821642816,-0.0003221206278246579,0.002110912183159393,0.00020734031387437894,-6.902382317172182e-05,0.00013602444211699205,-0.0002452281344598113,-0.0007215341616736065,0.00018610103603519697,9.067149240559473e-05,-9.573345049285795e-07,0.0007279489151945505,0.002683749443397291,0.010400770352675098,0.007211162549435436,0.015078396401883517,0.024832138744621354,0.026168326990901755,-0.005201309678858776,0.012890089454515596,-0.04191571669546089,-0.01378387200817608,-0.0001675019032657015
WIDRX5N6,1.3493700729137112e-05,0.00034713523802105403,0.0077894396137681765,-6.604653641993101e-05,0.0012184332982939916,0.0062171525763114206,-0.0024207974082916936,-2.572773783837906e-06,0.0005886780071005193,0.0011985872216684935,0.00014246003260898394,-0.0008217019802602528,-0.00025777664555808825,0.0009460542907783528,-0.0007888332264062492,0.0004078854047301114,-0.00035881296498094597,-0.004164168918909897,-0.000788582580716746,0.0006219325080887871,0.00021365181135799485,5.2220467535708375e-05,-2.8677124488091304e-05,-0.00013589462169952442,-1.1025549289658175e-05,0.00016067297977066263,0.0001440190322269729,-6.314929068451692e-05,0.0001726265776338907,-7.913491609409934e-06,-9.626312725557554e-05,0.00011723001858331887,3.3092395318204645e-05,4.712828064922687e-05,0.0008159294645848708,0.0005837294512526694,-0.0012203262226735824,0.004267318942311959,-0.000378573466355477,0.001271540128413971,0.0001366437928259373,0.0022862083530771154,-0.0006510897438452816,0.0007391342769567081,-0.0002951128604946879,0.00031846728426175694,-5.1148913264981284e-05,-0.00010681502454782392,2.4654413837464512e-05,-0.0002921516624927878,0.0009632397936951728,0.00045274168388595166,-0.00023572639431322174,-6.873418845896455e-05,0.0003508173565006226,-0.00044548545188476184,0.00030375952379484606,-0.0007248966068376545,0.0002997831016507512,0.00019187781249637594,0.0014125530370299973,0.0006838814055080946,-0.000701858932663852,-0.0004311836100396501,-4.552345935889643e-05,-0.00401792311129722,-0.0004839883943462326,8.946052206105462e-05,-0.00021983615544191149,-0.000900318133551732,0.00019608077877589835,7.378116117106214e-05,-1.41094944655944e-05,0.0007459585160358173,0.006256220534396194,-0.005004501202738624,-0.008366952034320288,0.0011981612012859218,0.010214940164426426,0.011706286821278448,-0.004595431376510167,0.010377139207884559,-0.04113989069073978,-0.004550159323385239,-0.0012887301344272082
HJLKGIH4,1.6289244864139815e-05,0.0005568215073263441,0.013023265602013855,0.00039054407060775276,0.00034815969047065793,0.0020451549742982974,-0.0013332571123869739,-7.1046137337650565e-06,0.00035515068397534125,0.0009472901801355143,4.676136761386149e-05,-0.0006847308006988722,-0.0003029634272824963,-0.0064325688743305685,-0.0005771077467439272,0.0005238293075614793,-0.0003349710790447589,-9.187022777073951e-05,-0.00081412880528375,0.0008302391669938325,0.00021776714344271656,7.999416692866427e-05,-5.718832263662145e-05,-0.00019638807523394183,-6.311323750163846e-05,0.0002007535356580606,-0.0035772488007658697,-5.965655425824113e-05,0.00011490646402536517,1.4144690760694756e-06,-0.00010190546626122944,0.00011868077770127264,-3.7773324725131013e-05,3.0233743997077335e-05,-0.006118159840107835,-0.0014032807855505341,-0.00017912749638015896,0.0010788178812562606,-0.0006819010460627683,0.0004673267492618268,0.00048315834247834004,-0.0013130318674108334,-0.0009697340681370146,0.00021983839262743244,-0.0004689172255391851,0.0005337274467560818,-0.00013251435654222538,-5.756159170240691e-05,-3.584011778989155e-05,-0.00044429902098670234,0.0002862567963064016,0.0009259570303058221,-0.00030828456156676274,-7.40645788573957e-05,0.00018403779180103526,-0.00038795550761317203,0.00013927227364854888,-0.0009444699501910766,0.00014610219384579787,0.00016952344267061865,0.0011612696570871344,0.0004719839326524134,-0.0005781123874806694,-0.00045893790581889155,6.0756792372967986e-05,6.220127613657579e-05,0.010164927368906729,7.824708465319649e-05,-0.00032949618440633463,-0.0005299851381314797,0.00016194315741444124,0.0001787200981972251,-1.0521189227782435e-05,0.0007478459807662023,0.0018453265884071598,-0.002792417941649283,-0.006481954886506151,-0.010080613581569359,0.011889038194051805,0.010095885152039004,-0.006059247805268599,0.005950395865026419,-0.05852961926853934,-0.011537337195508266,-0.0009089289074697586
DF6A63B7,2.399124142616104e-05,0.0008157701262655316,-0.0013198712073194722,0.0009608927765215723,-0.00047476614976788283,-0.006246135537677823,-0.0003570580464374355,1.603424359759468e-06,-0.0015392205123980066,-0.0006330192059787908,4.602158454589964e-05,-0.00069065216136261,0.0014838890959640945,0.0011452284029369942,0.0014100733825730626,0.0015875110301273357,-0.00026464465749077203,0.00044380268180603706,-0.00031518462597811487,0.00035888615387693376,0.0001100155346315783,3.4958903018016956e-05,-8.675722514580845e-05,-8.070492643407769e-05,-6.392082788028746e-05,0.0003014961239814709,2.337868156497481e-05,-8.698148113031769e-05,0.0005081624706010928,5.0663118699894084e-05,-3.86186677283814e-05,5.532646633003491e-05,4.301894765645254e-05,2.777346653131156e-05,0.0016155617571580203,0.0027955059773023573,0.002446996551873105,0.0014717768783608098,0.0001635179556085416,0.0007311799140103472,0.001617762476955581,-0.000684500669613787,0.003498478212098209,0.0011069451521732027,-0.0005598435830658016,-2.2455445197539967e-05,5.020113348391256e-05,9.168756230587332e-05,0.00020666376579445497,-0.00015166664303508946,-0.00027828913605747207,0.00037483454022242956,-0.00013666965501379536,-6.451593807393747e-05,0.00023968854540776203,-0.00045670027163580965,0.00039856040656275276,-0.0002595587375171181,-2.6774607517477156e-05,-6.0030723342090665e-05,0.0018427487737633196,0.0009666988779563913,-7.60431443658762e-05,-0.0007205445647929919,0.00015981926333987606,0.00034305875785359686,0.0013254500737137382,2.406144195850938e-05,-0.00015941663632602825,-0.00033653355879018906,0.0006660344553153622,-4.397094084933293e-06,-6.952055490964436e-05,0.0008465783914000792,0.00044190053715271863,0.01623950747871257,0.012030096885392808,0.02697178542737922,0.0014901929448282256,0.002805922812122115,-0.006622392086683857,0.009979593178761868,-0.05062954430146238,-0.014615469232887124,0.0005828369873788041
T2EM55FZ,2.2227586910904028e-05,0.0021053558976518493,-0.001998467404383506,0.0013570901561800765,0.008614658051391581,0.004349075796395323,-0.001031332565505309,-2.4050243175749976e-06,0.002940128595200568,0.0019470135130276896,0.00019061946096430535,-0.0006031294345804904,0.00032587727842374833,0.0008748364887675709,-0.0003563580369263526,0.0008210518537128411,-0.00036510354951437246,4.824845804041165e-05,0.0007762348118861498,0.000689070760057613,0.00033417033351475467,5.898892943932581e-05,-3.48708018254128e-05,-4.967493390744563e-05,1.6349940728065483e-06,0.00021074640555276324,0.00018333807670882984,-9.436315076734398e-05,0.00021846732139088447,7.881514502590097e-05,4.317597635633648e-05,0.00011625823193481011,4.1042414395825554e-05,7.047005122492763e-05,0.0012796322419700848,0.0009255873353243932,0.002315612774815064,0.0016800853460225177,0.003743780733908734,1.7952880572408343e-05,-4.6526277794734076e-05,-0.0005105461618052455,0.000718254821024937,0.001617845534881766,-0.0003350337597519286,0.0004550030745512162,2.0863348485706702e-05,1.9776541419834382e-05,0.0002079536334068361,-0.00028441559770973505,0.0008303493999050451,0.0004428831925967901,-0.0001987897731528372,0.00023171960497634384,0.0004847766784160878,-0.00035728953986636185,0.0002702615269295016,-0.0004548265877453456,0.00024783612212918944,1.316499790187966e-05,0.0016245963812330467,0.0005010708073357908,-0.00044493096372542033,-0.000367643721197734,0.00011610972768683624,0.00026255407658754324,0.0005098457499866791,0.00010018122782344457,0.012104331897828209,-0.00040615694736562444,5.356084941924095e-05,0.00012559207470686336,7.347922008965054e-06,0.000966480083599122,0.0006243273771042418,0.002007046548278603,0.005788079436042001,0.016072739761635212,0.013146636658928302,0.010508478802174778,-0.005483214992443713,0.01343815351972826,-0.053436422351559654,-0.012652376190469062,-0.0016095050406574319
KDQL1O1A,2.7951223301230666e-05,0.001967515703461808,-0.00035932495276083095,6.6607846229333e-06,-0.00018720893025434574,0.005056087017767289,-0.0020258828865433146,-6.01721766349082e-06,0.0005215123933826536,0.0007359527885016358,5.676067313100184e-05,-0.0006766794855516624,0.0013809634682698142,-0.00021878702233337562,0.0013140034228053092,0.000519813736802959,4.051327011883721e-05,0.0029934457055911553,-9.487337571447126e-05,-0.00012573760008210698,5.377747046413526e-05,3.2976610980979566e-05,-0.00012041707968191948,-0.00010104962288456328,-0.00014112647917365113,0.00012854167769759073,3.7971605519493405e-05,-2.6276011329501756e-06,0.00018495948742236823,-2.7183520101231526e-05,-5.494720653793386e-05,0.00013265640307735487,-1.97578422946733e-05,1.4958322497815895e-05,0.0008617080466901453,0.0001679266668851427,-0.0014453143530275317,-9.825988375306987e-05,9.62324599810299e-05,-0.004335027747693311,0.000510295960661832,0.000623147003229102,0.00018342794464585975,0.0004204243605309796,-0.000666255510793102,0.0001322067808467102,0.00011291385604227561,4.4330071338930115e-05,-4.316269909714095e-05,-0.0001433122660701688,0.00025885880226065417,0.00013657242347247603,-0.0001629648174919256,7.484279171727987e-05,0.00040959278068767696,-0.0003108312892193481,0.00044679320099908973,-0.0005311078618899053,-8.885429132168777e-05,-4.8286437025808145e-05,0.00136785113644558,0.00015163436768468876,-0.00017162735081659538,-0.0007902508404386389,0.00016809096973735446,6.873051510305853e-05,0.0001423512639828862,3.26221905727403e-05,-0.0002293516045507059,-0.0003652599264436314,-0.0054512037539434744,1.4936270044472563e-05,-9.885819900459044e-06,0.00029519839482555283,0.007125035225000002,0.009564191471607647,0.008477795708167932,0.005928719822909245,-0.0075498439531940555,-0.00511090070091163,-0.006051537591242152,0.0013926145982378038,-0.04578384145999142,-0.019812391390286125,0.005425217135150691
75HKH8PS,1.671626543596127e-05,0.001291707328888876,0.012027236655821021,-2.356897105064892e-05,0.0005280092040364558,0.003548212864182356,-0.001185403802410495,-9.324724456276809e-07,0.002518543163516246,0.0020191336620273117,0.00017083996721350958,-0.0006995251540161707,0.0011668144998601374,0.0005972683484459731,-0.0005211673943194493,0.0007309334312851697,-0.00032592295617484647,0.000153204562382334,-0.0006357310400181621,0.0009107772075542678,0.00040397274375076253,3.8841844820641825e-05,-3.624385047315733e-05,-0.0001466045146749823,2.785903915687705e-05,0.00017871129497186065,0.0001698281572929409,-6.860690450759943e-05,0.0001446708401061796,4.129654167872558e-05,-1.6794469361036367e-05,0.0001260073326730032,7.180815519208628e-06,4.5141423746992045e-05,0.0008084887476117956,0.001679901974257123,0.0006166043431958415,0.0027202364929203183,6.992098801183394e-06,0.0012889025784557087,-0.006311332896801788,-0.004897490522524379,0.0004000379673738307,0.0005763207607075712,-0.000377288892600498,0.0005015223697068976,2.876096964197412e-06,-2.7680699281659114e-05,0.0001320234504998586,-0.00014506362460429067,0.0008111762855664852,0.00047230364425050573,-0.00020432151589231106,2.0323359238681068e-05,0.00015994515311969974,-0.0003745792134880602,0.00019785348687033092,-0.0007400124233820036,0.00027629316680651174,0.000147724913336142,0.0019323599911051054,0.000656593491632169,-0.0008657477827625433,-0.0004707565160589349,-0.0001006948884641444,0.0002995917422152223,-0.00018204424223668397,0.00013759152932246897,-0.00024014568962158787,-0.0008353995478157938,0.00033507548188102884,0.00019715435024601668,-6.233520206828531e-06,0.0008790125620388131,0.00796233695341902,0.0033620050363630397,0.005937082279283634,0.003494602876067498,0.016155794813182602,0.013779592532994172,-0.004282051514578395,0.013140365167931253,-0.047906295104187264,-0.0022179750125001416,0.00246588310461617
NK2CHYT1,1.9847331490859164e-05,0.0032033753574376303,0.007100215114141639,0.0005071106163490598,0.00020265214849397232,0.0039107533987630975,-0.0023765188910013692,-1.723973026066042e-06,0.0002956914002677463,-0.0009754273472787151,0.00017606739316890693,-0.0006917349317409881,0.00017283248807131875,0.0009039195048738144,0.0048424704874334805,0.0009142841093802935,-0.00028481083908043657,0.000387436230149624,-0.00010227568738388942,0.0008531681399515849,0.0005214327153682773,4.997679447664033e-05,-3.382928667223966e-05,-0.00013902651532378123,1.2168009545320805e-05,0.00020017152694793976,0.00012072022021458228,-9.678949393016532e-05,2.8187959972471774e-05,1.6495504933106432e-05,4.6251773931754466e-05,0.0001319713744977812,6.534435644876526e-05,4.295880628463352e-05,0.001716429850176446,0.0025892705647258523,-0.000805339072561247,0.00330734181827645,-0.00027259507510205233,0.0008195465620418582,-0.002627872031407793,-0.0027171385478884703,0.0001865235029250487,0.0008730120699612747,-0.00022240178813541874,0.00033149365797871885,-2.3304736609200333e-06,0.002618487234857257,0.00011568023937953344,-0.00014592658170802016,0.000492804355274362,0.0005537130589361978,-0.0001825394317510745,2.106983889504898e-05,0.00035871011939032574,-0.00029735986263748534,0.00036161587397528616,-0.000698766232327504,0.00021340607694799024,0.00014753150188205724,0.0029129819449397274,0.0007300487324053324,-0.0005599310332707781,-0.0003450223458627049,0.00011518822505914966,0.000505953329158331,-9.623684860743148e-05,0.00012930239959067514,-0.00018301711273508117,-0.001078371863985662,1.100937515968563e-05,0.00010041063661285246,-3.5024842901459136e-06,0.0009609393236880185,0.0040699736307278,0.0019515562445634265,0.009168854668661464,0.015849260304076164,0.01777665514780546,0.018114498913833776,-0.005314643596705636,0.012295356080710433,-0.05166576187597516,-0.0034780473262236654,0.00026451186597299935
0WGAPLOI,2.4431485227494683e-05,-5.030350905433761e-05,-0.0026619956377839883,-0.00038894340918929106,-0.0017758224668096725,0.0037208974785101273,-0.001986893252885429,-2.8143005709054897e-06,0.001519123516541772,0.0007413139518021226,0.00017845228057100198,-0.0009521612532698597,0.00034402585266934846,-0.00705410415001998,-0.0008653767852635846,0.0002245427267680426,-0.0006544536826985758,0.0006184293027149004,-0.0004562638848381173,-0.00010449223536285911,0.0001467611928321723,2.5034919835550797e-05,-0.00010013821625147836,-0.0001029777281944471,-6.331317338637392e-05,0.0002456307432205592,2.777778439608247e-05,-0.00010555996661595858,0.00029192210257718797,-4.686766823281023e-05,-5.868872583309451e-05,9.006779793614559e-05,1.0865244749776286e-05,3.806829851295473e-05,0.0008007008184152943,0.0005402750363812065,-0.0017175581479008757,0.0006471383794104754,-0.00040953328765011636,-9.95032730488031e-05,-0.0005393660981035137,-0.00324842957060379,-0.00011583363095148354,0.00017024331030243968,-0.0008268423825781657,0.00020509177997663527,1.511689353954926e-06,-6.071077656609815e-05,0.00013365806230026305,-0.0003567495960300912,-0.0012488989557166924,0.0002576597065424321,-0.00022830021978493154,-3.3003419830040655e-05,0.0002982616093284349,-0.0003827253980744389,0.00022399569936651964,-0.0004769569900395862,1.464128887579254e-05,-0.00016754511090190074,0.0018578199283815788,0.0003716694698212424,-0.0005581123576791424,-0.0008872053571614315,0.00017789229782154195,0.00038694923888903094,0.00020773592976576846,3.7448768838790645e-05,-0.00037020779543824836,-0.0005867374989820352,-6.41582349852457e-05,4.597585472027504e-05,-2.3445740839737284e-05,0.0007790214503480098,-0.008073776726634967,-0.00022199032249716768,-0.000957198896675375,0.005835381496717445,-0.005608339735648101,-0.005490639477359585,-0.007407731961533052,0.017417889528131385,-0.054801055866764786,-0.008154793849477674,0.00038139581774794496
GXPA5D3A,2.3541810069358926e-05,0.0006715718836961747,-0.0017134172901800862,-0.0002858879600047844,-0.007241964579335584,0.002338665290539656,-0.00047093604811754,-2.579378172318771e-06,0.0015527631659462665,0.0013737219749690491,0.0005683247242745324,0.021441220621249375,0.0008228060485545454,0.0005771542542722182,-0.00010645689328494055,0.0007208584017823259,-0.000631628205565158,0.0006166860531396932,-0.0004424239303246477,0.00015064420799091403,0.00010216545521042085,3.0673856387733313e-05,-5.941110358548948e-05,-0.00011929432899058964,-5.317636721861661e-05,0.00013989183530475387,2.3052713031554606e-05,-7.614129688954997e-05,0.00040155652728035443,-4.134489341386989e-05,-4.617986106168439e-05,0.00014043609739383296,-1.2227304582722233e-05,7.786333272878597e-05,0.001376574172129914,0.0016023611485391168,-0.0013694533451311106,0.002077588739090401,-0.0002665842878078038,-7.696681196054488e-05,-0.0002912680898175267,0.003396253838695019,0.00012721857373320533,0.0018195522760035673,-0.00021987317673279662,0.00028143230437814294,0.00019439641521197892,-0.00012586498132591053,-2.519359693361399e-05,-0.00033476530217729745,-0.003241056584216345,0.00039969649388669316,-0.00016061847753708446,1.2090750737784394e-05,0.00045822428625405184,-0.000369570879670402,0.00031801547351110765,-0.0004175572693523649,-6.966237158223011e-05,5.563026964285794e-06,0.0012174759682914396,0.0004324078557397751,-0.0003506601512493811,-0.0007083097805018831,9.119041290973457e-05,0.00016592852562288495,0.00024252677885129811,7.045161817172226e-05,-0.0003674741993989686,-0.00030499709153243863,0.0002650537727562582,8.884236680631961e-05,-1.8746137227463418e-05,0.0006874349075322962,-0.009347922702684816,0.011627381066747896,0.01069520782303493,0.00025320821962169317,0.0009969911579528975,0.0007897152898298536,-0.005858771218415061,0.01914790577874133,-0.04060157964041273,-0.006848764590716364,-0.00034241448870550497
8598PVIX,0.00010393419266613788,-0.0005429350696796941,-0.000989182363577171,0.0001335373178805676,-0.0001997014243815505,0.0023565474435640016,0.0020017638380708334,-5.773065317337903e-06,0.00011595199677714851,-0.0022403065315548033,0.00012367640241885483,-0.0008812762204616299,0.0013134385836391653,0.0009053469720726581,0.00011739968558665841,-0.0028534833972115492,-0.00010764657546932007,0.0002648282754053161,-0.0002735839612742119,-0.0006967845793541567,0.00012074670272388392,2.861749634013721e-05,-7.108740388883766e-05,-0.00010843350177085147,-9.393715476588246e-05,0.00016197661900082934,3.25165216317505e-05,-5.104448291093463e-05,0.00018534152417088926,-7.211363414641912e-05,-3.906702759400806e-05,6.330524756893256e-05,3.667648624349897e-05,-9.569290193454811e-06,0.0010469291346025269,5.8404990591886423e-05,-0.0010136779860164032,-0.004961688171814126,-4.004933497085838e-05,-0.0004335457022430467,9.712176587323487e-05,-0.001300401270680039,-0.0007499093632017168,0.00010940992843970941,-0.00094773576096137,8.065371092869458e-05,8.401031761759594e-05,9.14296715687052e-05,-0.00011855106722894356,-0.00014247649218047595,-9.518774595478779e-05,0.000313763865347124,0.004059284963781676,-3.4480814498714583e-05,0.0003166046749660137,-0.0006352534173455584,0.0002364177612687588,-0.0004993482879748166,-0.00017185820514817063,3.056339236869197e-05,0.0015077110615864637,0.0008205481837675342,-0.0004173258662196385,-0.0009144322777247005,-4.369507201543102e-05,0.00012742637658834407,0.00012281719769464426,8.079589509793757e-05,-0.0001235191891184978,-0.000339732051130356,0.00034382839917810525,-8.008707120040746e-05,-3.09864570527359e-05,0.00047900294333145274,0.0017112484135802294,0.0033266971066322638,0.0025190615016893697,0.006896649557939418,-0.015798226707340487,-0.013118834928908722,-0.007057207012508941,0.025561107277594936,-0.04084083825107763,-0.00902688236041368,-0.0014667926171786918
VKM2BCMV,1.450312248270359e-05,-0.0023270939230135134,-0.0022966574121899824,0.00015988322225220456,-0.003152210059783042,0.003953647737882014,-0.0024348912808384113,-1.0003983149531425e-05,0.00042970203719453176,0.002246273729065362,0.00021510625376990145,-0.0007714864834464261,0.000191100975159031,-0.006952101946119472,-0.0008528771528354255,0.00047706839641900063,-0.0005216126744446491,0.00048761881513115517,-0.0005702420739810079,0.0005987203668859773,0.00012764022952229808,3.9413157493307557e-05,-6.393051735093354e-05,-0.00015672958070692906,-2.130869197616068e-05,0.00016915522629635065,0.0002491190419250587,-0.00011307302532955285,0.0002732324906507286,-9.203555175970874e-06,-0.00010749299496428866,8.793260579049758e-05,4.864576431611245e-05,3.67445697807676e-05,-0.00045886056824746157,0.001307386431239864,0.00010565266719061219,0.0008349490276278757,-0.0007868194886474227,-0.0002773715307066789,0.0009283201441285244,0.0038518749931399704,4.508759594614626e-05,0.00042064893645276605,-0.0001161715637058235,0.0003262776758830938,-6.986155552220461e-06,-0.00015242100638325376,-2.6963736690506533e-05,-0.0004990623684589825,0.0018755805794270187,0.0005629343759602643,-0.0002565646082473385,-6.525866100113973e-05,-0.0001996439802877829,-0.0005201404482722807,5.6664265002525286e-05,0.018038050199947083,-1.6241364820870862e-05,5.000305571219304e-05,0.0008858890774534605,0.00039041931515243174,-0.0006532303467713505,-0.00040799320284903737,0.00020583294887170845,0.00015375938317087006,-0.00022399036323111264,0.00012048215232727516,-0.00032772302688794893,-0.000510860331523193,8.318957491826705e-05,0.000102669719204107,1.979023202653934e-06,0.0005048905720922965,-0.013471688659815776,0.0009404296881554173,-0.005535148759181524,-0.01857978721901609,0.010329055833446952,0.008096796491673641,-0.006739379118128111,0.018047128460902156,-0.05529617429588153,-0.0114359601007609,-0.001228249559847082
9N7LHW38,1.661270810433766e-05,-0.0005214021287234555,-0.0017295358496375477,0.0008321773543617054,0.0007497360939312514,0.002778806180124112,-0.0007580640615109466,-7.919589048996234e-06,0.0012115500660802906,0.002248950272542133,0.00050820390617322,-0.0006938668989580413,0.000639395773031855,0.0008952110423213778,0.00020572072143266938,0.0018209783768330591,0.00831755414126631,-8.634315193991732e-05,-0.00017321202146028657,0.0006244968069694727,0.0003059318572839059,0.0002235939579967905,-8.028635371286543e-05,0.013668123893001715,-8.227261904248442e-05,0.0002013019623922818,9.179000359689923e-05,-0.00010772783476514676,0.0003245391646883898,-1.6914256389482085e-05,-9.527034650433017e-05,9.5703795978623e-05,2.3751149957361554e-05,6.189402308812356e-05,-0.001296198212396664,-0.00012523006530975738,0.001112753914586036,0.001011648349977232,-0.0008425827942435994,-0.0008526927766100567,0.0004144322852707868,-0.0006031082402932,0.0009780970547691359,-0.003436925038191512,-0.00015564996810439594,0.00023822902367964696,8.196745803206788e-05,-4.785576363136848e-05,2.8356245638504624e-05,-0.0003451072368224979,0.0009191404314681851,0.0005168980271441127,-0.0002671140381545328,4.93076055037411e-05,0.0001860685261996369,-0.0004834860634938658,0.00034574641247784183,-0.000737654130608283,-0.0021743738979807456,0.00010837551349327426,0.0011493933233444656,0.000328689459593335,-0.0003707327663242003,-0.0004786304619404638,-5.485476860250025e-06,0.00016861208714800965,-6.343314612760419e-05,0.00015588005561382816,-0.0002796283408954594,-0.0004211234812190912,0.0003876990214678281,8.436071182521813e-05,7.948291898149062e-06,0.0006606924048755629,-0.006945493776390153,0.007145942366019604,0.009828037426163012,-0.009396158514709587,0.017715520260170155,0.014158479028760733,-0.005889060924243929,0.014449576784774737,-0.05732013120716159,-0.0072279164979204055,-0.0004077830804749673
BKMYW792,1.6761020825696444e-05,-0.0014501521109056886,-0.0019203401432286546,-0.00038265536097815663,-0.0010658260108439147,-0.014190573187023336,-0.0018439458265060425,-1.0204037756888794e-07,-0.0017977790657768037,-0.002598583305425122,-3.7762579119061396e-05,-0.0010565522892564422,0.0012317507737982525,0.0003665689669527709,-0.0006126724071665263,0.0004853777924529657,0.0032787149839370567,-0.00024255323489186508,-0.0006278881545625978,0.00034728240541982025,0.00019299948301325863,-0.003676831516884305,-5.3406888988678065e-05,-0.00024681291395128955,-7.547781413061259e-06,0.00013936306290884406,2.172864890038049e-05,-0.00016661302300035553,0.00017660595394356334,5.9552416962897594e-05,-0.00012755879278692956,9.017251599977084e-05,7.192583749334898e-05,3.501446102100519e-05,-0.0034649384873069312,5.2960795513942664e-05,-5.455613695004568e-07,-0.003545121907252716,-0.0004207249487009705,0.0004535578024021152,2.196707566264945e-05,-0.0006798377262815389,-0.000907870682746068,-0.0015128870261694517,-0.00048188601123493784,0.00012347400018536089,-0.0001538180698485413,-6.085857680702367e-05,-3.779892519404095e-05,-0.00019817849675103335,0.0001274491784814137,0.0002490336576673229,-0.00024350469425961078,-1.8557827209744886e-06,0.0002824928587892664,-0.0009872117935664944,5.9253760734147846e-05,-0.0005477167103594751,-0.001764284818367661,0.0004977052228676185,0.0009920245177533096,0.0002127402542022836,-0.000547576188809281,-0.0006818724428023151,-2.4651922888425866e-05,5.395270848221896e-05,-0.0002707846521727164,0.00015392034475151083,-0.0002608587174528501,-0.0004690459091774218,0.0013683029781467449,0.0002580499815435447,-3.951945526491687e-05,0.00043341242443753193,-0.009754397561125379,0.0013250195654133546,0.0005495548891914307,-0.005386942221380645,0.008560029444798107,0.0012441326360402962,-0.006626653639761932,0.0179780436944963,-0.05677126787631033,-0.013833657583123566,0.0006013242991300791
3IBBBGM4,2.151151991206756e-05,-0.0016003214868117325,-0.0005521584264401979,3.7967829631421587e-06,-0.00079387346128215,0.0028372886308932824,-0.0012546767570364866,-3.315662284871993e-06,-0.00012046277877398414,0.0012067027299041966,-0.0002535423607839897,-0.0007361114712720871,0.000262806061888272,0.0006450612830512584,-0.0001104808456394633,-0.002561869009719138,-0.0006023730632874405,0.0004768206754079473,-0.00020854646304253925,0.0006906154719950717,0.00016145450440386216,4.6052753472276276e-05,-4.323200622363204e-05,-0.00014864245574471697,-1.2483076344872836e-07,0.0001882456284542675,6.225249148999612e-05,-5.9368250076311104e-05,0.00022199162692351632,6.9823714175296965e-06,-9.532112496421478e-05,0.00010029433643808805,3.6762915123619554e-05,2.9079615478779793e-05,0.0007648748700340583,-0.00044356947930502866,-0.0008085871057714911,-0.005679191891553394,-0.00042409663817407793,-0.0005401544108906252,0.0008700767731544915,-0.001586621196099543,0.00019363514232166563,-0.005485850294832476,-0.0006681969702095529,0.0002146457882569313,-8.339140339581033e-05,-1.0871196216066667e-05,8.21910306313566e-06,-0.00024708595784401013,0.00055495302381021,0.00027204888379294675,-0.00023842425517291044,4.187458347807128e-05,0.0001780009962934501,-0.0005262654881118662,0.0001906757458337256,-0.0008942925414107309,-9.978239986464838e-05,-0.00011030153688173628,0.001971842019040768,0.0004014046149635687,-0.0006025519553840307,-0.00045796748956406744,-0.00013458605767399277,0.0002988951826786426,-0.00017648501655648607,0.00014981494442138014,-0.00017274501442202236,-0.0006505880773688803,-8.486366266869644e-05,8.517054039517251e-05,-1.8862030745062803e-05,0.0011798380267441673,0.0011946001502183945,-0.008173580567473903,-0.0025402739742306723,0.006686244671268474,0.007248720325972695,0.007560829400856301,-0.007117434636463638,0.024470689193560304,-0.04787902296306031,-0.00411682982697331,-0.0008458360120335575
T32P6LSX,1.9629549405426065e-05,-0.00013917313394957632,-0.0018213429618306064,-2.9503618107974172e-05,-0.00016542102377862128,0.0030884885470823845,-0.002197801577156489,-2.1428073955981872e-06,0.0015545926663653147,-2.9882762289149242e-05,0.0001674694994956797,-0.0008093311916129493,1.777285113613683e-05,0.0002692809818528622,0.0009699391008400832,0.0008131503002006756,-0.0004991354651779669,-0.00018250562229244727,0.0059566464207650134,0.0006188109862368904,0.0003015752658508558,4.768380718631223e-05,-6.037064251384772e-05,-0.00011595823042110166,-2.716235431118354e-06,0.0001339103465277028,0.00014070965488758482,-8.223471773998532e-05,0.00021435897122899273,1.190491336831895e-05,0.005444435502015316,0.00015484565032154447,5.653488325008216e-05,5.3761518991414476e-05,-0.0018850456760763864,0.0019388947877476926,0.0006896366448488634,3.0038827627077093e-05,-5.129018770975394e-05,0.0005150806675764621,-0.0038217722266191646,-0.003822322256676521,0.0001666456603459371,0.00010021496142924715,-0.0007752265085173389,0.00037826861508740735,-9.267763790358673e-05,8.742886616436124e-06,-3.741715796982217e-05,-0.00030266780191339675,0.000875606277277902,0.0004403822253988198,-0.00025767115367493476,2.4571760219789246e-07,0.00020851494988944423,-0.00039783251423189283,8.520324984783763e-05,-0.0014841708653350579,-3.612311220701202e-05,-1.9049978452351707e-05,-0.02333471210888399,0.0005020949923881733,-0.0006679499820693781,-0.00036128867342879176,5.962843160604231e-05,4.039110667850758e-05,-0.00027566311544661374,7.705189564216486e-05,-0.00035673069821696616,-0.0007317348560721593,9.894653694220741e-05,0.00015608700407324726,-1.9005807929705493e-05,0.0007892358063683293,0.003710661860113433,-0.003395275415446607,-0.0029603618402672233,0.0019417207579655366,0.00985302711115177,0.0073595189265217255,-0.00613716580914001,0.006504397032182196,-0.05702383974921787,-0.00973624445292954,-0.0005327351125682183
B944EMXZ,2.204562550949183e-05,0.00043946776624783734,0.012244115354355989,-9.945597242441636e-05,0.0011159157917920415,0.003225964792163545,-0.0011953738397947578,-3.1475860479291206e-06,0.0013171362353849622,0.000778382165389066,8.518006334014761e-05,-0.0009747584212655543,-1.405917758957968e-05,0.0009161984872785202,-0.00036453791105047444,0.00011775302729752115,-0.0005473630027919911,-0.00465428894184291,-0.0006727040463337449,0.00034081692273956854,0.00016495239530061126,2.3554287498210302e-05,-7.659360941547693e-05,-8.707951215263142e-05,-4.7246859577809554e-05,0.0001735570923678688,4.4219749266486235e-05,-7.463666049766349e-05,0.00023398377168880652,-4.08998090055933e-05,-4.760668781556322e-05,0.00011046697965459205,2.723314381543649e-05,3.3341316580978925e-05,0.0007866208959540263,-0.0009696886011047144,-0.0014588732550530805,0.0010722395637035248,-0.000496909106049676,0.000534763422015798,-0.00015765005444696103,-0.0004106353993653986,-0.000664101294900042,0.00028766921568384893,-0.0006207609117680041,0.00016969014407595506,2.0527352061270702e-05,-7.080888384438173e-05,-4.876068322609399e-05,-0.00027699869424951566,0.000263690413655811,0.0001310702232798623,-0.00022729406398728803,-3.857085117997623e-05,0.0001418423653173499,-0.0003246113611946294,0.0002367050286906812,-0.0009981516106648421,1.1888024336743448e-05,-2.3601890012966812e-05,0.0013667121871953035,0.0006103072562071556,0.0075449215245086175,-0.0008576927517885754,4.5058913159561395e-05,0.0004838944990179714,-8.794036585750467e-05,6.563303067273775e-05,-0.000355565526092876,-0.00031264182534895027,0.00032100716527891826,2.7422260673732565e-05,-2.210845328744751e-05,0.0006519997338583977,0.00531506045097106,-0.00454465283435597,-0.0034465543207070843,-0.011976901044416715,-0.00792485639108004,-0.011683534178544454,-0.00672416295528374,0.01656118831397783,-0.051731958003466486,-0.0053422071239306755,-0.0003387217742253471
DOY7VMYB,2.22779814156175e-05,0.002204615399355538,0.013277855185531541,0.0002749778875949324,0.0005919039684377356,0.0028530557971856055,-0.0009403301788818862,-1.607718699851959e-06,0.0007667298870914642,0.0003350502484848588,0.00029602414504756596,-0.0007131908954978226,0.0004572589698219927,0.0008619491953975599,0.0004277774789202239,0.0003928032702140082,0.008663260309249835,0.0007181491099883782,-0.0002933659624306879,0.0009095745180634295,0.00017219433432732637,3.0425863220752244e-05,-4.686482138655854e-05,-0.00010495957300091077,-5.373097647558542e-05,0.00021562199211616333,7.401180654482788e-05,-5.8877745160850795e-05,0.00039013175531146793,2.2019628235662152e-05,-3.464039854862635e-05,0.00013839898684115664,3.371931738906752e-05,6.4147179875469e-05,0.0014018046363956762,0.0020630286827072524,0.0006332217621449817,0.003172353877201016,3.538122387099418e-06,0.001085262498025826,-6.800715605172067e-05,0.004354881519625075,0.0005339490185531467,0.0008443482333129872,-0.0004161287719509306,0.00023905364416834226,3.4624859718569026e-05,-3.8135904602583426e-05,0.00020362509082830126,-0.00021523998845609623,0.0002298721133456245,0.0003352081578412053,-0.00022902260744495667,4.301730610139853e-05,0.0004531378674745848,-0.0003672943409113958,0.0002690198480337112,-0.0002554637336048718,0.0002106260260055415,-0.00015762435298893082,0.0015054591782502971,0.0011044586757862022,0.010865682781802964,-0.0007710525626051321,0.00018493750795160188,0.00034736048703906143,0.0001782845152539639,0.0001080364601652774,-0.00033671188093079235,-0.0005629764304440454,0.00041313794551289655,0.00015872124949751825,-9.088046766077108e-06,0.0007768676374935712,0.008145642706201845,0.008244914104953397,0.0058435646914517065,0.007547039969706215,0.00036388956278773433,0.0018180898524376046,-0.005115187946828402,0.01391206027751213,-0.042533491934341444,-0.00854791144072604,-0.00033926298230830214
QXWLE549,1.9096064813174326e-05,0.002794519433715206,-0.00013541821982092188,-0.00020662889483452022,0.00033403177140813327,0.0038189412354867444,-0.0013957041657841362,-5.280204222936837e-06,0.0013174495089539966,0.001130656048245671,0.0004535587273490433,-0.001136649086808569,0.0009106288947408983,0.0004742367919612343,0.0014921100965736385,0.0007156656197174478,-0.00020039797955730671,0.00034284384556506763,-0.00024073958971096714,0.004627218727998818,3.5601458352616366e-05,2.0775382067420538e-05,-6.264322007553637e-05,-9.222208161057341e-05,-0.00011767977932755343,0.00012976335843930368,5.308278058585717e-05,-1.4884017690830465e-05,0.00027656859888517424,1.0614948396219704e-05,-3.7181160623578025e-05,0.00018163187754163552,1.4312937393254695e-06,5.3246853081728445e-05,0.001616918424461369,0.002865013761586366,-0.00034935797632465514,0.001995582147990964,0.00029788499422548324,0.000608010120585898,0.000960011051035155,0.0022171460350081875,0.00019617243939146653,0.00174694255677118,-0.00020127612483201011,0.00014065192569236742,0.00015873992628062506,7.303969444461296e-06,-1.5967773478866596e-05,-0.00019089580048640547,0.0010288087764613245,0.00013752549653937176,-0.00013430479652962974,5.59115607764717e-05,0.0005103939350139553,-0.00026566854488956293,0.00038369139980560824,-0.0002796126114788636,-5.038023010665743e-05,3.218245635464193e-05,0.0015815995707796002,0.0005186170783948981,0.007176482458636753,-0.0006260010673430488,9.176364016198601e-05,0.00012008597691388178,0.00016299260470778164,9.70844304674701e-05,-0.00022532368864138175,-0.0003738456993140238,0.00035671876584479395,8.60998455154648e-05,-1.1242569963828189e-05,0.0006393367916072171,0.006774536617637492,0.013324792282369831,0.013225890379331877,0.008376049069055366,-0.00574848230618392,-0.0013131884913435113,-0.0052467765360098804,0.003521083099940201,-0.04429206226066558,-0.004507441403698912,0.010757968810052218
R0R0V2O5,2.222740560716251e-05,0.0009819466433153268,-0.0009287444170960073,0.0007937455070946465,0.0006793388463081906,0.00415453023470341,-0.0016971919958630901,-1.0924899355671073e-05,0.0006569935195474519,0.00175472775600851,-0.00490077006866219,-0.0003689138489595792,0.00037441583141918785,0.0006796800659344432,-0.00031544615950588223,0.0007472097323878374,-0.0008024380273538332,0.00028309999599849395,-0.00048311576008704875,0.0006790014626425047,0.00026857389921810057,7.472679950614685e-05,-4.2842724408040505e-05,-0.00014413547100060927,-3.0209872140764486e-05,0.00018811820132951117,6.508236528580202e-05,-0.00012480303686380613,0.0002442653909049126,4.132070440518822e-05,-6.020550716250915e-05,0.00010234520646237847,4.2891458411507145e-05,4.920121011288561e-05,0.0009802309097344533,0.0006449326234334075,-0.0012385638348091073,-0.0036679045672788637,-0.0011607141584864418,-0.0003312422865744508,0.0002874016720510039,0.00012757914914634974,0.00031218490099448845,-0.005991462720311049,-0.00021144964252927843,0.00038930562786247387,-8.476371783837876e-05,-3.708630123956034e-05,-6.41459555961111e-05,-0.00038325348876963795,0.0007422501274743765,0.0004312111785490608,-0.0002670101522555668,7.705586375817356e-06,0.00026943071674636975,-0.000596005699432139,0.0001089502606227434,-0.0005716258039786625,0.000179729976582424,0.00031009509354720864,0.0016260949747540852,0.0005350218899690285,-0.00045630353423494125,0.01268965678109452,-1.5209881643319456e-05,0.00019286008367357232,4.131867595459306e-05,0.0001445109597113505,-0.0002592937483679813,-0.0004078678399892016,-0.0002888807746728289,3.1713431698186685e-05,-9.335648687028058e-06,0.0009688526045671812,-0.002755624571626569,0.0015827956579718208,0.007448596963143362,0.013535472067029989,0.0002811082039252977,0.0038764007631889447,-0.007736542335548055,0.03014943673827397,-0.047650310240443604,-0.011561676493278165,-0.0009165521241778712
D3O1PCMO,1.8326028159260687e-05,0.000869475345707846,-0.0019153312163701192,-0.0007010131729311454,-0.0005826270011697008,-0.016595349427059324,-0.004553539075496449,-4.870006131683847e-06,-0.001020104631670489,-0.0007786812126125397,5.073382019252774e-05,-0.0014364604180531443,0.0005809134457977398,0.000246403257460832,-0.004371577938746311,5.0747422566935206e-05,-0.00036241418335289236,0.00016875700981989358,-0.0005709551488794876,-0.0003526124307358828,3.8431820838676095e-05,2.6602205714700642e-05,-0.00016685296992646523,-0.00012335223100828362,-0.00016327821963331698,0.00010159813298010953,-8.114170913596634e-06,-0.00010840412555068434,0.00027130652964169803,-6.542897894023859e-05,-3.944169461720177e-05,1.0868183297236234e-05,2.6809392942741032e-05,1.819204816196547e-05,0.00030993614318262664,-0.003884928524342772,-0.0017267310664448143,-0.003177073892516776,-0.0002526560992523257,0.00020192128664600967,0.0005404744224095589,0.00032142495068016367,-0.001064865245601955,-0.0006854232125332752,-0.0006163933215740302,2.6977942028931694e-05,-0.0001604857808495155,4.452527884176958e-05,-4.6456584037716305e-05,-0.00019661314891672985,-0.0006682298856829676,9.936968727988714e-05,-0.00017617151354898606,-4.582681785720642e-05,0.0006767077282721638,-0.0005859758868934404,0.00011559423431284656,-0.00047195681201791297,-4.095846151031333e-05,3.352347131338094e-05,0.0010352168501314661,0.0003614782111535595,-0.00016391376682115433,-0.000777359062996226,4.211485398809599e-05,-0.002353520664094668,6.847728188707162e-05,-3.6263927865757478e-06,-0.000271920987660113,-0.0006827796307913117,0.000641694157638096,-6.847628756127553e-05,-5.331384234713063e-05,-0.00016190791217595544,-0.012147913969178725,-0.02198068251227959,-0.02193940596966883,-0.0001355766877883075,-0.03457957708830111,-0.025530971325321554,-0.006955601161684285,0.023078245837142183,-0.043649299495867835,-0.007583055429819668,-0.0009539709370242464
G53492IF,2.3028837572297276e-05,0.00040062099364841726,-0.0017480362348922345,0.000595753661627493,0.001080099193775167,0.0033542149158994894,-0.0007167196087807923,-5.479107711237283e-06,0.0005851847301395097,0.00045493699954952705,0.00019739469360680113,0.0035950066258574834,0.000290558371583368,0.0010543113880496864,-0.0003284054095623519,0.0010539522909478298,-0.0004893214529526037,9.302482301928365e-05,-0.000359862185159602,0.0004879646447171806,0.0002707127474807277,9.375715567806539e-05,-4.8267885778551016e-05,-6.726181999953337e-05,-3.031423090411901e-05,0.000175043338212967,0.00011910357733067666,-0.00010343569687782688,0.00022962963381652367,3.248920216862006e-05,-6.498141890325463e-05,0.0001310811481042362,-5.405141075309152e-06,5.4086954073445224e-05,0.0009760107449797281,-5.546538667797148e-05,0.0021383854827759586,0.002508074967809708,-0.001199890386735915,-0.000247369982823806,0.0006332594750604198,-0.00026954899321848845,-0.0033410751885995984,0.002017699459309648,-0.0001301379466033268,0.000439253683449537,-0.00010668848947689716,-1.6982371444778115e-05,-0.0001479806874278879,-0.00035366407476338006,0.0005997717273826213,0.0006802823640311205,-0.00018872925928014217,5.482619593687559e-05,0.0005045938375742604,-0.0003774986695728417,0.0003008701855150734,-0.00046078965689976865,4.81043164579761e-05,0.0003608518163392627,0.001756971678087048,0.0003228313790425524,-0.0004836768036059193,-0.00036621443581590546,-2.4261123489140338e-05,0.000270330806455083,0.0033120239815655345,0.00011143391022249106,-0.00029811315898341825,-0.0006133229268765259,5.604445306703913e-05,8.051521484804576e-05,-1.410913962499697e-06,0.0006611615047529978,-0.004655056717913764,0.005984899293400582,0.0047414503717490685,0.020320402633088805,0.00653543083292641,0.011022622711733902,-0.006001857413462228,0.019907561257486543,-0.045701337804892626,-0.0030845873790105666,-0.00014469967625719632
KUH39HQ7,2.103067282653929e-05,1.398102493302771e-06,-0.0015748653936492956,7.394946519738707e-05,1.785012493164255e-05,0.004714467366126715,0.01221894412424376,1.0962750910255467e-06,-0.0009174511203622561,8.140534635695536e-05,0.00021323826759520078,-0.0008859521843995572,0.0006782651061447192,0.0006294486480411169,-0.0010396654891695614,0.0011720352577380435,-0.0002944669282180026,3.019593110213538e-05,0.0025180852847453395,0.0003273038043764831,0.0002600532567759036,6.489592490859548e-05,-5.2131963284013536e-05,-0.00012475941246667854,-3.1966969193606533e-05,0.0001561617242787097,0.00014377300989128309,-6.965778128267995e-05,0.00017070791742469107,6.817798482189867e-05,0.002635127601795033,0.0001311385546515917,7.137368010046779e-05,5.268012812340768e-05,-0.008119434592241213,0.002371529364298671,-0.00016650196921853412,0.0025805433039443686,5.364537912985702e-06,0.0007438525638420848,-0.0025100561452822737,-0.0035764039247905837,0.00011762699251546982,0.0003889398493019659,-0.0009575305251591223,0.0002588054284448151,-0.00011010547011222601,7.203621744864652e-05,5.4947566799420984e-05,-0.0003023074239705513,0.000582509055756823,0.00047008376477372627,-0.0001926416509508063,-2.5575808504595913e-05,0.00034767551171799755,-0.0004685168613051417,0.00015327133318094495,-0.0010341071846070521,-5.610538346197385e-05,0.00013325158003963422,0.0012167143250687146,0.0008276001745549887,-0.0005695178412901567,-0.0003405044313516485,0.00013214919982285165,0.0001370293158366417,-0.00024102426574062018,0.00015915223532289604,-0.000314151377700286,0.015034075377367975,0.00035000613871355034,0.00026011483769713696,-1.0840966079487425e-05,0.0010744009555453324,0.013048982163209448,0.0005531459985536578,-0.0012182172782423263,-0.012494222619148192,0.01359893779687555,0.006083125290331257,-0.00642671978892601,0.007052984737080466,-0.06090749984167515,-0.006410127711627646,-0.0008053606608673406
RW6QS352,3.597002251282506e-05,0.0011211352680925905,-0.0019118455263802828,-0.0001435962584419759,0.0003294535146317493,0.00205755951865253,-0.0005623302696919431,-1.9657607275979246e-06,0.002103840342425907,0.0009393457908307562,-0.003978324447127565,-0.0010891923230631217,0.001071556756529791,0.0009776478774618715,-0.00042093377080239193,0.0007515921056024539,-0.0003817242102086525,0.00017152639476791342,-0.001032386002256195,0.00021804844614829874,0.00020138189954871098,5.000017726989223e-05,-8.266926225313962e-05,-9.683531786830289e-05,-7.151934275074912e-05,0.00012419737957636564,7.513010459396442e-05,-0.00010700168292209974,0.0003583448141457583,1.6561014032649364e-05,-2.308700229414816e-05,0.00019505837031312797,-5.086088485301171e-06,7.739246649631877e-05,0.001358361623243947,0.00030511391978526285,-0.0012911673759027176,0.0021129583646550556,-0.0005578870165695202,0.00035568863700730254,0.002958486646873015,0.0001873704068237302,7.914928022937899e-05,0.0012483227912763251,-0.0005988366947014877,0.000229610913402441,0.00021953381094155084,-0.000120349458269653,-6.902967363723126e-05,-0.0005399565371649785,0.00048663851143345885,0.00023765633499521951,-0.00019539814775332092,-5.912495883053475e-06,0.00042122130232599865,-0.00041292826234908713,0.00038152302080543673,-0.00037175451033181654,7.40904260362911e-06,-1.665468722067639e-05,0.0015829384769886967,0.00040903775905934604,-0.0002541394384819938,-0.0007248985187267864,0.00043711704367544715,0.00011501883442654482,0.00018718202831293404,4.345484793569545e-05,-0.00038179127667759834,0.00743524832493601,0.0002897685476154781,8.029743403492709e-05,-1.419864549275726e-05,0.0004100131460247065,-0.0013774856065143404,0.01083900690491819,0.001930851911650178,0.007027898309169766,4.1730625583408774e-05,0.0027143626305385082,-0.0076262526535085,0.026699768907935236,-0.04612309276036308,-0.012575396399420156,-0.0007542903577885682
1374WYJG,1.849002688926474e-05,-0.0006405222318085599,-0.00273307926542314,-0.0002858235031859347,-0.0005391703296777757,-0.02337098614007341,-0.0028545522940483397,-5.958744062526523e-07,-0.0060820773491271725,-0.0057615741914617295,-0.00020941579161155142,-0.001701014533962908,0.0007162660009577634,0.00039490993067360186,-0.0007292465050798369,-7.741937016326203e-05,-0.0004007582810155068,-0.0025903564716224605,-0.0011135423164196612,0.00031465062068934137,0.00015213676466618363,4.769199625044698e-05,-4.914753688349223e-05,-0.00020812298172608374,6.537598902222766e-06,0.00017519391797403321,-2.803463748560115e-05,-0.0001638138439748197,0.00011227794949589,8.964684249066245e-06,-4.8575056885094855e-05,6.0831196199748255e-05,2.7948558153493216e-05,2.7054195276867e-05,0.000693818230854956,0.0003283344484511772,0.002218015008838178,0.002673680168626014,0.004426540300900183,0.0011992574693194822,-0.0005889963786852402,-0.0001534881050427737,-0.0012634135320557743,-0.0010590094658282057,-0.0004611004973533471,0.00012466982398346354,-0.000240988945241928,-0.0002264091920654502,-3.0904557915652575e-05,-0.000123971388180545,0.0002781468865383901,0.00018969238914416967,-0.00016807550743846064,-8.334375425262072e-05,0.00016897080114376697,-0.000985505108935785,4.588820795370537e-05,-0.0005303120551858124,-7.918839194796573e-05,-0.00011688047249891397,0.0007291433332233109,0.0005751937669847891,-0.000590468516015762,-0.0002262845528542405,-3.5564390399166317e-05,0.00011699185482308262,-0.0009064141253378998,3.7139056739406133e-05,-0.0007258999032395936,-0.0008422359213277218,0.0008533894944146575,-0.0035385341318773162,-4.581178675400556e-05,0.00041134125650116223,-0.010272998858513944,-0.010906651361889546,-0.017732844226958467,-0.01105784552631277,0.003916387572392959,0.0013871700801813673,-0.0062817714036157955,0.001805874222581085,-0.054636154403802546,-0.010590288265622992,-0.0016693982306857317
1T8R8X79,1.6386971111558127e-05,-0.0016125734988768068,-0.0019125787748419769,-0.0003646687604558072,-0.0010631645015070892,-0.014106870101696005,-0.0012178611329679394,2.102105769476066e-06,-0.003642093359823467,-0.0061267537854095356,-3.961805855404777e-05,-0.0009240675704855595,0.0011444363565230114,0.000420622807927344,-0.0006583726872227062,0.00044336590485221495,0.00616018948961492,-0.00011789214106796372,-0.000561174651396537,0.00024119936776259462,0.00016717569174713102,-0.0034370825918863725,-4.697402644031259e-05,-0.00026881734745909483,-7.713950469054538e-06,0.00012812967656034208,2.4037573598243127e-06,-0.0001715625598395829,0.00018008958259488038,3.717424341481116e-05,-0.00010797319598651162,9.760378268026955e-05,7.582171093774129e-05,3.4834529061269856e-05,-0.004074518517148919,0.00011754282232743117,-0.0003874119884109046,-0.0036635509118607087,-0.0002610716701137258,0.00033490849620310944,9.775679585358524e-05,-0.0005538797712413894,-0.0008876397897157422,-0.001969798837355197,-0.00048399562247904154,0.00011101869975392063,-0.00018776001926733328,-7.729808400566095e-05,-4.749722471539826e-05,-0.00015855741579032506,0.0001703883748193463,0.00023857767943149264,-0.0002732511601266439,6.528145800057723e-06,0.00028783391742895933,-0.0008696124840364369,0.00015833161970071853,-0.0005627657779948615,8.175453838362062e-06,0.00038595783425540036,0.0009012777535568208,0.0001766734192590752,-0.0005291171773694984,-0.0006209726552341294,-2.784689620008867e-05,4.3986451418968695e-05,-0.00027674290101822017,0.00013913954049461842,-0.00022481665813242773,-0.0003883244038329594,0.0013376706518588425,0.0002110427829215382,-4.1510296929655404e-05,-0.010762927282184809,-0.0076537297874901275,0.0027920282526712682,0.0018909986888524459,-0.004565061481472663,0.009854529387735305,0.0018469507900168009,-0.006470468570959052,0.019299665189352375,-0.054276695245565186,-0.01301480534629866,0.0013651205577028334
0ZXS3AIR,2.1253633404239067e-05,-0.004772029562041101,-0.0024324452494568953,0.0008381374905324891,-0.00015495140247588488,0.0025646205925149417,7.03518323147407e-05,-2.851674011271106e-06,0.0018649647476592006,0.0012937270194155804,0.00029594214670503293,-0.0008204651653671931,0.0012377570536836137,0.0006698829434630209,-0.0019189142392121849,0.0008482841271785032,-0.00034858898335659883,-9.056883415046356e-05,-0.0006667263789203285,0.00017966393172973266,8.610646762155323e-05,1.7061762594904997e-05,-0.00010432638452798689,-9.540068289472268e-05,-1.800397334519249e-06,0.0001568502930778246,6.318930171130749e-05,7.882651799013765e-05,0.0001668273024673552,8.498324152631807e-05,-7.262956666630891e-05,0.0001463788807558717,6.161761994680386e-05,3.781004003991712e-05,0.0012109928940486334,0.0011928869270048917,0.003488481296134218,0.0006538474357209261,0.00015676972726627215,0.0005068957979210913,0.00021713357169292864,0.0006142824622291943,0.0027961056694924455,0.0009766698681843186,-0.0006631526513591583,-0.005552105631638099,0.00015498329196248384,-3.1118269203765985e-05,4.087034290938859e-06,-0.00024210082920599578,0.00030768135403491637,0.0003911476662287269,-0.0001746988015188376,7.092389758107869e-05,0.00041473666997336365,-0.0003177908993700812,0.0004049392052583427,-0.0005765220490857427,-2.8830516551278883e-05,-5.263056963560057e-07,0.0016384307094181676,0.0005704101294180447,-0.00022998030151825016,-0.0007457197635274496,-2.4693806113791565e-05,0.00010800811040513538,0.0003155121313561401,8.232407970679708e-05,-0.0002836011831903164,-0.0003683378332616825,0.00011893392964588097,0.00019430030666387694,-2.120101861733412e-05,0.0004476433927004053,0.003626360939740001,0.019603683565791744,0.011169973508462015,0.014871235614139682,0.002951179053485225,0.0028015051398198984,-0.007413389326644914,0.03570231594467069,-0.038808720808775295,-0.010505697854202231,-0.0003764084023940669
SBTVPORC,4.153779028877298e-05,0.0010783191562394408,-0.001995656016754666,0.0005317072071298479,0.0035340953656720128,0.0045941565242950495,-0.0009107031870587825,-1.2901046531596305e-06,0.0026441793740645506,0.002023550528009392,0.00022961687026877765,-0.0005886882360544563,0.0007187186769532783,0.0012437036172459179,0.0005706422646471345,-0.000809197136780572,-0.000559735374727609,0.0002993207200414996,-0.00013858370502765001,0.0009137183497118526,0.00044693838052544776,7.971555615499638e-05,-4.327493133438373e-05,-9.996109229399557e-05,-3.926884315388732e-06,0.0002202128757539725,0.00027012736881508546,-8.862113776527016e-05,0.00026049842341964175,4.9522406794397915e-05,-2.80761396748591e-06,0.00011337036265951943,1.3642457916174242e-05,4.439812445885028e-05,0.00158774470108027,0.0010057244833998897,0.005265569369177593,0.002214242296760086,0.008242753525624171,-0.0004186915383409859,0.0009130374897298228,-0.000245497275293189,0.0012968715497848767,0.0020136155623987043,-0.00010974652489407252,0.000401975353899385,-2.9315048285021804e-06,3.0204794170699913e-05,0.0004102038741193985,-0.000300658652461304,0.0006640597311498679,0.000776082341210157,-0.00019597054338497824,8.828221920405158e-05,0.0003325526251251401,-0.0003445442060483647,0.0002663991602842121,-0.00047155546264316246,0.0001755534931828464,0.00016982378240313858,0.0018493839183293707,0.0006069074489918428,-0.0005053220277684727,-0.0003702387714828053,-2.0688351525360605e-06,0.00033227782631264,0.0002783196956589417,0.00014623926923447767,-0.0003996102185759602,-0.0003700997424270741,0.00018083051045930204,3.36492516752139e-05,5.189721840059272e-06,0.0008291663647527745,-0.0018781454938362734,0.0016166336545437414,0.011019566304590863,0.023490012201205425,0.015541323515707306,0.013542901937990856,-0.006016015223619911,0.018449920938087748,-0.051746534552962735,-0.007615104330907582,0.0003016274223628497
XZKZYO55,1.4259309504534345e-05,0.0001793919120485767,-0.002474999105760991,-9.052520694785187e-05,0.00011242448551699875,0.004980483923371487,-0.0018430160971035746,-2.948942269312691e-06,0.0028775421717484196,0.0029963649532108298,4.63431453739116e-05,-0.0006201885947077835,0.00017549596732940938,0.0009271693266270883,-0.00035729170935044837,0.00038967499923020087,-0.0004623122465493181,-0.0025918589775630082,-0.0007725597497304357,0.0005924060268027898,0.00022170501245510614,5.673203517344369e-05,-4.32154893597546e-05,-0.00015889351055646086,7.3771333459829066e-06,0.00019993893304927698,0.0004149354501942868,-0.0001264597715282665,0.00016342791121599397,2.9637111611606175e-05,-5.086653339310043e-05,9.244444760523509e-05,1.7760089132511924e-05,2.2465071558077083e-05,0.00072001481925495,0.00028427245480755877,0.0030506835476393312,0.003203447591665685,-0.0009738143688413033,0.0007769726767254437,2.4841646530578316e-05,-0.00014634152956627487,0.0014745897297946174,-0.00017691812079270863,-0.00039964918811240534,0.0005387134684463138,-5.537832019538759e-05,-0.00011803095390455813,-5.674417613823369e-05,0.005943280345014506,0.00086197633925754,0.0005522741607129627,-0.0001724867657501068,-9.86321806325495e-05,0.0002320018482385484,-0.0005047165122071709,0.00012127967735730804,-0.000698609788154945,-3.3161889054784446e-05,8.945573094672802e-05,0.0009018830277252426,0.0006444539739627131,-0.0006955081507066065,-0.00023229550477565385,2.1517425417051163e-05,0.00014513132078963442,-0.0008082481682841913,6.116375541166245e-05,-0.00040942702508061404,-0.000658491767914533,0.0004517724358070662,0.00013023009929551049,-9.304294790023461e-06,0.0005721523301116386,-0.0074454895766831826,-0.009484005571511094,-0.014104849431290197,-0.008092343762918397,0.012686448777951593,0.011084186545083589,-0.005336023143035974,0.0023954805523175786,-0.04707104294720642,-0.008183330507949447,-0.0015826289651608581
AMCOSQZC,2.075311497170318e-05,0.0013924922893771968,-0.0023699776135542696,0.0002280849126071309,-0.002555729408123488,0.0021441452992411497,-0.0013269078483476144,-2.350916005559682e-06,0.00028211219732336636,-0.0005950283126195021,0.0005203391285099691,-0.0007471232528846886,0.0007694300109655079,0.0009821455996837031,0.0003528776283017654,0.0009260214552765654,0.014495561096554102,0.0008606997453559285,-0.00019401721110488395,0.0005308878776373335,0.00014547555365308423,2.5436294312508844e-05,-8.076222367331416e-05,-0.00014624128272044083,-7.075930469587193e-05,0.00020792978553860658,7.011695016642742e-05,-9.339761864157362e-05,0.00041600974473622284,2.3544577046185114e-05,-4.264812201696276e-05,0.00010076880591916309,-2.3056704178447592e-05,4.829693041083795e-05,0.0015304508305210246,0.0017994108302603607,8.674673662357911e-05,0.0019317737915265196,-0.00032190274282355727,9.160154199648309e-05,-0.00045364819525530847,0.002669064522599284,0.00045734515259782945,0.001213761854029328,-0.0003708446169111283,0.0002750447831256795,2.3859219157685028e-05,-4.7789139432435256e-05,0.00032189897789696033,-0.00043925086979364534,0.0001485974366563657,0.00033401976135605797,-0.00022501893435673497,-3.319875106241836e-05,0.00029158641025007375,-0.0004731398940082328,0.00032537280021084565,-0.00027607171935079233,7.36256226216123e-05,-0.00023408770664560353,0.0013216466075777174,0.0009457951857586187,-0.00043202684871927494,-0.000908279970906254,0.00016910104056160172,0.0002930004897879469,0.00036110830188469596,8.01954617509459e-05,-0.0004989572008719191,-0.000516118571001393,0.00034132731185755204,7.604158171927263e-05,-8.13833358221113e-06,0.000738065852920764,-0.0053040258452693835,0.00764846594461351,0.006891245260364309,0.004208518574349316,0.001112653881081373,0.002477871827036311,-0.005354300848110531,0.009067947694221671,-0.04603827415232957,-0.011708875479290714,-0.00045668670568816246
6C2CJX31,1.3952952439803664e-05,-2.5677947168907337e-05,0.009540562711057746,-7.588492697143388e-05,0.00018370169216256672,0.004436943265114644,-0.0011143644406882006,-7.774710322011143e-07,0.0025429319859379637,0.0025184816781278862,5.5228519827314556e-05,-0.0007107262260310801,0.00023948101654999368,0.0009686725541210074,-0.0006048083260456484,0.0005144365252776114,-0.00039114686384593715,0.00030970463948666756,-0.0008119127542037856,0.0005971817141418598,0.0001698389734761866,6.012881136068821e-05,-4.2574755959981594e-05,-0.00017496894659115882,5.333550259241679e-06,0.0002144724447059548,0.0002663191902878693,-0.00010694872408153604,2.975916255299721e-05,3.312827753278334e-05,-2.1707921508651416e-05,9.157708128847603e-05,2.679241385789664e-05,2.7375648826950295e-05,0.0009633170244804335,-3.9491677410144985e-05,0.003897312308410209,0.006083049063067836,-0.0002917297959438015,0.001727246531505631,-0.00018997861872445084,-0.00047580514504354677,0.0043049489955658375,-0.00010443377690862625,-0.00043028667591398396,0.00027688688439229015,-0.00011703222398877249,-0.0001307227663083529,-3.634651859867754e-05,-7.019305768268424e-05,0.00029734392017634624,-0.008467261283623457,-0.00017407584098714038,-7.196434218993266e-05,0.0002519860693652054,-0.0004382512675909783,0.00021400747945156078,-0.0006454197289595113,4.671473353199435e-05,4.8204119715869563e-05,0.0010827700785459647,0.0007635939133740144,-0.0007163022367082477,-0.0002455028537765329,-2.108990862344642e-06,0.00012637254306782113,-0.001315065274199284,7.994265223219367e-05,-0.0002917666938785906,-0.000635184778958553,0.0005344604966349191,9.626572530818982e-05,8.329511460291412e-06,0.000807322513010639,0.0042413257374828255,-0.008817527741834837,-0.010845384434812897,-0.0054476055848999595,0.013228184104132401,0.012718577879965064,-0.004581456217866775,0.010720875023969519,-0.04205328418055168,-0.0035114560546127137,-0.0012575482901488212
VQQR3OUI,0.00010983687052145189,-0.001352074677217026,-0.001115645042007099,-0.00010788101276481987,4.1284514387052673e-05,0.0027761054911092393,0.003557264346030123,-2.2605076792794493e-05,-0.0007314410037880704,-0.0012690918875142695,-8.117003748449551e-05,-0.0011424877978626815,0.001138269319159543,0.00035426392683280517,0.0003580846764159194,0.0005461034989048208,-0.0002775348501296288,-0.0002508899514330333,0.0015732107078083551,-0.0006938481706829934,8.316405478456324e-05,2.529300814597965e-05,-0.00014171809017183467,-0.00013835868000447706,-0.00012905700571864937,0.00013328723050218545,3.474234744708784e-05,-8.167572202847018e-05,0.00013923454591549344,-3.153962700830613e-05,-4.560869586220543e-05,5.596888159180886e-05,-7.761538270312106e-05,3.809574673769348e-05,0.0002147563757993972,-0.0010889418790182876,-0.0012844303204227261,-0.00538961847276301,-0.0003021917048332005,-0.0030931898418053816,-0.0009124984464416014,-0.0013312898565318227,-0.00043217836346737373,0.0007293261052030086,-0.0012685436969345518,7.396154394784826e-05,5.4436017649199246e-05,-3.8816828569162157e-05,-0.00011082084282770448,-0.0002853821363745201,-0.0005729850497062207,9.298934421418337e-05,0.004735607215275953,-6.515436058629469e-06,0.00020970352121433454,-0.0007551640481226475,0.00031329553597495447,-0.00043071539447505844,-0.00023113456785760013,-3.30086557176792e-05,0.0007886697112021905,0.0009577429072354052,-0.00042353113682130385,-0.0008574575305928716,5.6863603943797385e-05,0.0001150206595485885,0.00020649821876142103,4.136341042489473e-05,-0.00039833222614900446,-0.0006194710709753677,0.0008182637504145992,-2.2204345434761544e-05,-4.658454150709532e-05,0.0003827064559976825,0.0018359678335429922,-0.00912056408437602,-0.006859657719187264,-0.006155774522231129,-0.025972904742120377,-0.025794662965413502,-0.007934779673210211,0.029862046612901705,-0.045932100020183726,-0.014133770955787453,-0.0022524015211982822
UWYFOEMO,4.262633099818322e-05,-3.336909707830188e-05,0.00019948826617443525,0.0002513466131449043,-0.00014806343421906677,0.005554048370313364,0.009373589702205603,-4.005208497168083e-06,0.0010034527201083292,-0.00019351401677715184,5.9377794359725294e-05,-0.0005541427038390295,0.0016450262662221023,0.0008165199505385942,0.0008743099075342327,0.0015785908523083762,-0.00015168091618046245,0.003479922243324464,-0.00023484440285794807,-0.0005204030391456228,0.00015675685073207786,3.019697005124001e-05,-2.5743621496222468e-05,-9.117974178516445e-05,3.788868361956801e-05,0.00013400951642702255,3.8054835291219424e-05,-4.582393189416304e-05,0.0001899732367093359,-3.0881382405740684e-05,-4.309632033555981e-05,7.669708965773858e-05,-5.614100014617709e-06,2.624730285226259e-05,0.0009290071344419169,0.0008414382608193028,-0.0010219156284717356,-0.0019471066915549467,-9.599420524246506e-06,-0.0003813530783221467,-0.00011538404204767337,0.0006321041807630643,-9.53404192089698e-05,0.0005363911173750763,-0.0007881845543627532,0.00010343451426256367,7.394655196272738e-05,0.00010864076360867887,-2.0790176553612105e-05,-0.00012243977659041563,0.00023470683421173547,0.00020639709779715705,-0.0002097355421623746,4.2242882381276464e-06,0.00046590000662014334,0.007372886823604889,0.0002517164146117135,-0.00031803153240238984,-0.00011515210512094202,0.00015969950986604827,0.0012346183837878705,0.0008939353979231322,-0.00017840136889162513,-0.0007177286589039822,0.00015405810654572422,0.00013685161468841186,0.00018933960572553417,0.00010974359375064392,-6.905798983163457e-05,-0.00022139308209804298,0.0005071679381676514,3.278515681161759e-05,-7.330734689696461e-06,0.00048597391808127675,0.010287263469535774,0.008018228013555647,0.010235673274924504,0.006203772663850769,-0.0052839931673032145,-0.002484120967119903,-0.005702050442321486,0.009862571496647442,-0.04239793588145306,-0.008192226547884597,0.007882102613433433
ZXNHUYCM,2.148963011690507e-05,-0.0004310855733038735,-0.0018605947046923708,-0.003785051581565363,-0.0005022489016884204,0.0016528669792935879,-0.0009713734525530846,-1.4688021719764819e-05,0.00025939963296518314,0.00013074826957312996,-0.00015339416278410534,-0.0005750572451694949,0.0007582048842521923,-0.007889984450955843,-0.0010225132559846988,-0.0005710159289230016,-0.00024115679623765653,0.00019371028540723264,-0.0004915908766869965,0.0007528061069390462,9.716349612438697e-05,2.6228619548166574e-05,-7.339065088370747e-05,-0.00010741402324758907,-0.00011680914889753433,0.0001404800500123854,1.3719851263405356e-05,-0.0001377025746428986,0.00021499042378257468,3.311142694159256e-05,-6.0599513477283486e-05,0.00010739000185722787,5.090745661282116e-05,6.061289305572247e-05,0.0011941846856558806,-0.0007014728413827343,-0.0007078351068325535,-0.003342227046181982,-0.0008472931329932816,0.00047168122353072887,-0.0001549296263014621,-0.0009929673058379003,0.0001960293402988675,-0.001726247613561219,-0.0009095260825442464,0.00018285067271175894,2.2891229111715617e-05,-1.063095552852793e-05,-3.128784949562792e-05,-0.0004474026295585476,-0.00015313803182191347,0.00015672275796309366,-0.00027422262952817467,-6.176569285191605e-05,4.648206238027786e-05,-0.000512706048624961,-0.014593645955297049,-0.0005547168128010968,-0.00014514798801993836,-0.0005134753324326132,0.001269603189555325,0.0006778459467144833,-0.0002904837471501831,-0.0015802703064171845,0.00020281652275281798,0.0002260170466246017,1.4401577003965918e-05,6.105256008936231e-05,-0.0003811303476805139,-0.0004964443614601399,-0.00033539959443824375,1.156461562505306e-05,-2.202404509885123e-05,0.0002562830521344091,-0.006825935849950062,-0.0032660268156745444,0.0024771179667901107,0.011490145302006686,-0.006708193682750053,-0.006137506660015113,-0.008582240609998192,0.013667860026137917,-0.058741498229975576,-0.017947250111629738,-0.0015609047744104007
KHG4UMKP,1.7953615985566817e-05,-0.0010130737709021056,-0.000695482306876536,0.00012663266763656585,2.9552146864594746e-05,0.004159121395457138,0.0077361402373117075,-1.0642639192839695e-05,-0.0008877520453394643,-0.0002279314411387554,-7.754985164317018e-05,-0.0009149669563759226,0.0014048773411086237,0.0004466611619384318,0.0003379457284806195,-0.002776619906211467,-0.00016844068537286966,3.2568816722908315e-05,-1.7680685226403047e-05,-3.083521144206932e-05,7.393144624552433e-05,7.778032306168851e-06,-0.0002480831296175927,-0.0001439334320951432,-6.09088481166914e-05,0.00018907364314586572,3.6685789412327436e-05,-9.213890995164372e-05,0.00023552456240432377,1.1635279980173121e-05,-5.594210852825009e-05,0.00013404757104637483,3.65428867443559e-05,7.641812528979691e-07,0.0008888990190637802,0.0003930356584627966,-0.0005768625024256269,-0.0032920746152372195,-0.0001359295682192534,-2.9130083284566032e-05,0.00045864923122438387,-0.0012769611214409247,-0.00021668404910988893,-0.002025621073970666,-0.0009603770962703173,5.8490698510597126e-05,0.00013750440477166932,1.1958296841942912e-05,3.2529694980052822e-06,-0.0002390123718867407,-0.0004087558110583266,0.0002573134975308462,-0.00022409921824780994,-1.9625491565250265e-05,5.830817643283521e-05,-0.0005679645688289872,-0.007400332268518548,-0.0005017751321807711,-0.00028074248688325247,0.0004409305467535273,0.0010462048547168186,0.0007492163491645574,-0.0003423569104511566,-0.0007642156104386526,-1.8156869726349575e-06,7.51127847231197e-05,0.00016968406745215744,4.7431210339855444e-05,-0.00026400969182407714,-0.0002461530924468794,0.0007652613050912364,3.6464624942454504e-05,-2.7015006687812255e-05,0.0005378003733753679,0.00988883433651769,-0.0014666120932146785,-0.0034512757479073443,-0.003692499041742612,-0.013036973819425831,-0.014194583030768274,-0.008073967119250697,0.029891827717025168,-0.049166863999503,-0.010297722433323176,-0.0017815299210848141
5R7N3RKQ,2.168431485725806e-05,0.0010736632936929461,-0.0012329739597732466,0.0004301760817888713,0.0019161454828040955,0.005404853547492191,-0.0025413098677494776,-2.6444973709446063e-06,0.0001097831257216226,0.0005140356535755734,0.0003274479823377882,-0.00029910402954264,0.00039174877470190037,0.0013612790053273446,0.005873453787161403,0.00035543321651033657,-0.0003669441940911749,0.0009586277886104577,0.0001453271491618027,0.000840060474273635,0.0003083407711860888,4.136344254341017e-05,-4.712928204388577e-05,-0.00011478229234496396,-3.543302136738389e-05,0.00020380913858381177,0.00015239292707892258,-8.386647450740137e-05,0.0003504894021071928,1.9822783960235468e-05,-1.4595242336552155e-05,0.00012136797222636348,3.0348858178676744e-05,5.4236181541302404e-05,0.0007142415858450027,0.0011280209675863266,-0.0005068645450296925,0.0026763810409434993,-0.00040804811057878863,0.00044443348202998233,-6.267678769996973e-05,0.0038441264295628347,0.001090536410678684,0.0015700406015731433,-0.0002559012358945373,0.0004190294006351791,7.686209785956704e-06,-6.190726509918437e-05,0.00010036392551617053,-0.00023354950925033612,0.0007261991350944487,0.0005767181190924476,-0.0001834793241059092,1.7635403182411248e-05,0.0003677276461618061,-0.0004016470805386264,0.00026293186002877443,0.011213811365676752,0.00014456438005118946,0.00011950181146958014,0.0022167068114858817,0.0006559757139996436,-0.0005097205716771888,-0.0002620861034906694,9.030349766086765e-05,0.0004985340007767282,0.00011691510381531476,0.0001769686416231074,-0.00023720609620148778,-0.0006783854958362706,3.720366421808879e-05,0.00011245830486007004,4.535184417040931e-06,0.0009106001597206886,-0.0073236588550331565,0.006308412327405845,0.009992573930609488,0.019889693918534943,0.020617004269885945,0.020455474263723177,-0.005578075703099322,0.01824457295540696,-0.04742473300926374,-0.003594460706197352,-0.0006962747929865253
TEM0I59X,2.5329131198900256e-05,0.00010318191649999177,-0.0014369879900312506,-5.9093725737408596e-05,0.00017710516265284117,0.002464543120216462,-0.0007674441047231829,-2.0535590192464537e-05,0.0009976772082086354,0.0011862271266616347,9.859851506115229e-05,-0.0010017752204896427,0.000801084421224751,0.0006257829316912356,-0.0006924229169002928,0.00036936056390787455,-0.0002659250599789907,-0.00017924211548734254,-0.00028883826840927595,0.00044303712384618496,0.00010737727340469922,2.1494241395326652e-05,-0.00010180211042640385,-0.00012889841774647704,-0.00044510782674498457,0.00014067088601413944,2.893919156970704e-05,-0.00011424042519275564,0.0002628983979694075,2.996313395994459e-05,-5.725270869922917e-05,2.413431117494902e-05,-8.179406764695226e-06,4.883605156950498e-05,0.0008932069064225364,-0.00015579970522529166,-0.00021198089196948486,-0.0033284512409934935,-0.0009262324685554973,0.000589860116002548,-0.0004278138567777916,-0.0015587332133479004,0.00018167868887789657,-0.00033252574242909636,-0.0006263711601388101,0.0001015113282060398,1.3587415339240411e-05,-6.523285107621252e-05,4.224929369700748e-05,-0.000448770634943013,-0.000330722523226155,0.00017038897090762082,-0.00036915168986654477,-4.174151183629438e-05,6.171131761528716e-05,-0.0006199956231437597,0.0010006248464471252,-0.0004057472231695445,0.0014718522220664358,-0.00031356187828136047,0.0010964499070343098,0.0007484400258881464,-0.0002792719082957127,-0.0013891188091238696,0.00013441478652584726,0.00011693452813494645,0.00017053556072971248,0.00010664472333980318,-0.0004536925569386455,-0.0005660279076619416,0.0005335602309572902,-9.077753284432667e-05,-3.162719151450955e-05,0.0004406437284281892,-0.0013208539605996555,-0.004333470606228079,0.0026887998295875622,-0.007356697554765641,-0.014604089175987366,-0.010326392334773643,-0.008192768424432607,0.016601816298954967,-0.056414580522032985,-0.01359808015902324,-0.002108568425642551
1WPZ1MCO,3.562495315285701e-05,0.003525935855581905,-0.0011155515167098932,0.00041802635007749054,-2.4900230734669837e-05,0.0013932449743362825,2.593218485450669e-06,-1.0732072662209654e-05,0.0009951631610837387,0.0029291808865583514,-1.2516320468599898e-06,-0.0007162818064919251,0.0008790848058685034,-0.0037491161454413008,0.001002972806016503,-0.0005881138157392843,-0.00046902774788746724,0.0002468525044449518,-0.00031392454648542054,0.0005569830267333841,6.429325478134061e-05,2.2210970878663088e-05,-7.247618883681924e-05,-0.00010713176209511743,-3.0344301742625748e-05,0.00014389772110559977,6.948370810961303e-05,-4.377146142219641e-05,0.00012767890360235567,3.228665312545997e-05,-6.876420946763117e-05,0.00010980647554305495,8.659062916176428e-05,3.6034462497318866e-05,0.0008841759104557443,-0.00047003380917134095,-0.0005038058276921819,-0.0015928148420696541,-1.8472495624593103e-05,-0.0013955495351434947,0.00046237275016743616,7.848292686566618e-06,-0.00011588157506954203,6.538632219151061e-05,-0.0010131161751515527,0.0002068979240854765,-2.709258463945945e-05,-6.800765660830596e-06,2.6682766174780815e-05,-0.00021595640537120235,1.3600928524373514e-05,0.00019831167318754554,-0.00018801808875297933,2.6287123194691506e-06,0.00015163257885792366,-0.0004373367680755852,0.0006014002764457879,-0.0006620458872025427,-0.000378117990370564,-0.0003583226305328057,0.0015613101746768023,-0.01881479157538651,-0.0003648939185325251,-0.0009400155088558956,0.00010152713743936128,0.0002853941199990302,8.569142425261855e-05,6.648128958976104e-05,-0.00032288091884627527,-0.0005009858677567329,-0.0006188403237504184,7.81631601863894e-05,-2.7766123018920234e-05,0.0006758597676475029,0.003896590401702691,-0.0004279017151413508,0.001336135595380011,0.01694902024136393,-0.004004065124345317,-0.0047396707162895456,-0.007907526243759311,0.018319432688393804,-0.05084742357606321,-0.01315918136635723,-0.0003205797747359423
1AQKM7VU,1.992340153279038e-05,-0.001481865925227441,-0.0015460784736489749,0.0003470080145664855,-0.002350803717873324,0.0022589364062959505,-0.0016717448508796525,-1.8781935989361096e-05,3.5102439365018404e-05,0.0015280168873421536,-0.0011663615975732989,-0.0008445820888657075,5.4237357741444584e-05,-8.916175682610394e-05,-0.0006308431560050558,4.002874470017529e-05,-0.0008454416869765699,0.0003435804831226652,-0.0001994070533349915,0.0007414378935999863,0.00017675930683207827,9.243119914414121e-05,-6.286547504409665e-05,-0.00020952315738933735,-2.682115357206586e-05,0.00015832902530689563,-1.1163405832184632e-05,-0.00011914732195545657,0.00013184249489667116,2.9937772963622784e-05,-2.8403092957183894e-05,8.340930863723616e-05,2.836599365996703e-05,1.8431094090485823e-05,0.00013418441004267045,2.101075486339774e-06,-0.0008575883378935961,-0.0034372448469681327,-0.0005062973713612649,0.0030020559139511526,6.31026705132279e-05,-0.0008158919958241702,-0.0004132831046227299,0.002083232043628703,-0.00035092723573394165,0.000359549795683508,-0.0001253983702807181,-0.0001341108304674981,-5.427596081359116e-05,-0.0005159144724790503,0.0010777655694168928,0.0005823445918167853,-0.0004603306550418991,-9.394157384025385e-05,5.571024664721225e-05,-0.0009911206550206385,-4.2220471224735426e-05,-0.0007716599117903684,5.3047107284749e-05,0.0003128417327404629,0.000815720830558674,-0.007858553609921173,-0.0006073245854207719,-0.000514033454174636,7.852590276597985e-06,0.0001296911734823394,-0.0004506647795579427,0.00019235210970415542,-0.00042067541627132445,-0.000586703162482067,0.000166717506583363,8.018597962574704e-05,3.1001681751785993e-06,0.0006654137666035157,-0.0038988043223188887,-0.0062564197778621385,-0.00962913664348574,-0.0222970192020183,0.01014122754834536,0.008012448042042054,-0.008007517296330605,0.029483913103679732,-0.05042779414696797,-0.01125839923769466,-0.0011686254025509712
VTVYSUZG,2.3461533068620635e-05,-4.590325385022086e-05,-0.001984806641017047,-0.00013767673537436734,0.000320218017596162,-0.006695663220370463,-0.0022668168794412,-3.3782916064400444e-06,-0.00045017106771138616,0.0006870125089085214,-3.7036971106143174e-05,-0.0011820189576720506,0.0010262735899022942,0.0002961024379295562,-0.00023204231939927305,-0.001727325432733938,-0.0005945536289615452,0.00019917361711644356,-0.000987696857345912,0.00014898974748260815,0.00019517621664856262,2.734461437693332e-05,-0.00025018549993764986,-0.00012687851525891496,-8.917424716808768e-05,0.0002336172414298426,2.336541790424409e-05,-0.0001301235843529435,0.0001546999053023047,5.012425590537923e-05,-2.25114477593063e-05,9.944660206404898e-05,7.993539829165869e-06,3.2950399469511135e-05,0.0009959281630803581,-0.0014461731933224998,-0.0013900009347356018,0.0002560714711182432,-0.00066223547847106,-0.00018434667428223535,-0.003802754592838892,-0.0023655158619908297,-0.0011518313827700761,0.0005960668097240661,-0.0006217060950027313,6.110812798999226e-05,2.4005091345614393e-05,-5.927031233404347e-05,9.712462224271844e-06,-0.0003308748418838485,-0.0004526373080533919,0.00024516757686677653,-0.00019160062406904673,1.8557634066844384e-05,0.0001877894971885057,-0.0007237745229863414,0.00016243689819640247,-0.0005399665735508084,-0.00011088251087224925,-0.00011080799922224504,0.0011899534511263102,0.00041858596895061724,-0.00047312738537780107,-0.0008153019635502748,0.0024915682252242,0.0001884654336141074,-1.4575000646465085e-05,8.213983437019851e-05,-0.000388293181231435,-0.00040913447063779085,0.0007943643716299655,6.42000600537538e-05,-5.554698523001206e-05,0.00046303829443880654,-0.008047995709895119,-0.0074278557004938345,-0.00483123086007648,-0.021226717495411804,-0.006880629955452514,-0.005734662693113801,-0.007482668605163057,0.009836186257675746,-0.056168109252262524,-0.00514964535938192,-0.0010790182657130476
6ZSAKAHX,2.8148444902466825e-05,0.0003027242497320844,0.004770573570916524,0.0002548739865112891,0.00036497453088586127,0.0011469410346537877,-3.846062616028668e-05,-1.1709500475825924e-05,0.0006006535452470837,0.0003212880290723197,5.7567836029076744e-05,-0.0007698661236471637,0.0010482431916098024,0.0009658766655431788,0.0005464094318315659,0.003396256331992397,-9.067676362751509e-05,0.0003622672587001266,-0.0006321424154151859,0.0005379618730819756,0.00013151447340193552,3.0846027454339796e-05,-4.385877369505992e-05,-0.00011784893807738891,-8.121085936835952e-05,0.00019315296480255738,7.347904121193928e-05,-6.819122837051572e-05,2.5265315750974076e-05,9.670669712907039e-06,-5.393413832796466e-05,0.00011569364088905217,4.21965977800503e-05,3.970429150646674e-05,0.00045801569771035985,0.000621683054327687,-0.0012680982461316266,-0.004437052940055535,-0.00044008302967327867,-0.0020730616200782845,0.0006323452706094655,0.00019116819091718025,6.975471928606468e-05,0.000412562041379337,-0.0004363331478914337,0.00019600733044519513,7.637156161786489e-05,3.1100295410171155e-05,8.412341666740152e-05,-0.0002504920689202571,-4.02270811991204e-05,0.0003890641256522188,-0.00035597827973553667,-9.744827664232667e-05,0.00022787187567996454,-0.00036328391329000287,0.0006454231329860361,-0.0004497889437410511,-4.604581431987427e-05,-0.0003865247840792882,0.001440092573470077,0.0009939304901618712,-0.00023218030443754613,-0.0011243962412049355,1.9221339547562408e-05,0.0001885844675279962,-3.194452057197035e-05,-0.003432090070126701,-0.0003118249397851548,-0.0004557405278789555,-0.0003118064029182563,3.20088544208898e-05,-1.332524646618681e-05,0.000626379017923409,0.0035642427355991476,0.007588697278778946,0.004202941994375553,0.011502714973183266,-0.0003824358262437526,-0.004087117124696349,-0.005696899402626619,0.017209406750885288,-0.04441988180375652,-0.013874405099737235,4.158982018242624e-05
7TIWLFZD,2.325081922202085e-05,0.005992540296599144,-0.0012840425789999617,0.00014859619583840606,0.0004755546114742414,0.0030767685908682043,-0.0013343276544745008,-1.1060189997805259e-05,0.001393250810803532,0.0011902881117112824,-1.2859827525082523e-05,-0.0012200430392437242,-0.011846595476303278,-0.000321448303335653,0.0006193480483355555,0.00020512412240518017,-0.0003418783492147439,-0.00019640831098980245,-0.0002825133236986127,-0.00023469994953364493,4.7224744900013194e-05,2.934005417563191e-05,-0.00023231440673709665,-0.00012838017657464614,-0.00020790060624607787,0.00010962518616006885,3.632332718280794e-05,-2.6029801329682013e-05,8.048120045009324e-05,6.472272371968572e-08,-5.73212708748451e-05,8.455268442703581e-05,-1.7544387461917958e-05,-3.209360748224383e-05,0.0004994440961787455,-0.0016290296275832544,-0.002014807019264489,-0.0012166052783832673,5.041047223393827e-05,-0.0002675774483643922,2.8410178336885922e-05,-0.0011169522141251146,-0.0004498822642237525,0.0011462861402263002,-0.0007678665558341376,4.874612361894693e-05,-3.133073110432616e-05,-4.8679367343798134e-05,-9.42169412703011e-05,-0.00032300483572683035,-0.00020565767355109745,0.00020345268624870076,-0.00025290973222999154,5.247021115401225e-05,3.8857811350444726e-05,-0.00045030472721446953,0.00024140211138672535,-0.0006685351350762057,-0.00026006358140410075,-0.00012574679368978998,0.0009733470785467359,2.155967404312784e-05,-0.00041886739852002195,-0.0008588649718944332,-4.352344367457489e-05,-3.083427072122182e-05,5.339229561558519e-05,7.090790878263307e-05,-0.00036325629753403295,-0.00036208049661150157,-0.005071096692775522,-2.858887877602638e-05,-3.163588894138593e-05,0.00028186924332155135,0.008247805110298052,-0.0006360117213216691,0.0007509220493185264,-0.015711498705854917,-0.020490141276202602,-0.0190010108949416,-0.007862875193217673,0.013010439092397125,-0.05232513053893022,-0.013417651753866824,-0.001581938534449488
HXRF96S3,2.5003405854266885e-05,-0.0005331779944301255,-0.001333482756872159,0.0006097046754192226,0.00021055178670702332,0.004328269056720958,0.006655804292649292,-2.2566460130347e-05,-0.00020785036373732925,-0.0023763482025258103,-0.0003980083302317729,-0.0009245021623455258,0.0006616895419051033,0.0005842918380444588,0.001882095637546386,0.00033922097022082685,-0.00037718571593633505,0.00034779777084933825,-0.0003706398477998504,0.00016507388167693582,0.00020022459964707094,0.00010832510439494621,-4.6922253122391715e-05,-0.00020303362057191903,2.1365715668266707e-05,0.0002072140490967933,9.36098402195983e-05,4.838230479682527e-06,0.0001973188453430302,2.8577571498645592e-05,-6.805812902668469e-05,7.406867418451267e-05,5.497756151546752e-05,2.1531338146475584e-05,0.001115348915141655,-0.0021250716660091437,-5.1437000137523824e-05,-0.008060819459907413,0.000190501901994082,-0.002931140031555358,-0.0005537751281674681,-0.0014081117787628833,-5.6355870525801175e-05,0.00028635008369344426,-0.0006219573719591398,0.00017908820940879775,-4.600841627461409e-05,-9.802452567906261e-05,8.940900156852454e-05,-0.0002404287683767915,0.0007455943215279081,0.0005703438437535904,-0.0005216751705891251,-6.801659333165026e-05,0.00021995753882726295,-0.0012835854209174691,0.0001401751142610179,-0.0006719025609576908,-0.00018422348103728893,0.00035856805191782234,0.001136402034938618,0.0010349045767751818,-0.0003880327952761279,-0.00047021394274921683,-5.392796080865373e-06,0.00018639473447219513,-0.000303443252910903,0.0002733150639956989,-0.0003369405532555462,-0.000799021998567056,-0.005518874318206283,0.00010999881096463182,-1.2460522819640251e-05,0.0010983755685937016,0.008103645758093813,0.002047082118120445,-0.004800006043795518,-0.0156218268643989,0.016755093969242848,0.012298275092207826,-0.007645266931555182,0.025078156496836455,-0.05554844964349301,-0.0048773362757645105,-0.0008942504793985575
WTEAOER0,2.5689166677364135e-05,-0.0065511942301830425,-0.0025140704688316065,0.00036939548714443396,-0.0009485416590517209,0.002705865635084881,-0.0010961439433642699,-4.3615685898293556e-06,0.0017916505731810914,0.001125972559553703,8.155177194075237e-05,-0.0010080675672036214,0.0010193117641193962,0.00041356621101524887,0.001162874183229135,-8.754358793676068e-05,-0.0004355782602085281,0.0040671064451328716,-0.0005479208496058371,0.00021563774980770466,8.328655399316863e-05,1.327821447044633e-05,-0.00010588434649722614,-0.0001244708681375041,-7.100668481606204e-05,0.0001805564798526057,7.441435684786999e-05,-7.480939040124812e-05,0.00012715155079349774,1.449619684739206e-05,-6.3549905867724e-05,0.0001136291677491552,2.1019700692522026e-05,5.036916636738565e-05,0.0011181927600047792,0.0006289348636878033,0.0013080224913913738,0.0005198625997724459,0.0041980242375021055,0.0005468219978196634,0.00016852767018273404,-0.00012708393729794255,0.0009452655555570566,5.9060965425968654e-05,-0.0007553842102362321,0.0001529260763343378,0.00014228481896339423,-7.218918373617915e-05,-0.00011133742896880971,-0.0003893229930616782,-1.8464000912355686e-05,0.00037302938669817314,-0.00017742841339102333,0.00015749696945227917,0.00013654931211783009,-0.00039395277527574886,0.0004787572980280957,-0.0007314367615074839,-0.00015500100533926735,-0.00012428305003701708,0.0011434428228638928,0.0005832049535549388,-0.0003211896358314089,-0.0010012868110451552,-7.274225815670745e-05,0.00018089361350255226,0.00012742047732855442,0.00012124769230104281,-0.0005324197251630497,-0.00037234830421081766,8.39588869456332e-05,-0.0014465926822216154,-3.659581823722351e-05,0.0006752064742560227,0.0007746700383826638,0.0026234190689721124,0.0032595201205438493,-0.0030007319542843204,-0.006751293620596949,-0.00647317099708821,-0.007963178121524821,0.021340829600330992,-0.05065944412904051,-0.009571859509319906,-0.0007828217228469287
T8LSQO2S,4.169588309673344e-05,0.0010307864749556316,-0.002282216959931099,-0.001992613689665246,-0.000258447699998157,0.0014979286025298556,-0.0029860412595998477,-1.8165820750559588e-06,-0.0007425881536975282,-0.0012039882746651422,-4.141734515708698e-05,0.010682862401316651,0.0005276208251226386,0.0009901813321703766,-0.0006311005601069399,0.0003265883130694322,-0.0001954948851451106,0.00042522274103691076,-0.0005133760984950324,0.0009522919901389515,0.0002683780385575695,5.609444457099182e-05,-3.9513317444599564e-05,-0.000127904441279031,-1.8583211574708906e-05,8.574198492882722e-05,0.00017438429244368768,-0.00013610706589082803,0.0002838728268785478,4.365787315410557e-05,-5.401569081128818e-05,0.00010407405093544548,-3.0152348301560856e-06,5.319172134282366e-05,0.00035385541850036574,-0.0014495704907087428,0.0012321130342106681,0.0029808011195643367,0.009487543702153448,-0.0004419038582644595,0.00042918557030894883,-0.002219036541532506,0.0029833580902502103,0.001563834038809255,-0.0002330723742955775,0.0007108357859806694,0.00012825183888884255,-2.382540686013034e-05,-0.0001870506601811756,-0.00039465854195851397,0.000704108708439424,0.0006382722821355241,-0.00020773177719264616,3.373923655121045e-05,0.00023137067599510614,-0.00042716269485855527,0.0003830453231052715,-0.0004682603084538019,1.1906005273653812e-06,0.00014587997312091704,0.0014257194884420867,0.000490372569374751,-0.0005965337048316481,-0.00033069335206970603,9.063240444859375e-05,0.00021472672892742966,-0.00015128083566449184,0.00012059148608119454,-0.0005203818109224238,-0.0007027288150414562,0.0003613101689644204,0.0001197060714130325,1.8659593609539086e-05,0.0006629845905633679,-0.006957461467999779,-0.000925544418553407,-0.003812622051946733,-0.002163141220319142,0.007986243277619643,0.00782808278431046,-0.005379434371822234,0.006882411693405351,-0.054862137746145005,-0.01327090460869336,-0.0009814683922969025
ABMOVF1A,2.338140330227464e-05,-0.0003008416107053034,-0.0008272182320342783,-0.0007799375539719595,0.00024767977894463454,0.0032138808475454276,0.005367605208315018,-4.553343973077966e-07,-0.0016551739847022323,-0.0015619103539091298,0.0002518909404625899,-0.0011296759417331514,0.002071099541387201,0.0002888812277458877,-8.253858629463788e-05,-0.0048274983862828386,-0.00025440691382413067,0.0003177245208582866,-0.0013351259907009357,-1.6837354303921076e-05,0.00022612696879896601,1.2763503470612328e-05,-7.342805585305309e-05,-0.00011426827647711449,0.00011195054987946485,0.00023713275264585797,3.55117169715145e-05,-8.144556030248505e-05,0.0002442269608442041,-2.5052905152586256e-05,-1.727878477764446e-05,9.593451658339397e-05,2.4551634110022692e-05,3.566633527294412e-05,0.001255735235822045,-0.0010315992852379106,-0.000555120091559761,0.0018181267463552371,0.0002591294762943379,0.00041097171605210297,0.004113364288699684,-0.0004806741782254369,-6.0055619834219284e-05,0.0006104052432049536,0.007663339350966565,0.00020741776705341744,6.644580277111893e-05,-7.600301771212747e-05,3.309735622840518e-05,-0.00019008928620209878,0.00025391767505113027,0.0004358072049605305,-0.00022525031975998027,-6.058217096318514e-06,0.0002908814963268212,-0.00039538535772826454,0.00020248951181949822,-0.000334982747758852,2.1526256736200072e-05,3.2004506941321466e-06,0.001558648301076247,0.0008530702173544721,-0.0003519280660637412,-0.0006130374831867553,-5.003951159266634e-05,0.0002496824905435089,0.0001966486757783248,0.00019530797611481287,-0.00023563878432663438,-0.00022807823613082469,0.000130880296117804,-0.00010745609735211829,-7.080763513960437e-06,0.0007952140896694301,0.00734070761032898,0.0012795659726420664,0.00543724729092377,-0.0003267951735431265,-0.0005247265997615948,0.0035049896432601934,-0.006254597686196605,0.01899262740520691,-0.04720914494341558,0.0028329085508095354,-0.00028085517546213055
Q2GK9IT2,2.4012946215109913e-05,0.0016225219178021802,-0.0005007317108242503,0.0007670657347793081,0.0004162230541354033,0.0018540511109936353,-0.0003784797612267985,-3.958990870555957e-06,0.0009475105092405347,0.0008728117939152838,0.00011400363121700976,-0.00020773666955317105,0.0012977472772683545,0.0014211830453141356,0.001295362133198176,-0.001042663195640704,-0.00045347594058263864,0.00042825234402252196,-0.00038110925050762167,0.00042099484988444125,0.00011834767836159584,1.4317457948631207e-05,-8.518305598302324e-05,-8.808838437945212e-05,6.689883446509249e-05,0.000299887369367703,9.859952156838345e-05,-8.521262198902247e-05,0.00028539688993652133,6.769508203359419e-05,-5.384657948280044e-05,0.00012160859682016438,-6.886806500414112e-06,1.831809364621606e-05,0.0017187226258742441,0.002890387082324982,0.008408207934032571,0.002348688674734334,-0.0010202983849019573,0.0008305653169613504,0.0012004427205070999,0.0012513049851115917,0.0020334858159443943,0.0009680292657687821,-0.0001938791834050784,-0.007167863650891381,0.00021621192654596184,0.00015531630516073876,0.00040429189676326747,-0.0002911595855246277,1.2036212184259434e-05,0.0008235826198389518,-0.00010354715482442172,-0.0001429926339387629,0.000251719052747606,-0.00022328006434871265,0.0006599674219369789,-0.00018576260964010976,-1.4348950050720903e-05,0.0001294390770518439,0.0018268696379242185,0.0009481887246719882,-0.00015451461846596902,-0.0007774687231924523,6.193815519307874e-05,0.00035642982884350393,0.00026344577995275544,7.1670775285871e-05,-0.0002967264013935137,-0.00027925320093982796,0.0002591390472360629,-6.111551636560724e-05,-2.863456801469185e-05,0.0007628134058648269,-0.001778407477186433,0.013732191136414067,0.013891320662215791,0.03342261424722627,0.001739464269091631,0.005509765093580092,-0.006454311689233311,0.020698367112402905,-0.04397326003398833,0.009012297656456255,5.674631910486128e-05
J0WKJLR6,2.0604278792895292e-05,0.000637045468885325,0.004106207260839729,0.00015696106636592307,0.0002901520939176617,0.0030240525981119325,-0.0005006601060031487,-1.318266599892322e-06,0.0008137218578190672,0.0013741537954042018,0.00024913290872728526,0.004849030840005849,0.0005852356848837655,0.001025417949451793,-0.0006066379071426107,0.001180102727728869,-0.00031574308316733256,-4.199162103788119e-06,-0.0004169565104823962,0.0005234576516423246,0.0002955859529939836,9.668019757086364e-06,-2.953634456444773e-05,-0.0001313764881329412,3.002319230086082e-05,0.0002017963488027376,0.00013702783284798504,-7.83811896697199e-05,0.0001878432322425284,5.451467670901885e-05,-4.5867804789474476e-05,0.00013125491612212266,2.5606195637456788e-05,4.516961883978777e-05,0.0009867686053222286,-0.0006340630059761704,0.0032455473785754324,0.003410794576955549,-0.00042658633440630035,-1.5971279987132983e-05,0.0009634015146016877,-0.000901688116633324,-0.0017349379301786858,0.0010986313828376972,8.795808289593094e-05,0.0003940513427127011,0.0004862345317801359,-5.199586156562342e-05,-0.00011309610111727779,-0.00020559681093038483,0.0007171919830909974,0.0007716617484731781,-0.0002010014214460566,6.668399369000479e-05,0.0005018353971360269,-0.00033807399490206415,0.00022471597729223198,-0.000503240930052703,0.00014521410129607635,0.0002366219003325569,0.001993069967891446,0.0004885818371477624,-0.0005528163037039932,-0.00036634041332023567,-1.7007739051058516e-05,0.0002660549866628055,-4.234140931700995e-05,0.00016024476706537214,-0.00021637519360896104,-0.0005158639125768894,0.00013397285907990693,5.274260304709764e-05,1.0126810875225328e-05,0.0007856662838894906,0.005933105906197895,0.0028001601955879086,0.004217358637900089,0.014660315072295139,0.00497503989800168,0.007797202309278761,-0.005480574348736457,0.026314735464956742,-0.038958566667411994,0.004329981321142497,-0.00020784085416225003
B1D3HP8V,1.9609314580393657e-05,0.0004028178630159453,0.010981866339962518,-7.032521706325812e-05,0.0005738908507239542,0.0016990360451772442,-0.000857074341616714,-6.8208167135017475e-06,0.001180258028243214,0.0016379419907948957,6.535696931375535e-05,-0.0011658901876570541,0.001699326944691933,0.0005315396203680058,0.0007934305935961325,-0.0014335796026578088,-0.0003119914037064899,-4.856474793428853e-05,-0.0004588698563928973,0.0007238379503363429,9.909637107093113e-05,1.7953270041367904e-06,-9.279234928686456e-05,-0.00010329945717534493,-7.913955777322236e-05,0.00023119566066064111,9.260412674910703e-05,-7.88477344068918e-05,0.00014446442036247466,3.300924456902068e-05,-1.0685545884292679e-05,0.00010683258158951333,3.160103338441677e-05,9.52609787693238e-06,0.0010583479229919809,0.000124908683392401,0.0026392796720813494,0.0017537895574762023,0.00496447189511239,0.0008086279396750234,0.0005273507163366953,-4.127892276331785e-05,0.0008995964761282122,0.00041356650604958915,-0.0004543190067296068,0.00011693063037257629,-2.615280018484373e-05,-2.688115633285104e-05,-0.005108157054071742,-0.0003329540612639566,-9.491448568807738e-05,0.00030338123831104204,-0.00019251339634384062,-0.00011584934710849879,0.00013008919892374565,-0.0003507907045186196,0.00038600953901929435,-0.0005009421948455425,-3.214530711789755e-05,6.292252944104327e-05,0.0012253372555777356,0.0007251850942883072,-0.0004580476634353791,-0.0010261683448610295,-1.0213609695772664e-05,0.00014761126865153596,0.00027907404614838826,9.87090829473719e-05,-0.0005199645446751028,-0.0003318784089982815,0.00044081334378019677,-4.16372842906712e-05,-3.656904292088556e-05,0.0005636882871457125,0.0015516928878951824,-0.0058431456855982415,-0.0010536675226037278,-0.009378240508447298,-0.015673692495436303,-0.015648094178360536,-0.007671860309911339,0.033080087546475054,-0.0425849280451798,0.0046934097402264886,-0.0005855915761856559
QHP95ULI,1.5652993856011247e-05,0.00020035866171376723,-0.002000068926900676,-0.0002025354006072213,0.00025879410330299725,0.005759516994242223,-0.0015423868657243544,-5.536951815111583e-06,0.002596569771598797,0.003032864945715059,8.715139255454519e-05,-0.0011268473986866742,0.0002346837015022264,0.000729940667827528,3.6097503447627056e-05,0.0007663077525449181,-0.0004734947763787114,-0.0036600304781477097,-0.0004049756478840788,0.0005584552689294399,0.00025340861293108257,4.244789345124686e-05,-3.957021073549091e-05,-0.0001510239153747936,1.8372073792449164e-05,0.00019336333186538212,0.0003702442784012551,-0.00012303677816491633,0.00017117160962822834,3.9878476238973956e-05,-5.108805986853715e-05,9.607351755013728e-05,2.34418122093993e-05,3.9492883997195134e-05,0.0006990359487212643,0.00021578297420709946,0.00395307767931444,0.003747192516393409,0.006186613027732901,0.0009825943368052688,0.00013509316403485656,0.00012945575700036785,-0.0005450262544366965,-0.000389296090281414,-0.0003871485564039551,0.00037304559448494995,-5.921678930388587e-05,-0.00012085789269684641,0.001143765652849556,-0.00015619078535727388,0.0008581537589223712,0.0003731690759596904,-0.00018160121108690968,-8.165025645228105e-05,0.0001504198647729597,-0.0005183047072740566,0.0001397876429352149,-0.0005571668905067288,7.031373768171875e-08,0.0001745510171552234,0.0009822813854350233,0.0007096282302308699,-0.0007079176448040598,-0.00025891652999579414,4.8049721708942974e-05,0.0001549669460248719,-0.000530124160485442,5.4925889685957915e-05,-0.0007457380243608022,-0.0005665394077707655,0.0006166921873009571,9.939503269218774e-05,6.896784856715817e-06,0.0005374468015553999,-0.004805636453946959,-0.005683661696384304,-0.016059312950296833,-0.008893239636043741,0.013199111355045496,0.010055439659745743,-0.006101893764302409,0.011749666133743574,-0.045113523352302454,-0.001894520219522681,-0.0012915996416613474
