opportunity_id,product_GTK 500,product_GTX Basic,product_GTX Plus Basic,product_GTX Plus Pro,product_GTX Pro,product_MG Advanced,product_MG Special,series_GTK,series_GTX,series_MG,sector_employment,sector_entertainment,sector_finance,sector_marketing,sector_medical,sector_retail,sector_services,sector_software,sector_technology,sector_telecommunications,office_location_Belgium,office_location_Brazil,office_location_China,office_location_Germany,office_location_Italy,office_location_Japan,office_location_Jordan,office_location_Kenya,office_location_Korea,office_location_Norway,office_location_Panama,office_location_Philipines,office_location_Poland,office_location_Romania,office_location_United States,regional_office_Central,regional_office_East,regional_office_West,manager_Cara Losch,manager_Celia Rouche,manager_Dustin Brinkmann,manager_Melvin Marxen,manager_Rocco Neubert,manager_Summer Sewald,sales_agent_Anna Snelling,sales_agent_Boris Faz,sales_agent_Cassey Cress,sales_agent_Cecily Lampkin,sales_agent_Corliss Cosme,sales_agent_Daniell Hammack,sales_agent_Darcel Schlecht,sales_agent_Donn Cantrell,sales_agent_Elease Gluck,sales_agent_Garret Kinder,sales_agent_Gladys Colclough,sales_agent_Hayden Neloms,sales_agent_James Ascencio,sales_agent_Jonathan Berthelot,sales_agent_Kami Bicknell,sales_agent_Kary Hendrixson,sales_agent_Lajuana Vencill,sales_agent_Markita Hansen,sales_agent_Marty Freudenburg,sales_agent_Maureen Marcano,sales_agent_Moses Frase,sales_agent_Niesha Huffines,sales_agent_Reed Clapper,sales_agent_Rosalina Dieter,sales_agent_Rosie Papadopoulos,sales_agent_Versie Hillebrand,sales_agent_Vicki Laflamme,sales_agent_Violet Mclelland,sales_agent_Wilburn Farren,sales_agent_Zane Levy,sales_price,revenue,employees,revenue_per_employee,year_established,account_age_at_engage,engage_year,engage_month,engage_quarter,engage_dayofweek,is_subsidiary,agent_closed_count,agent_win_rate,agent_mean_close_value,agent_mean_cycle_days,agent_cold_start,account_closed_count,account_win_rate,account_mean_close_value,account_mean_cycle_days,account_cold_start,product_closed_count,product_win_rate,product_mean_close_value,product_mean_cycle_days,product_cold_start,global_closed_count,global_win_rate,global_mean_close_value,global_mean_cycle_days
HP9TUR60,0.0,6.475471691047739e-05,-0.0004937744412702702,-1.4961824295154651e-05,0.0007526099864760788,0.0018220046236721958,-0.0006032986013588562,0.0,0.0016236941081313875,0.0016856190112467786,0.00013006054755799174,-0.0005506214094706435,0.0004864171015157613,0.00016652179056622028,0.0002951785077659633,0.0002743890273505894,-0.00022986036811930812,0.00038399510757783264,-0.0004280473151203076,-0.0009195747235920436,4.8398601130826025e-05,5.4077185568267754e-05,-4.092093589002651e-06,-1.741023941753947e-05,-2.5601263209654885e-05,4.971891498623792e-05,3.224842443706898e-05,-5.000739292423127e-06,0.00015212576560087214,2.5971193844597426e-05,-2.620277380443124e-05,1.905376792306715e-05,-1.200278073322289e-06,6.96573598504839e-05,0.00045411114677404305,-0.001785263067558922,0.00020151606798621009,0.0010959211679245785,-0.0005173663609049699,-0.0004110423723468421,-0.00014381036320423334,-0.0007743242375938119,9.146910925896451e-05,0.00018143152861522193,-4.0534610512946304e-05,-1.1165830488172677e-06,6.38007843145478e-05,4.35964098187181e-05,-0.00011047690240778395,-4.249847505356029e-05,0.00012834265151246153,0.00014749141787199214,-9.572785276658298e-06,8.112581325334307e-05,0.00019458770747298658,-7.945979525171837e-05,1.5249160641806393e-05,-0.00016977187942728293,1.541149372422451e-06,4.76774596386139e-05,0.000566351682917702,0.00021844496176636583,-0.00011074195408740465,-0.00011198185441103094,-6.912035733619415e-05,8.312456228727597e-05,0.0001494756142063341,9.572570421455368e-05,-8.924047702075726e-05,-0.0003501154290541971,-4.692231943520124e-05,2.02385372465696e-05,-9.934913819693588e-06,0.00036417376377620984,-0.001512769459959676,-0.00035138234885355213,-0.010563281499048954,-0.015988766593263894,-0.0016984616498079543,-0.0025897831603323004,-0.002229318612990283,-0.004508497781618191,-0.010662131711652595,-0.009053593451365494,-0.000888129592104013,-0.02032372790132565,-0.0020889249744926626,-0.011459760151046947,-0.0034569650415748805,-0.0017246867635481303,-0.006902344659526425,-0.013256124668270444,-0.0002505128019481935,-0.0067739311062527206,-0.002909696245875013,-0.024680200209803597,-0.007583488301144621,-0.009043333632439744,-0.007062350608903028,-0.0010181114140899858,-0.05916816782068598,-0.006015469607643389,-0.015288170802912733,-0.004752718926119681
P4PKECH7,0.0,-0.0005293969270136244,-0.0005975540560681767,-1.4667137381114562e-05,0.0004861276399019739,0.001499155096611155,-0.00035426408370727117,0.0,0.0008235505734789812,0.00143461300020251,0.0001482501919494442,-0.0007493325388129829,0.0007989641045532731,0.0003513866994349508,7.1564036486941345e-06,-0.00020308923899231942,-8.0625565834629e-05,0.00030299721746679983,-0.00011619361410311019,-0.000243154048263942,5.055319659418777e-06,2.233576879132714e-05,-1.054699957039335e-05,-1.547488489070503e-05,-2.448480492240287e-05,3.842479866085411e-05,1.5010910443345159e-05,-1.2385238410490088e-05,0.00018193476835401718,3.189949592632335e-05,-2.7010087151127095e-05,1.8775050505389366e-05,5.263289210715367e-07,6.878092870249542e-05,0.0009316181301378718,0.0025905353537176937,-0.0007148561400601187,0.0004328402817465915,-8.474836869225962e-05,0.0008101666439400308,-0.00025031732679903603,0.0022908672175259758,0.0005418689979642793,-0.000227633486348897,7.684257597660373e-05,-4.595852127023271e-05,-3.87651965338221e-05,0.00011263056550980237,4.5932156471285856e-06,-1.3101481434649874e-05,-0.00291176478525064,6.274404652011866e-05,-1.6948553587416677e-06,6.111510035590889e-05,0.0002612832515169773,-6.415041527213989e-05,7.564563022810191e-05,-0.00015303848189843474,-0.00010627277389099117,6.081958714767598e-06,0.0008059377181618627,0.0003001570647155091,-1.860639253815696e-05,-0.00014900869714977888,-6.916366416321146e-05,8.388040823409948e-05,0.00026582006159241113,8.25850004955183e-05,-8.026493880931748e-05,-0.000272082720884326,2.5045986216892353e-05,5.8063769647395515e-05,-7.515163237406572e-06,0.0002793213199099114,0.0016435987766226531,0.0013665961951924287,0.0029231612637508173,0.0010402664133608288,-0.008100050687848106,-0.009658277564152728,-0.0021067291034041658,-0.007263187268004302,-0.012608937860232837,-0.00903631350811329,0.003686874169905077,-0.015747361501635544,-0.002007278428384312,-0.011265247437268911,0.0012124554212015594,-0.0010366485737738338,0.0014427132943201073,-0.005378379889101939,-0.0009905238020324432,-0.00018377472157264852,-0.002017430939760914,-0.030772194658413413,-0.004785136890905192,0.0018710594589994203,-0.0067424946010702464,-0.0007352809326859924,-0.057846740784654606,-0.004549200565006322,-0.013043858512086708,-0.001164690676192307
USL5PZ4O,0.0,0.00013268527284080654,-0.0005558391343162042,-0.00023020742265298592,0.0004658304187024044,0.002172632382635368,-0.0006575303923335558,0.0,0.0010427677963631204,0.0012889240434509723,0.00016605344929614092,-0.0006470869237126078,-0.004413287744549705,0.0002683644252949192,-0.00022685212722898545,-0.0002831387413355101,-0.00017279013027649755,0.0005871901626210658,-0.00020485836379300465,9.067275638935907e-05,-9.113796488356486e-07,2.3078333771382455e-05,-5.877244047839764e-06,-6.679618189031578e-06,-1.550317505799645e-05,3.7871461112559306e-05,3.3007641078283304e-05,-1.9250743991066258e-05,0.0002658037922027623,2.176768643856065e-05,-3.138834194205763e-05,2.3033787472560597e-05,1.9425804748912116e-06,6.237221931626142e-05,0.0008209107523185842,0.0024840150626936177,-0.0005119507892716113,0.0006431999363626264,-0.00033501364410784003,0.00019346018047970576,-0.00026182082654748075,0.0008517855786440041,0.00045768576989859463,0.0004088242813711268,1.400712656651365e-05,1.606240837395406e-05,4.194631272580596e-05,8.48775912990071e-05,-2.5037056336536907e-06,0.00010760583721350078,-0.0027028611976233153,0.000149160041583685,-3.420675052948191e-06,5.775054632347943e-05,0.00022116245759037448,-7.565872861341686e-05,9.812814610422653e-05,-0.00016647122750284177,2.96896293440314e-05,1.712540347671586e-05,0.0007088850591716031,0.00020515874321898905,-0.00014609015691231878,-0.00012112632347075527,-9.022802018367295e-05,0.00011503125990701838,0.0001994649076401776,7.796194363404857e-05,-5.261539838230959e-05,-0.00029931515160483137,4.167244042703026e-05,2.4808345875348694e-05,-5.619063818359561e-06,0.0002563106171733171,-0.0017687470711622733,-0.003864673419092918,0.002446358768345107,-0.0029773632609883787,0.006935375978626069,0.005388949363322367,-0.002363305253201059,-0.010959555168960284,-0.011776229067722351,-0.00937535013712969,-0.0005900360598871933,-0.018458096955880323,-0.0033441121334768418,-0.008096426370337787,0.0021830555707685133,-0.0007737534154588774,7.031913186992327e-05,-0.004357935644107908,0.0036951838073324716,-0.0038916529275453723,-0.0013686458949224178,-0.02411877868442622,-0.009242908976211757,-0.008227168189366595,-0.011395854213470391,-0.0007554743903141216,-0.06133193568196148,-0.004926608497497602,-0.011739130791149546,-0.004130177416392743
3DM5SSI5,0.0,0.0003827851854011148,-0.0005563828949150966,7.429000776578354e-05,0.0005478940370736375,0.0020848370003632996,-0.00028622565461868855,0.0,0.0020519071672761807,0.001088726787449288,0.00018342251303346218,-0.0007265128710499618,0.0005491776886866464,0.00019305616367444264,2.4631215710629275e-05,-0.00015197637418315496,0.003373480409141822,0.0003633020786338465,0.00023461273300918678,0.00016010017318937177,-5.260409623487784e-07,3.6905216313896455e-05,-5.734636813407089e-06,-4.8683020330374995e-06,-2.1417760384382156e-05,5.1111107300676894e-05,3.144694573084655e-05,-3.3767574831292187e-06,0.00024478048376140544,2.0731619057118144e-05,-1.8812843046052356e-05,2.1947831718746926e-05,-8.398929214263289e-07,6.30125918785178e-05,0.0011073089084196928,0.0026588139237304683,-6.241124053027237e-05,0.0006612727844667987,-0.0004335375355995169,0.00022985751635971852,-4.5314266909151384e-05,0.00162798895841221,0.000520766037530333,0.0001458165355514928,-6.063839955251954e-06,1.04246116156454e-05,7.302943605044172e-05,8.66719339286231e-05,0.0001521770377392204,2.012894899563234e-05,-0.00232073871178667,0.00019532547087127135,2.737153853976423e-06,7.46771040589147e-05,0.00025644563721845053,-7.476217334770102e-05,8.39962310316033e-05,-0.00014125397476992242,2.6086802837613944e-06,2.8443884512433347e-05,0.0007074912211342414,0.0003131712566868248,-6.0466462611075864e-05,-0.00011691533222010627,-1.249599394201409e-05,0.00010878299952264861,0.00023902552300456663,8.662024920252977e-05,-6.50792468360246e-05,-0.0003103986199496374,-0.00010548295771378167,3.495948664592958e-05,-4.051296341155042e-06,0.0002524823031097334,-0.0004140465161744241,-0.000741198349686223,0.003905476340988659,9.085123752639481e-05,-0.0006416360821479554,0.002692705168155401,-0.0023008386030617185,-0.012243690930613579,-0.012385819997708786,-0.010499596652627492,-0.0009469259514987505,-0.01685220250576056,-0.0009873457289589244,-0.00884832084672412,0.001527426533226522,-0.0012860272057061987,0.0024965701561229943,-0.005040843942061472,-0.002806072277408779,-0.0017423677472520195,-0.0016241084551785795,-0.028251848255081688,-0.00850926060555382,-0.0059231028008190955,-0.011384964356871974,-0.0006243236103012314,-0.06676090744070952,-0.0040621954805986115,-0.014352400045758799,-0.0047164008332583425
D40ALWGC,0.0,0.0002969743613159118,-0.0005936308749576988,6.52563530037357e-05,0.0004669865098931524,0.001760138606358633,-0.0006222941471997979,0.0,0.0010935141422641435,0.0007096101042204853,0.00036109019386636675,-0.0005751511511215496,0.0006160098442518082,-0.0038427479396148274,-0.0002127992386540062,-0.00012641641220159517,-0.00023695501301655892,0.00016787146557027536,-0.00020158431737079147,0.0001634986845615936,4.919650132244172e-06,3.0296177251302363e-05,-5.138918721264831e-06,-3.089758163334389e-05,-3.203324747263203e-05,4.1276580008849464e-05,-0.0016104218126149344,-7.180885357416939e-06,0.00022585629342401496,2.4074027385340784e-05,-5.0624200206127144e-05,1.949510011021745e-05,-7.265646267086871e-06,6.635550282228234e-05,-0.005179926285387914,-0.0013249319249481668,-0.0005694247072400776,0.0011029088761803749,-0.000715313505969787,0.0001666139650784441,-0.00023626970523240378,-0.0011236321788695206,-0.0012459265606630907,0.00021379296089266115,-2.3373722767012274e-05,5.007727063554379e-05,0.00017771197246950214,1.8647813405286722e-05,-3.828572506569426e-05,9.540997507742661e-06,-6.928422514684971e-05,-0.002754463209242077,-1.1164545461097993e-05,2.469910514988723e-05,0.00019458930286584382,-8.781165571058592e-05,4.883969787157389e-05,-0.00019574599750655993,-1.1888399620945852e-05,6.913769275460875e-05,0.0005806384733313547,0.00034717793521169747,-9.741454260655237e-05,-0.00012848097158737993,-2.9789846844455602e-05,6.603547495216564e-05,5.905264088755106e-05,9.44933851155269e-05,-8.211980384190327e-05,-0.0003029808933808295,-7.47959088641376e-07,2.8690808201520527e-05,-8.310896890020318e-06,0.0002503655688549477,0.0001332874165144457,-0.0009780467203231637,-0.0031485927088930254,-0.015524122344852311,0.005359002321808915,0.007985762114915727,-0.002211686315677125,-0.008645349299583077,-0.017367580473546328,-0.008707618646711322,-0.00025820260126885927,-0.020931950404450967,0.00036433811820357954,-0.004377006678197248,0.005008249832362804,-0.0012417441204383606,-0.003902710341863553,-0.012111398367595127,-0.022790197893173467,-0.005699149479173883,-0.002154237831147134,-0.01474329987771153,-0.016338100804537913,-0.015355234123787528,-0.009938012157489514,-0.0011308072271398232,-0.05054959677340542,-0.0066463692363744305,-0.01548142668371056,-0.003408071640391077
524QUXI2,0.0,-4.5846946512182936e-05,-0.00023135321046561928,-0.00011096651703202117,0.000225068581885338,0.0018485935479449003,-0.0005182722099675903,0.0,0.0005470303110848055,0.0003411337031961674,0.00027671503034494034,0.008349565099346179,0.0007032212278476001,0.0008066700538511751,-0.00017012180333106816,-0.00013462621046456556,-0.00017181763142429758,0.00021216040917475327,-0.0003376791206080025,0.00015370446315487391,4.586136777330062e-06,2.3944639083267087e-05,-4.9304935195831495e-06,-7.753541582025136e-06,-3.105694409787621e-05,4.2549098915214685e-05,3.666976395241135e-05,-3.3882442818106046e-06,0.00020372136176769436,2.0395637241709792e-05,-3.879312338212436e-05,2.523685694557819e-05,1.5078533168099427e-06,6.632187767542166e-05,0.0009845236620227148,-0.001218428886512171,-0.0015762260556697397,0.0006250003345778768,-0.0006916667412896844,0.0003875377514005696,0.00011877914694980963,-0.0007898210670325144,-0.0033380720117780387,0.0004031430165286771,-1.5152365157616182e-05,3.204576821483603e-05,0.00012129324406105233,3.310891423349159e-05,3.369382643189497e-06,9.643854630566927e-06,-1.5733510370568625e-05,-0.0024747085347506252,-9.246653487461045e-06,3.670409298733733e-05,0.0002505624111349517,-8.385197520628056e-05,0.0001385290849010373,-0.0001680462396616233,8.51108209997726e-06,2.0281346532891318e-05,0.0007869635624012802,0.0002931675298978913,-0.00011511961272956742,-9.990388321108394e-05,-1.5823929202138848e-05,9.4781658314361e-05,0.00010577558299711124,8.375022442684377e-05,-8.679320014929264e-05,-0.0003035053829631279,-3.131706820378951e-05,2.6920990641188838e-05,-8.34434372727058e-06,0.0002872721314603953,-0.0007415707774562974,0.002177947510226862,-0.0014447420576549715,0.0002220742018146179,0.0030438260987462216,0.005138056632412878,-0.0020889474407784236,-0.010949867822391346,-0.014006672718551444,-0.010635607605814251,-0.0004171079668784627,-0.015290954615123118,0.0040427855849222,-0.002840237476251558,0.0033217061022596216,-0.0014377564119986458,-0.003244277199620278,-0.006140077617866549,-0.02411394813596815,-0.007420322566912343,-0.0014344958577426482,-0.010059008392803227,-0.014585228005483484,-0.013565616366516792,-0.009619695886514845,-0.0010001416130398417,-0.04620975959686433,-0.005504419099636578,-0.011677077881006585,-0.0024705744190043665
8W35TVOQ,0.0,-0.00013242682255954055,-0.00041762858130338484,-0.00010559606799606856,-0.00018837519456199419,-0.009382451505133187,-0.00024451888786374833,0.0,-0.0032365052565813826,-0.0021097722643583514,0.00017362337625245432,-0.0007638849358564801,0.0007326198919780834,0.00028023917365659653,0.0002732098375682303,-0.00022378218207739386,-7.30812127892823e-05,0.00028397378853170166,5.4221832063604684e-05,-0.0013654296212840303,-1.2120731057192343e-06,3.3692163135982955e-05,-5.629416166887987e-06,-1.8591987991861062e-05,-1.365099458308804e-05,4.207037495688219e-05,1.8312940793971495e-05,-1.5169993374530124e-06,0.00017473593440889938,2.5247321596815754e-05,-2.3297120886783576e-05,1.8091807340165783e-05,-4.474636559078731e-06,6.969038540229636e-05,0.001034391409148019,-0.0015756178231864837,-9.995212587677794e-05,-0.0015941678672935552,-6.928144952715175e-05,-0.0027491136658787164,0.00016607033600666868,-0.0007869047951444181,0.00027940751641384947,-5.688384236837676e-05,-7.929632117423774e-05,3.424250840573752e-05,4.483587761394884e-05,3.382643212249044e-05,7.688258029184248e-05,2.1003313199904066e-05,5.891649893374626e-05,0.00011267787548693733,-2.1460638616015964e-07,5.222870203884336e-05,0.00016725322216335056,0.0019904658464155686,4.8560122580200353e-05,-0.00010550544486464309,-1.9554510249699077e-05,9.064805233951378e-05,0.0005749805799322303,0.0004687089706828913,-9.021008730878271e-05,-0.00020105338450290144,-2.842003048324046e-05,9.828969376841994e-05,0.00015976199292563528,9.049213084326561e-05,-1.5262697215695487e-05,-0.00025827293253055325,0.00017472645839195855,3.565131811151629e-05,-1.0871520300973624e-05,0.00043465928826057497,-0.003033126466802826,-0.0008146609944672655,0.006273181122823358,-0.005144155701901139,0.0007388142704536643,0.0014124347150882629,-0.0022799464455481437,-0.008750902945409016,-0.014919704197651354,-0.006973851043342851,0.0030260175623166457,-0.007182525138878516,-0.01090268438437122,0.0013240846124254477,0.002085851595656047,-0.0014133268734580168,-0.0017180505725183396,-0.008307597600163542,-0.0025685930932937053,-0.0011630211333705995,-0.002482730203797217,-0.02290963254822699,0.014972710818756447,-0.005853802772771044,-0.009412480792043933,-0.0009374292387769011,-0.05354288544903488,-0.004501715639094104,-0.014924913272599786,-0.0007443712442085759
3D6LLPA1,0.0,0.0008342416952024228,0.005134191916297691,0.00019364618147302891,0.0001879058233570714,0.0030808954285201032,-0.00031021832258449196,0.0,0.0013826996622940504,0.0011129633613627052,0.0002717642389337429,-0.0006647214135096724,-0.0035197270717386895,0.0003840717447833548,-0.00010346897704137851,-4.711848218916768e-05,-0.00017513284917573287,0.0006338317179928267,-8.142993676637746e-05,0.00024503358657614017,4.274798889818087e-06,2.11148541265641e-05,-4.088054580427903e-06,-1.2238333321293286e-05,8.777544154247135e-06,4.333362564231386e-05,3.5970808360951306e-05,5.716952979791281e-06,0.000166087809312921,2.1188726915752985e-05,-2.7991422463290916e-05,4.3458254878976665e-05,-2.241205897951068e-07,5.947102684454445e-05,0.0007708016850273803,0.0035452244664495626,0.00047506297186025866,0.0005542763842453141,4.1760289262964405e-05,0.0006248446486289082,-0.00025898869682961363,0.004739394409163658,0.0003185845941970148,0.0004021848316216712,5.341442140885391e-05,2.9423681152449538e-05,0.00020837789353067896,8.518753378091522e-05,0.00024691651032475535,2.8151995109650872e-05,0.0005645532889002491,0.00015670707040928126,-1.845820239637822e-06,5.706098540199505e-05,0.00020939379510793142,-6.945765971723758e-05,6.479903964341855e-05,0.004350258787276907,7.332537483550929e-05,5.977142189173108e-05,0.0011930454237966104,0.0003925136081274547,-0.00011034271472078571,-0.00016670876656703414,-8.675504315580971e-05,0.0001039836807012201,3.39042090883897e-06,8.154535305012086e-05,-5.7217072662106276e-05,-0.0002803317153062983,0.00017794972634545882,2.960981059536508e-05,-7.553638654778673e-06,0.0004367133920417044,0.0016487393478707628,0.004514081162595457,0.0025941086614327037,0.0011257193485470025,0.009628259860377691,0.011124580576827142,-0.002480257613403552,-0.011290285142864665,-0.013177432941398212,-0.0028940837177027097,0.001420494158796492,-0.006999998317569571,-0.0033812588332953484,0.00546267869978576,0.0006501924757750798,-0.0011319666536481197,0.004543849601535977,-0.003587582092596221,-0.004035574611065557,-0.0038384571665341306,-0.0010374468917894617,-0.015375143255221825,-0.009153534819487993,0.0012748947011487711,-0.005120587761949477,-0.0005077025607281615,-0.049628604423528705,-0.008245795800312705,-0.007349666430735514,-0.0033793041953367165
58QZ1YGK,0.0,9.28676234275027e-05,-0.000583684474677371,0.00013277339583798808,0.0005137911351056023,0.0018581979803211728,-0.00024252029336048638,0.0,0.00037248323584490627,0.00032240811049366385,0.00017227553647958282,-0.0007246945412098915,-0.005840139730531986,0.00012250063160322333,0.00012517963924681605,0.00014590459724581086,-0.0001239260845125886,0.00027526825065178796,-0.0006827287905470642,0.00013505211078412513,6.946549054149853e-07,2.2687824779868336e-05,-1.0307141535212717e-05,-6.058498831954556e-06,1.9082290462910717e-05,3.497791395546175e-05,3.0934539643379535e-05,-1.4187408392343257e-05,0.00019385319786484947,3.0314457770579606e-05,-2.8957177933010164e-05,2.2635161100529746e-05,1.0123601756553957e-05,6.663351947694605e-05,0.0007073292621775354,0.0011667966573496945,-0.000770142000142739,0.00018512056277329066,-0.00024382188302527803,0.00012367961890792642,-0.00048038653596816245,0.0007843639804431576,0.0003703696137066661,0.00023917311869777114,-5.107717879810469e-05,1.1527706502352301e-05,9.204491116587672e-06,4.1161635017551205e-05,-9.142999990331563e-06,-9.282528603194007e-05,-0.00012670676187414784,0.0001337574606363744,5.32227464519907e-06,5.787225088267878e-05,0.000249181397236622,-6.282120167767855e-05,0.00010314360789423306,0.002812438013857243,-5.615350815432779e-05,-2.3787586159624576e-06,0.0015228711348837557,0.00023528574155739026,-1.1949418609268755e-05,-0.0001301847133117647,-7.793271244851813e-05,0.00010065543413857722,0.00014847422012254088,7.879988856060831e-05,-2.032671244754754e-05,-0.0002524747240046288,-2.6932961348189984e-05,2.2066755871696884e-05,-7.5250443795890505e-06,0.00024595316805233397,-0.0008814445796426506,-0.0035351011241090617,9.980091557741583e-05,0.014136344098562296,-0.009708914936990522,-0.010506749387987383,-0.0028400476569741396,-0.006781695741644708,-0.012225018913960333,-0.006544327688475107,-0.0013717705207675897,-0.012003120975457873,-0.008246571272716384,-0.0004263925188655534,0.0004400940892269734,-0.0008730814449947366,-0.004353982727454381,-0.013092417956241395,-0.002071817877848049,0.00037370724989775964,-0.002538572703069038,-0.02388092961987254,-0.011661395202309768,-0.006799542662548907,-0.008961888709512575,-0.0010110286364872865,-0.0583743589039012,-0.006516014697212932,-0.013347374451683127,0.00034320918420035476
OU42AWAE,0.0,0.0008196285995955583,-0.0006909594310833743,-3.1494598362368224e-06,-0.0002067576139403602,0.0025584492601933647,-0.00018959302015311702,0.0,0.0008660421696327365,0.0005709578195730592,0.00034756484854536285,-0.000663307908763697,0.000572237878366007,0.00018662861109250984,-2.4327466582983224e-05,-0.00018353172660957732,0.0020735219516040755,0.0008390887427566247,-8.829809146403402e-05,0.000176766227188424,5.276619687472238e-07,6.183020947879806e-05,-5.122990721687985e-06,-5.569855871059323e-06,1.1567655168675157e-05,3.504057139358354e-05,1.8255193746155977e-05,-2.299550139700959e-06,0.00013569308872178997,2.5033798841056607e-05,-2.4512387548599378e-05,2.3500782679264863e-05,-4.295823098643848e-07,5.77520256990239e-05,0.0010277535396269546,-0.0020146501983527728,-0.00047816206038924994,-0.002829531081046708,-6.03791929753071e-05,0.0005839213759738994,-0.0009356272516709532,-0.0002139251674554613,0.00028859150683885695,-0.0028281315656517574,-1.9991688980383476e-05,6.576805255788634e-06,0.0001021402968226736,5.719167807006925e-05,8.228874171431401e-05,-4.580539202812279e-05,0.0003403929333008696,7.260747471044965e-05,8.617293837212571e-07,6.366312570914352e-05,0.000219792172341946,-6.815420223523012e-05,7.821914755684155e-05,-0.0001701075282742904,0.000513691010394405,0.00018861296526245924,0.0010376322790719343,0.0004670307041031992,-7.960416063386666e-05,-0.00014993695380531455,-2.548777218620856e-05,4.472219872546759e-05,8.543118366792687e-05,0.00011255221977675096,1.518283741938235e-05,-0.00019743526311123273,3.623187480805893e-05,-0.00012180647244270084,-7.056587607674468e-06,0.0004404478624959905,0.0015071078747909937,0.002449627935541982,0.0025534265329171997,0.011630217088399739,0.007697032547706156,0.009733065252420434,-0.002736824000556724,-0.005471022910289955,-0.009161490787088018,-0.004826953753931218,1.7523649270935255e-05,-0.013378584962989378,-0.0033914210960341055,0.00173877446186314,0.0009756752291476809,-0.0012280654149578242,-0.0016511963077903299,-0.00833497908227522,-0.008242579816981349,-0.007098275018759496,-0.0018146743644735085,-0.0293603814694399,-0.007548750833323535,0.003643707830391757,-0.007087484581133534,-0.0009305158521099154,-0.05437525948256451,-0.0109844982169524,-0.009155536222519413,-0.0031979058899492797
OJOJPNL6,0.0,0.00030555255839132445,-0.0005737802504176397,-0.0019269522891378103,-1.1222158439915871e-05,0.002336834951241536,0.00013167983478008246,0.0,0.0008917184079115667,0.0013894817698865969,0.00028444103650191626,-0.0006600877083618092,0.0004249834725126798,0.0007079821846601546,-2.1539491341506237e-05,0.0010304778553682063,-0.00014483727810222675,0.0002702088869009524,-0.00014047131684379147,8.972240728640896e-05,1.37461579305964e-06,2.611265395941053e-05,-4.890157829208439e-06,-7.63470203650397e-06,-2.414304559609188e-05,8.378833875178593e-05,2.174454591007872e-05,-3.4857444482914613e-06,0.0002628218772652072,2.2474820580950193e-05,-1.7445981526778596e-05,2.680473989002373e-05,1.541402258605884e-06,6.538492710727128e-05,0.0011146029312740988,-0.0018678922492266921,0.00021816311823254437,-0.0013412916771260238,-0.00022185359554880354,0.000728083429214135,2.283157557431486e-05,-0.000624330857925913,0.00041833447492284066,-0.0010324758553165252,-2.459187531578371e-05,1.5153870243445909e-05,0.00013914035666370367,4.6773309884773476e-05,0.00011982170799451461,-3.019837898016025e-06,0.00015683839651249294,0.00018544787996413147,-4.806767044644496e-06,6.417573610011203e-05,0.00020869353070448234,-5.52837953361595e-05,0.00024361443337670186,-0.0001061287026181558,3.9081634017955e-06,-0.0014573240335488682,0.0008685854008355597,0.0005739998102370243,-8.482928263608202e-05,-0.00013131017605343064,0.00011147423061302595,9.818497724555482e-05,0.0001593369633130936,0.00011366869426229956,-5.866094845393591e-05,-0.0002718736455086314,-1.76379040254964e-05,3.306476382003332e-05,-8.629500962749436e-06,0.0005511524965754818,-0.0013855422077969897,0.002559254857745797,0.00603843592205618,-0.0027219890827303306,0.00027112341410063005,0.004104850236112439,-0.0025393349824753787,-0.005579817153541337,-0.01449918326999658,-0.009176641190860865,-0.0007008179079988206,-0.013546046823517531,0.001694398667224121,0.004113041324806938,0.004384022113051527,-0.0014265841744484254,0.004178095772096415,9.737412651413864e-05,-0.0023328722685946987,-0.0010238070837687513,-0.0017267307741954039,-0.011476001060274507,-0.01377167646301555,-0.009667956083620841,-0.011864295031322322,-0.0008829834503404857,-0.061875122347481354,-0.0031864210153963084,-0.010519580407873107,-0.001971527597485208
MENKE9IV,0.0,-0.001269388070501054,-0.0006422415495126539,7.287618037702751e-05,0.00035957963700840166,0.0017536308171985993,-0.00017401689079176837,0.0,0.0013004063746755847,0.001430863940360436,0.0001589584986334769,-0.0006438527610869541,0.00042565010911427503,0.00044032253166977303,6.717774046077002e-05,0.001569196292936695,-0.00017572749014590532,0.0003451728573781444,-0.0001644228987292866,0.0001056511872607048,2.5765935484718904e-06,2.6596845565530108e-05,-6.43575703235595e-06,-1.0681445953065486e-05,-2.540397987891961e-05,4.5573523945741975e-05,1.9014263653839837e-05,-4.663756930519861e-06,0.00019558375720521692,2.5173617601206634e-05,-1.8822724087228026e-05,3.381813947581535e-05,1.5389727187104043e-06,6.330863986698829e-05,0.0014610900199629232,-0.0016979503741410141,-0.00013356370521088267,-0.0018876594055683119,-8.143466087198719e-05,0.0011213407244588,-0.0006796612522689893,-0.0009601940820510871,0.000245898097281333,-0.0008380869541104917,-0.0001631052776384815,-1.3500384385161285e-05,6.620951281198206e-05,6.859035330258344e-05,0.00013439391406187094,-8.626601998290707e-05,0.00031720066690560947,0.00011253699341532287,2.3700232613495414e-06,9.188795180441524e-05,0.00018247711110020137,-5.380695912506878e-05,0.00010941255345873895,-0.00015652069052215497,-4.780232171132425e-05,-0.00012188377176770505,0.000899049892449217,0.0005307634338529328,-0.00010138321892615935,-0.00016856643242676864,2.099870414938319e-05,5.38950775483363e-05,0.00016342840374450313,0.00011686157261519458,-3.279289335484619e-05,-0.00029300074699912994,-0.000128270611598298,3.969591769011516e-05,-1.060241644838236e-05,0.0005728600545547092,0.00016560130605350584,0.003508855951949201,0.0038061977806145677,-0.0018078527015532888,-0.0023935744179432116,0.0018457186093434907,-0.0029194283005925157,-0.006094181247485506,-0.009006583482396224,-0.006022156883665809,-0.0006265087091988527,-0.015845292761803617,0.00043810292985372153,0.004654713185944523,0.0016508850623816991,-0.0011976917791337977,0.0031771899020697886,-0.00585600535891334,-0.004679303043770895,-0.004798893279598805,-0.0016188048111004185,-0.03651361803650518,-0.006042275393461531,0.0008230141086834137,-0.007135590483985069,-0.0009853376139938095,-0.05709360701148804,-0.006521724204542435,-0.012766825662652607,-0.0019460744608034556
PXSDIDXO,0.0,-0.001909056424557806,-0.00047825883046298106,-6.884498468169487e-05,-0.00011592879016102121,0.0020965668164919845,-0.000710449591201632,0.0,0.0006393973947871793,-0.00013736485524457994,0.00024430815959470366,-0.0007034006089925741,0.0006212250648538164,0.00022482943454851714,0.00014579723184353238,-8.522167129230491e-05,-7.173244163660383e-05,0.0002792161099921888,-0.00011672050519914536,0.0001761606621628976,1.2454162367953965e-05,2.247038718188425e-05,-5.0310696129536146e-06,-1.4183258288560993e-05,5.222691073808373e-06,4.2739175639910777e-05,2.5448204670352133e-05,8.775650977779546e-07,0.00011526582598880198,2.4876433589005886e-05,-3.111682651869525e-05,3.709481167872046e-05,2.0524361283854565e-07,6.226776288833695e-05,0.001484681556238564,0.0026707844379336176,-0.0003399586500931354,0.0008533989381011023,-5.7288595351797766e-05,0.0007820657442137842,0.0014315655903188128,-0.001241717842636684,9.773955681810045e-05,0.0004950238036138495,-4.690090728392731e-05,-1.6007357684104982e-05,-1.982643929753202e-05,3.231242911700777e-05,0.00015630370047689648,-2.7816933748319248e-05,0.0002452489597053239,8.071613164997891e-05,-5.917267020032746e-06,9.765434302682004e-05,0.00010191591976289167,-6.251042737466067e-05,4.680395721874342e-05,-0.0001725973445568225,-5.7121990153562844e-05,8.141593909589404e-07,-0.023037144669438132,0.0004720431351194707,-0.00012840529168775736,-8.814326353375747e-05,-8.001307516901115e-05,7.036190777581362e-05,3.8951597461401764e-05,7.871663158062632e-05,3.5758367182877106e-05,-0.00034120486947869527,-9.629617561039183e-05,8.811474057534792e-05,-6.62829709047054e-06,0.0004499395811168209,0.0005749752254760245,0.0017540785939070482,0.0037684266779585713,0.008719583068709154,0.007143376403278977,0.0066144739405906905,-0.002696863125250463,-0.0014686309817514387,-0.010798578524794386,-0.00502029351645658,5.525489552340239e-05,-0.013044131572064993,-0.0028788063215925567,-0.00416768614892243,-0.004398648138651359,-0.001181534262474615,0.0023382043542359825,-0.0068309537463693065,-0.0023934201773919794,-0.0032471026370691288,-0.0021942797539237224,-0.029963910710689184,-0.008588155416883484,0.0032179795086295987,-0.004478604938328569,-0.0009495307721544319,-0.04728763286157462,-0.0013754156512508328,-0.008893494073160584,-0.00011097981810634953
5PIJNVMB,0.0,-0.0009500299277187625,-0.0007712547365747982,4.449447378660323e-05,0.0002160239549453309,0.001930461081751259,-0.0008490422382742781,0.0,0.0006948139993528418,0.0005527834228031566,0.00023405687127836977,-0.0007380490738258795,0.0006332876372501549,-0.0004853006469352917,-3.848099733452346e-05,-0.00018672348477080607,-0.00010093480806170119,0.00037914047807322915,-0.00035106744841878896,0.00018058540904905353,1.63419478555236e-05,3.6383573664558775e-05,-6.080799028059566e-06,-4.5250785999165326e-05,1.0997689250125754e-05,3.909844550366157e-05,3.4329261986037685e-05,1.2627378642046719e-05,0.00012512706052079456,2.531412060395248e-05,-2.403584100232865e-05,3.1348450808621924e-05,-5.694177644497461e-06,6.126199698547947e-05,0.0010160507949086436,0.004484162481100682,-0.00016936257948797412,0.0011427691518244747,1.501552365327856e-05,0.000589581635846764,0.00044566505874608,-0.0005886409317592817,0.00019275458486072523,0.00047056633291886945,1.8682748459952024e-05,1.894081255101791e-05,0.00015833023877978266,1.9099493697646496e-05,6.528392779987075e-05,-4.175357745560681e-05,0.0003471411148276491,0.00012481082752770794,1.1882888473607917e-05,6.24862061181621e-05,9.887169946892532e-05,-6.731613502889714e-05,6.55577608681759e-05,-0.00021013463017960477,-3.530756398291733e-05,-2.2205276825855426e-05,-0.020099003107157537,0.00041222449430088054,-0.00013805361637106317,-0.00012815834047321363,-0.00011736078835628282,5.7310760786452355e-05,2.008812442955002e-05,9.224840880076493e-05,2.0531043101027945e-05,-0.0003494468276780334,1.1979631450978062e-05,0.00012402336520075678,-5.855324648743674e-06,0.0004874907914403827,0.0017045459857146388,0.001913946573203306,0.0011518910549561236,-0.013255919493440347,0.014403741710476023,0.00857401365510723,-0.002543487153082591,-0.0016381504979813193,-0.012637949824573239,-0.005393916431640448,0.00011014733083449481,-0.015183839404762776,-0.0006781663178100975,-0.0029817865880380906,-0.006686680713074786,-0.0009540116770713735,-0.002216530893845021,-0.010373894218708124,-0.004067014692093323,-0.002179740084967636,-0.00258713920215055,-0.02643697244679847,-0.010457179058543268,0.0016503828425955688,-0.007190795090511724,-0.001118339628051728,-0.04957915108146891,-0.0039012500586938755,-0.010576585325928948,-0.0010166155155138185
ZLFKHXXI,0.0,-0.0006286850935851357,-0.0006217304269916901,-7.100633527163834e-05,3.748552742487145e-05,0.0031215889197691448,-0.00015526682688994382,0.0,0.0010562485909346047,0.001045556525797808,0.000303377170673714,-0.0006383436439941336,0.0005863175934289322,0.0003186218730108134,-0.00019558253151539203,3.4577176280523627e-06,-0.0001082238428323199,0.0005289069641609332,0.0017016652153642037,0.00014655494617476066,3.857745620669989e-06,2.11618281028489e-05,-6.1874689478549e-06,-1.8107729910973535e-05,2.045287813597451e-05,3.441638344246823e-05,2.8289845068928083e-05,5.849061349974412e-06,0.0001862565427659772,2.7466767060571244e-05,-3.329417650880074e-05,2.130942323515511e-05,3.386523239806009e-07,6.23949559762323e-05,0.0013670133801594634,0.0020598464213451373,0.00013634099392214122,0.001137591095653176,-1.6304783290052237e-05,0.001114556347246359,0.0012402748532355174,-0.0004701396851783943,0.00016538409751908092,0.0005328458702354027,2.001864196432013e-06,5.364357239102343e-05,0.00010428950235365052,4.6902007131617995e-05,2.5179695265969147e-05,-4.969296422654525e-05,0.0003034305936934922,8.784660297787782e-05,3.240630662871467e-06,6.273980021097707e-05,0.00020106719370820318,-6.168002772858534e-05,8.047310820269565e-05,-0.00019572593765081338,-6.276270987555782e-05,0.00015122884994733042,0.0013465459816894754,0.0004647227855568297,-0.00015265388444763746,-0.00014946919887018055,0.0010209082048157408,8.107263730423201e-05,7.227172589420823e-05,6.240018777666932e-05,1.5264189350052468e-05,-0.0002454230761912785,0.0001262464212397313,0.0001389502975767319,-3.3389211817011828e-06,0.00046029326606177826,0.002019639863281607,0.004147304631022036,0.004012719292386511,0.010323357167897862,0.01562836235625923,0.012393405079617767,-0.0021975911196416994,-0.00020324608409492514,-0.010020592729309646,-0.005572710969537283,0.00013434946357683948,-0.011923467830343091,-0.0011934061318442362,0.004741289431934988,-0.006863121532390235,-0.0007327861787440943,0.006951483950906832,-0.007769754299427028,-0.002046108492813435,0.0028730813558333706,-0.0021889281738883652,-0.020828822378979685,-0.004747990445244797,0.005207052275535525,-0.0036284621075069064,-0.0010136975767882552,-0.04838055237621792,-0.003298945552043195,-0.007780362356798297,-7.421300926558265e-05
WIDRX5N6,0.0,0.0002034947561565895,0.003642266992804526,-5.8871530843880625e-05,0.0005934431692712217,0.002921543900061655,-0.0008195192199059388,0.0,0.001330550656808405,0.0008286197941096804,0.00031359301265960885,-0.0006749945598412271,0.000662663342651016,0.00037171056154219315,-0.0001640631498975846,-0.00017596756477716573,-8.952222820180118e-05,-0.003064342525233911,-0.0002946961408131794,0.00016949345706238593,3.7450259081068254e-06,1.978956055919052e-05,-4.299630419261873e-06,-1.3172740803147982e-05,2.1810526816044855e-05,4.565920789355917e-05,3.0302078941194367e-05,-2.467207277796898e-06,0.00018259068874936505,3.672147263388583e-05,-1.780502246741269e-05,3.305618781348132e-05,2.294615654528978e-06,5.6223928348846066e-05,0.0014430526644722236,0.0018937603551385175,2.164060456186005e-05,0.0009288134580321742,-0.00020619164535469012,0.001148000016109793,-0.0006745439642535946,0.002716345164277322,0.0002551869094693167,0.00021545501323828135,-1.9097454106366432e-05,4.992234083471103e-06,0.0001295855893383187,4.792741201559722e-05,9.048230752024982e-05,5.876483525337225e-06,0.0007449473336479225,6.938163991302263e-05,7.171781614820782e-07,5.5509659137467555e-05,0.0002818545376266024,-6.46618168220545e-05,6.22997039323452e-05,-0.0005677386822488343,5.292667759265602e-05,7.87658683312963e-06,0.0007301577842424309,0.0005499252737055256,-0.00010640042365082546,-0.00011213169566343742,4.751389901477327e-06,-0.002900032234962626,1.2758386296511157e-05,6.964540229258816e-05,-4.2241086144495106e-05,-0.0002453679618130096,0.00011324003858716328,1.2671658367264807e-05,-7.487834578621308e-06,0.0004155837171107869,-0.0003357760384752068,0.003031151762617153,-0.005528633398818968,0.002038456477320306,0.005242576321250817,0.009231672584026296,-0.0018675240409174734,-0.003095411572123945,-0.007727381651689476,-0.006951964087031021,-0.0004792605819077921,-0.00955460137373899,-0.0014790190963121174,0.004928418726115758,0.005450645978131995,-0.0012209304910331155,0.008440074283873753,-0.01018491284004254,0.0015160207041491625,0.0008741258840019155,-0.0004688777223679125,-0.01620023448698281,-0.010500728732864688,-3.1181850034601144e-05,-0.0003852932886960821,-0.0004747470348159537,-0.044949270315578875,-0.005116901283404193,-0.009022391054115484,-0.001989083200168186
HJLKGIH4,0.0,0.0004600561069147928,0.0044309843911543795,7.078676908220468e-05,0.00023697833320653465,0.0019211186247509843,-0.00023381094896857282,0.0,0.001239839356106369,0.0008645554403225621,0.000198289229004843,-0.0004928062778537907,0.0004609767701381136,-0.0031250198302757927,-0.00016536384265274136,2.9532689578502482e-05,-0.00025592145565786934,6.916885673732744e-05,-0.00010231489580563423,0.00017590963863254677,4.04124631690649e-06,2.837008199853424e-05,-5.155538597170622e-06,-2.904540346175321e-05,-2.9486097350985256e-05,3.972585267456161e-05,-0.0023887089420489534,-5.5496274414092746e-06,0.00016764396156652392,2.2436623191251184e-05,-5.1755007432887776e-05,1.7902303326662957e-05,-3.574107018345043e-06,6.477820549650148e-05,-0.004265950262713482,-0.002007682957019334,9.197451195945702e-05,0.0007364144472192838,-0.0003131428919779401,0.00039832064596447616,-0.00037047739701068607,-0.0009175641579489458,-0.0013997100788300306,0.0002224288969861494,-8.128307763863174e-05,-1.3976354264312977e-06,0.00019941817189163922,2.444448365651137e-05,4.462307064831555e-05,2.538124142918064e-07,0.0002170959738939861,0.0002507792164254219,-6.32863828921268e-06,5.055784077721404e-05,0.0001774163858550599,-8.095142790318204e-05,-9.578852953309122e-06,-0.00028106509747466446,1.2442970832815552e-05,4.128311638000077e-05,0.0005640491370472682,0.0003979361648559227,-0.00011711571068466706,-0.00014616419615452083,-3.707917759202434e-05,4.332773250320093e-05,0.0004446936732536373,8.416723155554543e-05,-7.665791538466026e-05,-0.0003152193177128438,0.00012465075887908744,3.773386453817238e-05,-5.42138807550784e-06,0.0003253709658049403,0.00026938058740975007,0.0007279323297306665,-0.004380784285084911,-0.012471071856244966,0.006282681281114143,0.007080688858899432,-0.002465858487988037,-0.0064815006933526915,-0.01809670379792266,-0.006140697680509625,-0.0004474188740287015,-0.017129770575311145,-0.003932793270209428,0.003654074791970162,-0.0025350475974333835,-0.0012335601647518388,-0.0037536286042001176,-0.013946607093863844,-0.01941807953893628,-0.005503096519102488,-0.0019137266122702418,-0.019371762137209172,-0.013632836843772835,-0.0009059727680751861,-0.006580767419766403,-0.0008449784772450627,-0.054124809300423044,-0.006716307800073449,-0.014993297801790262,-0.004339928128146718
DF6A63B7,0.0,-0.0003212833925552522,-0.0001643031411263572,1.0449009698644993e-05,0.00030967305694610625,-0.007097347352589897,-0.0005945034353334298,0.0,-0.002217520968494799,-0.0022021985299174964,0.0003015040890317507,-0.0006196385937561184,0.000672983943810429,0.00013266208565104563,0.00012270928146067208,0.0025008326292535465,-0.00015085603641141592,0.0001619322837647475,0.0001031727482320652,0.00018678468974407767,2.985347137581574e-07,2.2781138774774696e-05,-9.243784815706795e-06,-6.795490923417988e-06,-2.2478769071661753e-05,3.66673066401955e-05,2.5864253709531243e-05,2.8469118632342387e-06,0.0001307586904361388,2.5155640378937532e-05,-2.523785525006412e-05,2.1677167830679187e-05,-3.024264160076128e-06,6.796751896555875e-05,0.001319321030495477,-0.00041443971523411814,0.0029423327750365963,0.00036628995858075725,-0.0004958991962694496,0.0004856536025647527,-0.00019536360111273255,-5.865617707107642e-06,-0.000703694220875349,0.000516091276655504,-2.495296024408382e-05,-0.0002789719914073359,5.2985772425417114e-05,0.00010038216317826531,8.703536881545524e-05,5.0833948538714777e-05,0.0001148515830164693,0.00021196648615478574,-1.5113201930000315e-05,5.192543734440469e-05,0.00020009628693760237,-0.00011578645237352763,0.00014238724184169137,-0.00018093501837111083,-4.215002557079878e-05,9.609432029113372e-05,0.0006979931426785931,0.0003447502764547914,-2.8718603396448866e-05,-0.00012134385477450361,-2.9398549678120744e-07,9.268279940699136e-05,-0.0019887869329271134,8.321951948582636e-05,-3.710915806716282e-06,-0.000257723669781949,9.515546117873605e-05,4.4084177455808186e-05,-7.397816252497753e-06,0.00027846957336404384,-0.003668095453111355,0.003136145397163383,0.0029093904657351427,0.014383976459099728,-1.2507400644645753e-05,-0.0012757398317646688,-0.002486157219345345,-0.0022397320565739967,-0.016207704166594967,-0.004879828616171927,-8.329721817742303e-05,-0.0101929973371362,-0.0023925625557275915,0.0018915800421428714,0.0022107470540301878,-0.0012975637049113579,-0.003925806238453735,-0.00640856335457739,-0.009076721732945842,-0.00390767186592756,-0.0025635942620737574,-0.020462605954972724,0.016111429076077544,-0.004213828564332832,-0.0073513980874991315,-0.000985643499989022,-0.04744366164934824,-0.00753945601214077,-0.012838626761823886,-0.00470060379109414
T2EM55FZ,0.0,0.0003247047620904335,-0.0002746051776883331,0.00017081364730985922,0.0004993905146368702,0.00364341344286802,-0.00030244479985170784,0.0,0.0019230699069442715,0.0018739132470870458,0.00032098489622636955,-0.0005034576172152477,0.0007062836414540936,0.0004919034093417768,-0.00014610014827440165,-0.00032309839513543697,-0.00015297710590106187,0.0004025187270526134,-0.0002938537555070677,0.0001772809957460296,3.3190186602303026e-06,2.5046974320839873e-05,-8.387178927989454e-06,-1.1833849281613277e-05,-1.794728133546707e-05,3.778865908039659e-05,3.1566099299485805e-05,-4.160533747689084e-06,0.00024981053343153884,2.2739030628948512e-05,-4.030115799981595e-05,2.6021537554634683e-05,-1.0721976355802193e-06,6.892738108141244e-05,0.0009761328807963822,-0.0014183507355701695,-0.0002602640804928458,0.0014386141713816482,0.002297219488437247,-0.00011950849075264395,8.319241485490246e-05,-0.00015788575072189166,0.0004436084785116562,0.0006558042200297847,1.1548224123593887e-05,8.883544529995559e-05,0.0003476820510639786,5.363777162495145e-05,0.00021100850560965993,-0.00012368634858636094,0.0001325505439174005,0.0001926835676490179,-1.0171961725106925e-05,6.441189150007228e-05,0.00019015819062291207,-5.222518827466327e-05,9.486929095843327e-05,-0.00013971842934063183,-2.748408747230212e-05,5.2643268387853836e-05,0.0007862773115056568,0.0001889301908112451,-0.00011089715914846098,-0.00018020250917398823,-2.6697584964626094e-05,0.00011442304712929489,0.00012429608365843782,8.23095228907213e-05,0.004259419308157957,-0.0002796504615307996,-5.91490074344735e-05,4.349065414566204e-05,-1.683220678522323e-06,0.0003440542943552613,0.001445327845240299,0.00033789691230579137,0.001463569481811786,0.007456542025721281,0.005455103050649598,0.0068011216932005285,-0.002453181090704617,-0.0018731770821304962,-0.00932288077567,-0.008167195100869417,0.0012894677967548488,-0.0018126693254451756,-0.002346477261096006,-0.010337536456537778,0.00183103946298327,-0.0010619142286543667,-0.004090781332163104,-0.0033711354995686264,-0.01124833955650146,-0.003246951549684047,-0.0015537258168426805,-0.021745052067133595,-0.007499164411277031,-0.002506382789640784,-0.0071472066469168,-0.0011177544771922242,-0.05090995220528406,-0.007557309072815015,-0.009181226113237993,-0.0018056558123184538
KDQL1O1A,0.0,0.0011923547270319436,-0.00031405327046397095,9.328400008395133e-05,0.0004642496481527596,0.0018783719542591404,-0.00039815391986220853,0.0,0.0007748258365603531,0.001471812837545556,0.00010652707300242987,-0.0007393049993254774,0.0005447694997676823,-9.499276907943245e-05,4.238593055015504e-05,-0.00018154074166808236,-0.0001766731218015013,-0.0006947248085622028,-0.00019216200621419987,4.934912647045316e-05,4.725915397499238e-06,2.9281409937459188e-05,-1.7465574679579528e-05,-9.05004671764006e-06,7.479023211108905e-07,3.1453149528759477e-05,2.9694592142960015e-05,-3.079998222564232e-05,0.00010887742077298995,3.1169628547197504e-05,-2.097661570867258e-05,2.9206522048675456e-05,-5.366684092589189e-06,7.024129580265554e-05,0.0011609528258795625,-0.0008313324488094734,-0.0010837458439445897,-0.0010914123755526707,-4.4621521754411884e-05,-0.003173593212071112,-0.0005321591560696645,-0.00013571274839970198,0.00034899142898622116,-5.193857382965361e-05,-2.6660615865320407e-05,-0.00017997006444947763,3.724068246625425e-05,4.690991335372679e-05,1.4513296635982274e-05,-6.588582108673547e-05,0.0003300222937621869,9.815385929559207e-05,-2.778943865783497e-06,6.110745564816638e-05,0.00012628909250092673,-6.500197553332376e-05,0.00010371753888546686,-0.00021316748827655368,-6.297827081642326e-05,1.362008835639457e-05,0.0010097635890535398,0.00022923225111149952,-2.3082177767902202e-05,-0.00015579070894527824,-1.855504668954228e-05,5.4723886241946845e-05,0.00021360354741296664,8.651565989898488e-05,-3.726639930629715e-05,-0.0002208001371979217,-0.001558652627835937,5.3707422491350274e-05,-4.37306462181921e-06,0.00025985326082212886,0.0007005063409110879,0.0021911865278516304,0.001134121606689427,0.010047263525824452,-0.008997339889559784,-0.007711952481356432,-0.0022972346344660396,-0.004804454558315812,-0.008848799619232324,-0.010552417950028741,0.003027455406306993,-0.011269680614001026,0.014713766812715651,0.0020627723490294495,0.002868079002138449,-0.0015716703831846822,-0.004802053272317487,-0.0038871546916381403,-0.0011951524910340933,-0.0021587037367590926,-0.0023050385893355124,-0.028064418643298925,-0.005419435536501406,0.0007632566495538529,-0.005282090240516716,-0.0006634504408002932,-0.05150988863023514,-0.006229543489137862,-0.013454712388322666,0.0022119593599589705
75HKH8PS,0.0,0.000371118036570157,0.003688982538707064,0.00012792317087397114,2.3695447101145816e-05,0.00324220798251139,-0.0007006769116329337,0.0,0.0008929986453750676,0.0010689574621272533,0.0002862028195866716,-0.0006954493706770724,-0.0036439466521070163,0.00036839205018537023,-0.00011404084602064841,-0.00017872544309830847,-0.00015711109223764125,0.00046818792660211926,-1.4599248497669724e-05,0.00039310210936210904,4.566141599635488e-06,2.1228301737395534e-05,-1.2993179644278975e-06,-1.2108209900033037e-05,1.3970630238487839e-05,4.66720716002816e-05,3.446618139261979e-05,3.6055860238937193e-06,0.00017440047065630726,2.2660865154448956e-05,-2.7991666752203213e-05,3.688961120729427e-05,-1.6468897713179134e-06,6.0343409371035146e-05,0.0008632194768564955,0.003294024497919914,0.0002985697171135997,0.0004585474192074283,5.992318944093642e-05,0.0005895307945846769,0.00016444554949095668,-0.000949062676612151,0.0005765104148145175,0.00039267803295116435,0.0017777181223177867,4.7286045679525884e-05,0.00016496943203407393,6.162719916308245e-05,0.00027409876929451564,1.7651764631555884e-05,0.00022782321916195144,0.00011107594235114322,-9.624741360133381e-06,5.5298393873232286e-05,0.0002104664112422737,-7.061195282853452e-05,6.725033311865706e-05,-0.0002622719019735652,4.939600568930924e-05,-5.0939700141168445e-08,0.001218427798117777,0.00040754575583335385,-0.00012221431320455373,-0.00018562477765659234,-0.00012413474055416338,0.00010245313651014472,3.0227036146774735e-05,8.500090818361262e-05,-6.44276738938804e-05,-0.000302400118205737,0.00013881880614076064,3.49186840614727e-05,-1.3296778173469641e-05,0.0004556540744723759,0.001038328124693053,0.0030816732032474723,0.003740779123673454,0.00021615211721280763,0.00962991752600022,0.009372075385162664,-0.002556262533566986,-0.009524792351657582,-0.015116925632181125,-0.0025238619260838815,0.0016399884479125662,-0.009896556161166874,-0.0045139232150725305,0.0033086636778389203,0.0022412982598479453,-0.0011492940894903545,0.00450363525922605,-0.0031987504001505795,-0.0030932834169129743,-0.0057052974650718315,-0.00145530654167712,-0.015048091504737545,-0.009656987386455845,-0.0006431431199035417,-0.007367108190416184,-0.0005341856585956392,-0.054081191311994854,-0.006528326567959258,-0.007353655671939192,-0.0033319615380856564
NK2CHYT1,0.0,0.000515628391502978,0.002454318834071144,-5.0754162541396936e-05,0.00024261300809284622,0.002502812679902917,-0.0004664664300519258,0.0,0.0010203483530255323,0.001164590990388289,0.00028686581206659347,-0.0007352203517016079,0.0005931379164125959,0.0006531746914598062,0.0006796231709337871,7.438820309078823e-05,-6.177470585883518e-05,0.0003423380876919391,-4.251589783707543e-05,0.00028021940272553614,4.851715270423121e-06,2.271733368442287e-05,-1.0294372579684663e-06,-1.2457202160292537e-05,4.879056120310485e-07,4.7413495154988106e-05,2.8078070685338304e-05,5.8855203837893514e-06,0.00014132554971319405,2.60439371074494e-05,-2.7919335803502624e-05,3.585095436290183e-05,3.818538511801967e-06,6.54166442372598e-05,0.001242881816066863,0.002363054348573882,4.841033823327239e-05,0.0007902720214991016,-0.0001459373729252343,0.0009901061083916818,-0.0002249111821328243,-0.0009627290063869652,0.00014010805091220922,0.00043115666395672627,-2.1320760518299055e-05,-2.8039142305400845e-05,5.092508878680849e-05,-0.0019584074259791375,0.00016140198677920667,-1.9797581158956066e-05,0.0001973163671114576,0.0001745833086830727,-8.771882000911359e-06,8.884406834502043e-05,0.00019704517946686405,-5.540567226778268e-05,6.66375570722101e-05,-0.00022633652731897692,4.5040799324334575e-05,8.68173083853188e-05,0.0009246752731636492,0.0006346212084239726,-0.00010806594312672925,-0.0001345220775779308,4.807953989529557e-05,9.503574546882941e-05,0.00011767126694819554,7.782073273896192e-05,-1.0218985959760168e-05,-0.0003254792899580251,1.5295510817383538e-05,4.11603061673018e-05,-5.282616583626163e-06,0.00047986693305529315,-0.0012228350568682074,0.0020900074928977878,0.0033939400996129626,0.010116454837798394,0.005134986307177173,0.007100671467335492,-0.0026846824885719146,0.002734467166291423,-0.010104724538034189,-0.0016777818633719032,4.487503742840928e-06,-0.004239430242105452,0.0015227875829047436,0.0049400543341989655,-0.007670532856442372,-0.0013016233304019135,0.003729065147336324,-0.007542236631238459,-0.001082777067892838,-0.002739786345587533,-0.0016874018034980047,-0.016981694781273926,-0.009278464068627638,-0.0031887957400008027,-0.0024034116603291137,-0.00038208417583516835,-0.04705289994230407,-0.009764803046298388,-0.008599883771326521,-0.005072045475440603
0WGAPLOI,0.0,0.00010821483657113343,-0.00031774687235795393,-0.00016166432376057776,8.107305700180038e-05,0.0021499084945273243,-0.00011536220131808225,0.0,0.0013874113633117735,0.000815734846696394,0.00018178231157948475,-0.0005186952170536766,0.0005278639374994563,-0.0016388945960003174,0.00020671292098447354,0.00031722906306702397,-0.00015290327279886927,0.0005205621371362535,-4.583910100559654e-06,0.00021136880971930552,-8.337392140016893e-07,2.3293645182763506e-05,-4.456052068329034e-06,-1.59914385196764e-05,5.5970943882378305e-06,3.886679677537246e-05,4.2499852891775116e-05,-3.3238835065864764e-06,0.00026444444413359786,2.5203086993595327e-05,-2.30119368892125e-05,1.9408268483290956e-05,-1.1148827894027995e-05,6.521174223680159e-05,0.0006835240341248855,0.0018638939413973383,-0.00010116161218230328,0.0004857685320029123,-0.0003788985948142761,0.00012285569047160738,-9.684963478411006e-05,-0.00021664276270600902,0.00022824696958070187,6.203734640479634e-05,4.874281325582514e-05,4.332180164250198e-05,-1.1334441139260717e-05,5.4128688723204966e-05,7.21889629504846e-05,4.552137991025667e-05,-0.002096081898415792,0.00014807347980671547,2.123090695310245e-06,8.260854314832398e-05,0.0001903741959988627,-7.426732714370087e-05,0.00011125541701642805,-0.00011963917124045858,5.7991989419783965e-06,1.0135018742351845e-05,0.0009183729094981888,0.0002245118247543679,-7.868454079612339e-05,-0.00010199308436245878,-2.3455236909590136e-05,0.00012041847029622721,0.0002057808027708578,7.848722540699478e-05,-4.196648158678158e-05,-0.00030636238467446033,-0.00011254571074512066,3.411347251157868e-05,-1.0124383132543869e-05,0.00036431739377250344,-0.00016549236351585256,-0.0003508028439541597,-0.0014031435941470507,0.013364998797557018,0.0005586437080242709,0.0017771353108602809,-0.0025572681012847407,-0.008990855524457594,-0.011468598499277088,-0.007726812088582913,0.003256913133370312,-0.015643781103791627,-0.001275294966805785,-0.007652824121238754,-0.0009727457512765773,-0.0014632491462452128,0.0012951354245572826,-0.014420298564722277,0.0032171951339285115,-0.004148617784866794,-0.001896498700138563,-0.02939998559396924,-0.007969981346472749,-0.007734316126340529,-0.009096089980573862,-0.0009103897734244772,-0.06958215353925908,-0.004446560897283996,-0.015242714458912867,-0.002546867182367251
GXPA5D3A,0.0,0.0002014540168363079,-0.0006417919127873414,3.419256054352006e-05,-0.0008608295632756377,0.0023650176794852576,-0.0002498978964291348,0.0,0.0011567809568784535,0.0006122326264018249,0.0002394279726357962,0.013298415942623943,0.0006240445582941445,0.00029431495726276884,0.00019536492842832192,6.346556708321489e-05,-0.00010235908150007668,0.0004052892840078497,0.0001692963383278829,0.0002100413558554887,-1.0315979137586603e-06,2.481718381728043e-05,-5.324100643319084e-06,-7.2873109072977655e-06,-1.5541917048545316e-05,4.1032898604301595e-05,2.769099844080299e-05,-2.502407708677963e-05,0.00020460490039401135,2.376910974218947e-05,-2.5540341642625034e-05,2.4748140614113175e-05,2.5859161891503067e-06,7.228566279867176e-05,0.0011704318587991544,0.002942678620883505,-0.00024145935928885173,0.0005013647653591494,-0.0004304185979809751,0.00028550674800238793,-7.825674637266999e-05,0.0015932354115687877,0.0006827710098800464,0.0003902880818082539,-1.0513431670109892e-06,7.314456839699291e-07,1.2851079656038382e-05,7.694190453251677e-05,3.686417269103135e-05,7.78548816609908e-05,-0.0025324252539371977,0.00015489043850097837,9.382308188753752e-06,8.031350253483689e-05,0.0002243056788397861,-5.850151143777497e-05,0.00010491417984236018,-0.00015795396083371767,-4.556934131493879e-05,3.550626884919061e-05,0.0008086886643792254,0.00021127753579535362,-4.930335908341043e-05,-0.0001083765187825065,-3.5646356046111346e-05,0.00010686700745721457,0.0003285321166824769,7.41734210829246e-05,-3.728793948493492e-05,-0.00027263487603670846,9.424840431352904e-05,3.8611589397634065e-05,-5.840132529529265e-06,0.00031320008708401076,-0.0009117468900224872,0.004618845204650382,0.004129375908076965,0.0017376798578935726,0.0015220207144147702,0.000804365871188401,-0.0025756764478063457,-0.009240311215827354,-0.011724386320058872,-0.00904398762290477,-0.0007951173564255509,-0.014469966582068465,-0.0003791128512302929,-0.006281853332618469,0.0018721343568865968,-0.0006766882577187197,0.003630124250862313,-0.00016003088354807948,0.004033270153875018,0.0003859483392616687,-0.0009099772230739658,-0.02367886131553181,-0.007417411012127234,-0.005750956036520765,-0.009205744344862746,-0.00030253582561790243,-0.06637479514168813,-0.002803587065004414,-0.011201970768069931,-0.0017844554758052735
8598PVIX,0.0,-0.0005023108557360615,-0.0004673690923509105,-6.0361468610990764e-05,-0.00019609258625203783,0.0018685636338234958,-4.414800976040063e-05,0.0,9.021923345683889e-06,-0.002678117113507141,0.00019214222422823295,-0.0007353396136651691,0.0008662059545809882,2.4578162051111273e-05,-0.0002003964668065054,0.0007360692653200064,-0.00017162980672810114,0.0001734488502370436,-0.00036999887189536305,0.00014283524794468373,2.1174885226002378e-06,3.460401188391624e-05,-6.077900155058626e-06,-1.6042869194705275e-05,9.419864218497135e-06,4.380190944988485e-05,1.7718442066042093e-05,-1.4362487402031786e-05,0.00014462315564659305,2.5879131384213263e-05,-2.7870705904416964e-05,1.1093615499114235e-05,-1.2318037221410436e-06,7.07989974720392e-05,0.0010371134881815654,-0.0016350027321141117,-0.0003267768298353192,-0.0018611689038211413,-0.0006607216845389733,-0.004263548886698751,-0.00013449596277754738,-0.00079899032818349,-0.00025051373421144176,0.0003013401489131142,-2.3288422955197092e-05,-5.519264413899866e-06,-2.536123494299389e-05,9.038969001091316e-05,6.014921887506648e-05,1.3250050374128204e-05,0.0001255468935367288,7.622037179738876e-05,0.0004598275343640898,5.2981622320618784e-05,0.0001411276017883421,-6.851502068390952e-05,0.00011821933701679303,-0.00029288079463110183,-2.2297971135072905e-05,3.153227746567524e-05,0.0007302501079388348,0.0003957013665024106,-4.585284332081855e-05,-0.0001835870269295019,-5.5003483809928035e-05,4.39789467457472e-05,0.00013169427477168716,0.0001049325104191608,-0.00012033674603915739,-0.00034193565209481545,-2.8518143376305396e-05,5.134165177634837e-05,-1.626569919881012e-05,0.00029055733942063194,0.002125194747493903,0.0017150788576467712,0.0018791970468158387,0.007050723554284411,-0.006712697340156323,-0.01010260795904769,-0.0026197680337487783,0.0034189046661327136,-0.011083084782741698,-0.006982128126573494,-0.0008031962631443148,-0.007470016020012827,-0.004065572000748803,-0.013313838058771755,0.0026891812716505334,-0.0009044187663976686,-0.0011167659382424332,-0.01646379039822078,-0.010913080468510994,-0.0005707382389547478,-0.0024785603795159567,-0.02300281225304496,-0.012597809686181571,0.010375041365428257,-0.00685136448482167,-0.0009273307854085727,-0.048555137047609415,-0.004068092823046466,-0.013139767022221027,-0.0025644710755274337
VKM2BCMV,0.0,9.927458789109086e-05,-0.0005562080735214426,-9.510537435176358e-05,-0.0009311549571037022,0.002465109926139783,-0.0006786271642083786,0.0,0.001662098663395071,0.0014105071799371215,0.00025188336685714964,-0.0006385255764939004,0.000690617730744008,-0.0016498610864131042,-0.00013688174829718633,-0.00038998772166374765,-0.00026239574435534457,0.0005258727407331082,-0.0005821582852203281,0.0003234205918569037,4.534260898138654e-05,2.7423751042498305e-05,-1.1291244515905617e-06,-3.199891695928914e-05,2.0601826634158166e-05,3.932207771082707e-05,4.1402219723282e-05,-6.034742942886472e-08,0.00020815132396338534,2.050036661912572e-05,-2.5466945830444124e-05,3.521748833284009e-05,-1.1677705025525857e-05,5.903023880050313e-05,0.0008505744517548601,0.001628713104061302,0.00027260537082363247,0.0014104092882980595,-0.00015488488322730576,5.68802893046027e-05,-0.0003104356479067232,0.002074396447808102,0.00029581207687289125,0.0005701027618666946,2.4387509182968513e-05,2.8995146888317623e-05,5.7708227909331676e-05,4.680181434622383e-05,6.642700845541583e-05,-5.208200901635472e-05,0.00021824003082629141,0.00020447708628352227,9.049795535774342e-06,5.458391609070106e-05,0.00020248021586190322,-7.445647935850816e-05,8.171604839023785e-05,0.003351712661144266,2.3860953064398142e-05,9.040210999380366e-05,0.0009633366443711289,0.00029913494894435343,-0.00010813562488273894,-0.00010961665543520534,-0.0001035001693982098,9.00630831805305e-05,6.403703542254166e-05,9.775408509687159e-05,-5.354965582018629e-06,-0.0002749764118864686,2.9369171139902694e-05,-8.019566228176794e-06,-4.773719059437946e-06,0.0003185866928887083,-0.0031482579136629415,0.0009541614822818852,-0.0011092471188239507,-0.013006550963915514,0.009693809825988964,0.008346677067386968,-0.002754466306955294,-0.0109125097062293,-0.01614768141822965,-0.005492680816579182,-0.000662536442018461,-0.01780938112352246,-0.006640298889739273,0.0007553110373511722,0.0002166033666782287,-0.0011107319841561793,-0.0007110039524764678,-0.011087234573604835,-0.0011928933309283776,-0.00411286487969994,-0.0024927117337498546,-0.021364995471300437,-0.010716569800276118,-0.010849176808580925,-0.011774545950633212,-0.000624436296195985,-0.061127971774920145,-0.003545998935445486,-0.012719306968248294,-0.0009614790150444094
9N7LHW38,0.0,-0.00040336774051282333,-0.0006741809783317835,0.00014751250441117768,0.001423692808597702,0.002718527679089008,-0.00028683114867478855,0.0,0.0015475359530536601,0.0010857890748925893,0.0003221171160359782,-0.0007005692189169535,0.00048006750057410613,0.00011662081826117876,-0.00012130011302215574,-0.00019132516804026814,0.005097072790913499,0.00030417188178794995,-0.0006194037218615256,0.00017296848481153306,-6.588010919067756e-07,6.0872503672009166e-05,-2.7346715970677097e-06,0.000501898182939745,1.966553417401319e-05,3.875836104110163e-05,2.687885442505915e-05,-2.9045776138645223e-05,0.0001567012452758655,2.239190121261017e-05,-3.4267133398550374e-05,3.414976593054076e-05,-1.7249436043454833e-05,7.2850004948731e-05,-0.004214774695502412,-0.0014758683596203183,1.5804251748676193e-05,-0.002207819645678094,-0.0005326722252780229,-0.00010565775435016403,-0.0001887952292956327,-0.00019526674848494054,0.0005423975806220965,-0.0029097099529603243,3.669019316720519e-05,1.3431710903042933e-05,0.00012181511005457129,4.381212861972968e-05,0.00021335401352476696,-3.2722118509917655e-05,0.0002363130702307899,0.00022409722650517706,-3.671762649057569e-06,5.5429193300024215e-05,0.00018358461056843726,-6.808569289302577e-05,0.00013629544008657475,-0.00017474095545501396,-0.0011886660400858484,7.892267934269186e-05,0.0007679316886521502,0.0003018198963820004,-9.701815255083472e-05,-0.00013577230959704013,-3.2612281325153594e-05,7.157430334988208e-05,8.747377536315006e-05,9.922320060027094e-05,-6.317270951828412e-05,-0.0002349251786215675,3.580119782179151e-05,-0.00015229116630296078,-1.0527664119568119e-05,0.00035128664739864,-0.001958843910424799,0.0031956683281548393,0.003800080158493331,-0.01146869223745151,0.005836206228053107,0.00793127784332902,-0.0028528637832417134,-0.013092714585628374,-0.01792375317008828,-0.0069846867592630625,-0.00022845427475488958,-0.015735843425449394,-0.00465607175632607,-0.0015750452649011108,0.0030592225046770336,-0.0007778635501225398,-0.006860212139091667,-0.012011361543824893,-0.007336062245695097,-0.00254107263422639,-0.0010939142243181874,-0.02249703137518566,-0.010438118730983484,-0.011199980624081136,-0.011789965918227828,-0.0007193635969345606,-0.06416175012491604,-0.008627040132398782,-0.011474510943813777,-0.003543795334007688
BKMYW792,0.0,-0.0003945273100078131,-0.0005710774461510521,-0.0002553235099393363,0.00010987032288159248,-0.012948163293763132,-0.0005798009364219775,0.0,-0.001936543780758655,-0.002767929686697514,0.00016953872907133784,-0.0009277785181335464,0.00040997897227260577,0.0001226275917701175,-9.493470994673022e-05,-0.00015676767954752368,0.0006843047263098631,0.0003662302129547087,-0.00021544041611947274,0.00023338502392462543,-1.7972757291388258e-06,-0.0021358057888405985,-4.817680393525841e-06,-5.234670294915266e-06,9.942820497590396e-06,3.823458222686144e-05,1.5794212531885562e-05,-1.955788418364221e-05,0.00019633081354347186,2.5358224761491283e-05,-3.125777672929727e-05,2.460103734845582e-05,-9.694549650944211e-06,7.250239267931358e-05,-0.005181895159502814,-0.002638708714206216,-0.000686191899582436,-0.0023877393898151383,-0.0001343464540279361,0.0006012325356264569,-0.00020351525314639597,-0.0007879080104854109,0.00038688789136597846,-0.0013273802166737325,4.658143249366608e-05,3.0210523348125826e-05,9.389744804666398e-06,5.511889968229919e-05,2.30265491097932e-05,4.2559927167119674e-05,-6.770787433011208e-05,9.99024880418469e-05,-1.160266390685598e-05,4.784693861634741e-05,0.00017182725315773893,-9.730743920611116e-05,5.488123192607286e-05,-0.0001524180025446926,-0.0005834103805387214,5.3934364078643856e-05,0.0006318788695349199,0.00031202522705832517,-0.00010542401131839468,-0.00014186102281764934,-2.0050008221363978e-05,9.207470664643536e-05,0.00011934637033932516,9.916008676590095e-05,1.4380662805240367e-05,-0.0002777722183841848,0.00034510495225199074,-0.0001446160967818879,-1.0094997549011519e-05,0.0003166547710261,-0.005622479210320136,-6.147409637025667e-05,-0.0009672838731136725,-0.005561910017300973,0.00444258754213587,0.004944376636110492,-0.0025491282993183677,-0.011777540054293868,-0.018746772953581736,-0.007839512603630642,0.0010411418792291669,-0.0128169295991902,-0.0061240824505993776,-0.003209244406803099,-0.0029163073111805136,-0.000997089550557669,-0.006503993105409898,-0.011143455703307326,-0.002961348433364,-0.0012110554917439914,-0.0016372528696616915,-0.018915794441687644,0.00932371305156725,-0.01067987025523248,-0.009635761358158206,-0.0007895431904532222,-0.05888802274435749,-0.007993179978276614,-0.015529947047084748,-0.0048963677281882115
3IBBBGM4,0.0,-0.00016763534492549877,-0.00022079748775638162,-9.323638242946299e-05,0.00015514184455851584,0.0022104906038314413,-0.0003395037123547146,0.0,0.0007095053486386377,0.00046875086942114433,0.00020018852771929192,-0.0004909866065925387,0.0004933557110947985,0.0005467331392951174,-5.265099961923774e-05,0.0015735788495517987,-0.00017013678128412763,0.0003406512524772128,-0.00037608578154382295,0.00019050811503449578,3.974564624701163e-06,2.5433306670465415e-05,-1.3644361688897242e-06,-1.1589708070875845e-05,-1.0683093486563108e-06,3.855113383822956e-05,1.6040543996148647e-05,-6.063061104514463e-06,0.0001926732838320232,2.550569881398866e-05,-2.5042460042700435e-05,1.859215285951082e-05,-6.2727226409968e-07,6.325213174524244e-05,0.001166358750031359,-0.002774512948325221,-0.0002758601385929204,-0.003533195991597945,-0.0003060520200392878,0.0007876132093148133,-0.000713498056056196,-0.0006519307668108575,2.0948430092399453e-06,-0.003934865676187117,1.9471241181706995e-05,1.4257508533960306e-05,3.9477145258347426e-05,8.875102925457568e-05,0.00014869121546955594,-1.9416398290353347e-05,0.00036547588871026687,8.82170494102547e-05,-1.1132784016445615e-05,6.683324505760233e-05,0.0001638799949375555,-8.222731768120386e-05,0.00010550619291419328,-0.00019533393964156584,-5.2151265062395124e-05,-0.0010163447316185457,0.001183607779858148,0.00035416105942272247,-0.00011743716244242866,-0.00013459145580338417,-3.228074294442675e-05,7.90843135119937e-05,8.233151097893321e-06,0.00010827749800596204,-2.7425440964496467e-05,-0.0002782185444687135,6.820669000175929e-05,4.788847253490556e-05,-1.0017622541616359e-05,0.0004638564173564525,0.0013735082611770104,-0.003921987772885078,0.00011523335571915328,0.008846696960146436,0.007362802320546014,0.007678461838091074,-0.0027988857714759023,-0.0014661877909173998,-0.009623291512963497,-0.0027300451566553137,-0.0001680662110017013,-0.015952194075277572,-0.0006568520283852108,0.005639679352464013,0.0023148499519774473,-0.0013004147078694674,-0.004195795198732205,-0.01237662198958456,-0.019833101534971836,0.00048646934483042177,-0.0013409819123301257,-0.02678230504861868,-0.005840916039708741,0.0014606612389923377,-0.0055048412618910955,-0.0004920776316687984,-0.05106059950683339,-0.005990768622518384,-0.013184924296820983,-0.0035528730793552275
T32P6LSX,0.0,-0.001217863096734067,-0.0007678857003331151,7.373077620109962e-05,0.00011056031453702011,0.0018705772533550203,-0.0010563127413347711,0.0,0.000881652046924748,0.0002912329219681635,0.00016601106759498693,-0.0006633864982195599,0.00041757440424929174,8.008153864952726e-06,-9.759813134847076e-06,-0.0002874071237650417,-0.0001508334519658416,0.0004897492877344805,0.0013838862427262965,0.00010614009015672219,1.3813564830162003e-05,3.5001226267834695e-05,-4.9368401706066e-06,-1.3769825570066753e-05,-8.614661947887873e-06,3.8357492230430446e-05,2.6721587243802753e-05,1.070354388875e-06,0.00011890742332782296,2.3806033179779655e-05,0.0013571323015066814,3.081309131812445e-05,-1.3239328302842941e-05,6.291390623125878e-05,-0.006487308542211565,0.002897233662601399,-0.00040988742183657175,0.0008453055292011415,6.850468745125573e-05,0.0006219264028613973,0.0004988639917730805,-0.001345227750542185,0.00015121280217631785,0.0003938239591275533,9.30723810293701e-05,1.2200344569530594e-05,0.00011394486055943103,4.480891976500716e-05,6.61223675466418e-05,-4.9404299291073814e-05,0.00028777744841953514,0.00010627680843948125,-4.0530968923419755e-06,5.465168148963815e-05,6.253496820587856e-05,-7.560777579299809e-05,6.820964965420131e-05,-0.00024415037979406057,-5.431265609235048e-05,3.660582706996723e-05,-0.020589877161520338,0.0004368178824577861,-0.00015793616776294323,-0.0001244158158784093,-0.00011186195642718718,5.220381949856566e-05,4.0676138767447e-05,8.329673892510921e-05,8.916981515244613e-06,-0.0004935002598348072,1.053336714952661e-05,5.759855526834043e-05,-6.650791403830118e-06,0.00044664411966515214,0.00202815323908552,-0.0006128819976155692,0.0019604428109881054,-0.005909609366192723,0.009947244323312487,0.007970917886412743,-0.002740966116851839,-0.006532566677155513,-0.015223682187649268,-0.00371662949362175,-8.577747891087613e-05,-0.012348774909727274,-0.0010626573631085455,-0.0030675703461229505,-0.004145485675827822,-0.000560615580961984,-0.003656972186164706,-0.009742866029352084,-0.0015323010883063022,-0.006563103609529574,-0.0015618400125863895,-0.02763318734831254,-0.008402369211722301,0.001602707241052401,-0.00739494256723503,-0.0007156886904483291,-0.05152700119074194,-0.0025047051675160044,-0.011268351056598087,-0.0020525663667793027
B944EMXZ,0.0,0.0002452103121925292,0.0028965798466721393,-1.8390710885550402e-05,0.0002929805427198203,0.002107536281953936,-0.000212627487450117,0.0,-4.728461847554786e-06,0.0007404414876112118,0.00017199198525768243,-0.0008697811043728213,0.0010019737802040391,5.903622581385443e-05,0.00011748340412318717,0.0002983630326758945,-0.00017311363188355074,-0.0037544039119473687,-0.00012196361606506624,0.00023695120622442447,5.259497330367415e-05,2.1795023869458467e-05,-4.566412072692677e-06,-1.665462195405568e-05,1.8317745941107166e-05,4.478080311113724e-05,3.015652699587355e-05,-2.4045595343533565e-06,0.0001452665653247543,4.042482433565888e-05,-2.9646207198835787e-05,2.742274512266105e-05,1.1570239461071106e-06,6.3359101451826e-05,0.0007924566244628753,0.0006939578949731279,-0.0001243065333069225,-0.0004953336070093485,-0.00017307905346981717,0.0009532989996530109,0.00019090914114508868,0.002965302829490417,0.00022874750808324142,-4.295279870719869e-05,-1.9772361016421062e-05,3.106689623891098e-05,4.273436252505364e-05,5.98029968288242e-05,5.537169252288052e-05,-4.2098407259705325e-05,0.0005123920824631174,0.00011399120406475453,-6.552003207819841e-06,6.159979584569495e-05,0.00013525880401872307,-6.506197974720499e-05,0.00013197455261356947,-0.0002677920005803464,-2.13538084200436e-05,-1.7560268011909027e-05,0.0008395663880119923,0.0005749856831329743,0.0026203240556422103,-0.00013198123599100672,-1.8883168028075146e-05,0.00010109206799991885,8.787450594039652e-05,9.151150500413794e-05,-6.394267097162125e-05,-0.00020387369079138845,1.1608876137401054e-05,2.2382262003441648e-05,-5.982806447279648e-06,0.00030008302287865674,0.0007181711665954088,2.373704330459227e-05,-0.0035954466766686005,-0.0008690708511549195,-0.005773730917194562,-0.002412559922171871,-0.0025491798473239236,0.0012904364319600127,-0.010167832831005143,-0.0031837270458583747,0.00022097849013815235,-0.006342801802704811,-0.005952044294868269,0.005187275269224894,-0.0018169436351306476,-0.001373364171090747,0.004137962117365858,-0.01626033349395079,-0.0031814980214350252,-0.00867091335761101,-0.0020291217998696758,-0.016718076783730527,-0.01419249298151176,0.00018853956191916248,-0.003532879592736617,-0.0005802639843734204,-0.04805166075793007,-0.003473294357234245,-0.007980048982386896,-0.0028424548844742195
DOY7VMYB,0.0,0.000577690766234213,0.0062248812289801385,9.276539318392396e-05,0.0003971931015303659,0.00277072841365116,-0.0002985927779396961,0.0,0.0011865086818024651,0.0013814180962233077,0.00022629357042079209,-0.0008174888302766457,0.0005334454506651303,0.00041428530061887,0.00013871539676905135,0.00023857609496148824,0.003635901566378884,0.00041462456537484025,0.00023587604294202864,9.76668055999045e-05,5.41302596769425e-06,3.7651760571089e-05,-4.189470458242168e-06,-7.2983060162465746e-06,-1.1782075360576866e-05,8.757340017213025e-05,2.9116553993636542e-05,5.493585436703057e-06,0.0001606638595818558,2.539642931421228e-05,-2.1003192484846403e-05,4.0323949331853214e-05,-7.47906365773376e-07,6.153698521025999e-05,0.0013117900037590549,0.002360248456720248,-9.928806731344733e-05,0.0006217676930294873,-8.82978724951343e-05,0.0013054531652618305,4.629545204966627e-05,0.0035254985742164103,0.00032684002905708634,-0.0002383160041657386,7.704683835293473e-05,2.3690719022539593e-05,0.00012332607158584014,6.973344039091508e-05,0.00019402218875118633,-1.5818883788697326e-05,0.00043462399347406075,0.00015325143354026727,-3.293627936625151e-07,7.762094466770031e-05,0.00023359808430321115,-7.773704262513915e-05,9.926672314930905e-05,-0.00025581532424597415,2.1062217373269093e-05,2.8129759547475975e-05,0.0006801009016389486,0.000504930002442481,0.0036449882310168567,-0.00015957136799029032,5.19443992583607e-06,8.273111412110279e-05,0.00011285084408545959,9.64472617981715e-05,-7.371428975153969e-05,-0.0002949796566728319,7.020667166895129e-06,2.948473720415402e-05,-5.251961931868321e-06,0.0003081517907144807,0.0016001716846505056,0.0009785862251654347,0.005127317184105769,-0.0005098173144691812,-0.0026804944571969243,0.0020557171316856067,-0.002572054920403196,-0.004405432600560179,-0.013306134899137826,-0.006445054204901991,-0.00032268569157896566,-0.002902283376095195,-0.007513264994393357,0.00664081965052828,0.002717222369695343,-0.0016267136687773364,0.005904735213025419,-0.004787549767165304,-0.003008129558749967,-0.0018699011930302513,-0.0020327241612728923,-0.017175114594734288,-0.01259931792549096,0.0011513790054926956,-0.005247018260313846,-0.0006181186654839913,-0.050400315014709186,-0.006307358209933367,-0.008729121322901153,-0.0066632855249875705
QXWLE549,0.0,-1.040183417450727e-05,-0.0009187459498615269,-3.572046563832362e-05,0.0007508418677766888,0.0021776537208460485,5.304708781391186e-05,0.0,0.0009174919432237197,0.001025385288526054,0.00015562038867341675,-0.0008590564057558138,0.0011216052251440305,0.00034730346695632433,5.6836219430698976e-05,3.495070226790118e-05,-8.89731220094846e-05,0.00035578735440167607,-0.00026590321555300373,0.0005208686506143096,6.2683856393567585e-06,2.3215697188391197e-05,-8.65089852282571e-06,-1.697520945540977e-05,-1.4767952149734947e-05,3.835595197760416e-05,1.6205313332674722e-05,-1.1555918888517082e-05,0.00017885605713533438,3.683626923635538e-05,-2.748651755002057e-05,2.7263598158467554e-05,-4.149091166421177e-06,6.925546294417778e-05,0.0014340388716140246,0.0028653011545191794,-0.0005634141601338068,0.0009116161357880422,-5.9244133028431584e-05,0.001114396620061565,-0.0002453456843425593,0.0035805107476473167,0.0002839637627404941,-4.335911492356667e-05,3.5892110562473064e-05,-2.4052772063478358e-05,5.0696129153447875e-05,4.2177397006743174e-05,1.9513479951929444e-05,-8.924391000905196e-05,0.00043071116519046034,6.222646272810413e-05,5.878883318523049e-07,6.381639630300169e-05,0.00025473204047732096,-6.459595343973306e-05,0.00014654272480144786,-0.00016177652646069929,-0.00013473890568660487,3.942398704840226e-05,0.0007782831207308759,0.0003912682544683437,0.0016414065233814985,-0.00019036498228609008,-2.7442097301383248e-05,4.0366442649436866e-05,0.00016724569041872678,9.075792316403598e-05,-6.513196008537028e-05,-0.00024333318770707027,3.49618971348315e-05,5.9831771453933704e-05,-6.031240106559883e-06,0.0003361937659446832,0.0029369959168573643,0.00037202362743905625,0.0025565241053391126,0.0033541732420719803,-0.011012365115747966,-0.011999984173725504,-0.0025926993330960017,-0.005115834033559053,-0.0093342744400366,-0.006090677011231209,0.002617946288678089,-0.0059217704140652324,-0.009583082179599035,0.003815572301866128,-0.0004346528002253008,-0.0013467057370620688,0.0020420586632594884,-0.005960694565913991,-0.002536288445536259,-0.00015683549733743463,-0.002614446803670434,-0.030694308378585815,-0.0025973585128708137,0.0016450034273835048,-0.007356296127550676,-0.000868808477992571,-0.05376282934632059,-0.0038603313419659263,-0.010964877163176748,-0.0033079664378005587
R0R0V2O5,0.0,-0.00011838745898990849,-0.0001614994000692692,5.047463065579852e-05,0.0014664933962220492,0.0027570542595353378,-0.00017010922652935018,0.0,0.0010979003992621608,0.0008737272797138261,-0.003651473090495976,-0.0006085656347053328,0.0006414497969490346,0.0005578623999632793,-6.908017926471507e-05,-0.00012962989550223433,-0.00018282814353853455,0.0004445587204119871,-6.685432978051113e-05,0.00018261010666565001,-2.093349734651005e-06,3.1001216290457993e-05,-1.8984598814218541e-06,-1.7905039288173086e-05,-3.338662314378754e-05,3.851568775515058e-05,3.6844967446402105e-05,-5.298471699792703e-06,0.00022626078754881424,3.2227946305629934e-05,-3.319775013796873e-05,2.8990471479649642e-05,1.8025824724232038e-06,6.666589482416378e-05,0.0006951783722962169,-0.0016718823894032921,-0.00041392234168593687,-0.0018248109496783202,-0.0003353691025454445,0.0001871036663928151,-0.0003832266521440416,-6.415053179767183e-05,0.00018156723363529722,-0.003985878783502831,3.153544533804402e-05,3.231674909566806e-05,5.904369178708658e-05,3.2754507686700776e-05,8.575907150283724e-05,4.571493558318526e-06,0.00041907911739467974,0.00010308578489766808,-2.7327829094705595e-06,6.117768632913572e-05,0.0002475714137053668,-8.149387900829233e-05,6.0420137826289634e-05,-0.00021678257352239884,1.104669448271582e-06,0.00011618371882576262,0.0008381130140423097,0.00030189464998346867,-0.00015826649232068295,0.0033454048197753238,-4.645199283106834e-05,9.908938507510212e-05,0.00010474735792717967,0.00011352940190573768,-3.1377851758931826e-05,-0.00037953495898465487,7.008833340321755e-05,1.7743422719124904e-05,-4.494224467043595e-06,0.0002785257477296883,-0.002351780444144075,0.001949741642939834,0.002990160955511071,0.009381267629939067,0.006054069848834296,0.008283892782883698,-0.0030976323610229324,-0.005659474351017027,-0.012592087457705943,-0.006458745351558311,-0.0005952761360535664,-0.021275681728605823,-0.008651418871384008,0.0008439366691017505,0.0021242538434694,-0.0013157661097148144,-0.002675348553596826,-0.011428623334878195,-0.0004216098302929151,-0.004259532694789457,-0.0020370255541489126,-0.028963429168701565,-0.012072682700151159,-0.007369860579827793,-0.012905237899504386,-0.0011375687428519276,-0.06051283020214695,-0.01122418223358121,-0.010196275349949534,-0.0012926614541743785
D3O1PCMO,0.0,-8.140198253746057e-05,-0.0008307862855425868,-0.00010377653347586241,0.0003943350731088966,-0.010897742670452812,-0.0007643713923904397,0.0,-0.002162321707297522,-0.0007788203963596877,0.00010651232729239983,-0.0005918940618241349,0.0007396296701107646,2.1200762168086233e-05,-0.0001933852172593904,2.9586280815679576e-05,-2.2932871178266943e-05,0.00013025356868607115,-0.00012796787864207312,0.00015313472016415013,-5.993004781780584e-07,2.3799857762727268e-05,-1.8390590268673348e-05,-6.253037688872483e-06,4.359640050737579e-06,3.8199992992530776e-05,2.680276188862022e-05,-3.503214670642248e-05,0.00012931396391670152,2.708810326779562e-05,-2.4175442634765034e-05,2.8806351458774317e-05,5.581170996431183e-06,7.4004010008598e-05,0.0010019124474700376,0.0006853820148379663,-0.0005568218444295282,0.0001493376342701821,-3.518108417739735e-05,0.0007161473455706334,-0.00011729378197065953,0.0005694779976681742,0.0002343726033450398,0.0003178022337873046,-1.5986913907997547e-05,-3.5017129849309125e-06,-9.784301168740727e-06,2.6115776984682712e-05,-1.0586482931029857e-05,1.3249659484125893e-05,0.0001302800049920845,5.654608386801167e-05,-3.8765361438682964e-06,4.88196446671702e-05,0.00026839202940573,-0.00011070839759304018,5.0071004816319085e-05,-9.309109188984883e-05,-2.960336364545225e-05,1.3147041181516569e-05,0.0004682582853970266,0.000359570334604463,9.520647908096707e-05,-8.56338658134517e-05,-3.373589396424004e-05,-0.002898199279824502,0.00018778022555191763,8.518773155481397e-05,2.1850412368747245e-05,-0.000291958176216849,5.670862340178619e-06,2.1920152943199507e-05,-1.1126000785801491e-05,0.00022203549871889847,-0.004593384014225276,-0.00833381830995354,-0.007278726266479252,0.0039649286264199675,-0.013324864488534916,-0.01767476868700962,-0.0026003746944397196,0.0019108466895941967,-0.009792822638781966,-0.0033944531461592617,-0.0007167377329972964,-0.003676317787824043,-0.0015361180251488985,-0.0013905855638761651,0.002106187485520562,-0.0013555010356292193,-0.014851387042661186,0.019321886098199972,-0.004601545607892296,-0.002554639991422087,-0.001953281114209231,-0.022046119951666884,0.016867571148007108,-0.007364781489873505,-0.005195033212719572,-0.0004998050955104392,-0.048464730639323994,-0.0004251501921377913,-0.017187919057492215,0.001422328180677859
G53492IF,0.0,-0.000245789312355207,-0.00012534752553992675,-5.681608559278499e-06,3.696290794914719e-05,0.002596647788121221,-0.00037622538463762524,0.0,0.0007203355965379335,0.0006413632547007613,0.00018752003195468932,0.010503094804677867,0.0007634953401502712,0.00024652090952509057,-2.8817831331185365e-05,5.597367884032174e-05,-0.00015270995729798102,0.00051599319731131,-0.00040393926691354695,0.0001743476512917909,-2.945412218979869e-07,2.7939605304934754e-05,-3.7128007025716194e-06,-7.318657183493962e-06,-1.045234196563419e-05,3.767017681173108e-05,6.106140078386395e-05,-5.279831795556297e-06,0.00014802618503865573,3.00346737297184e-05,-2.9999549249247167e-05,1.6964182930254995e-05,1.395394049590397e-06,6.870824204067306e-05,0.0013574384549301086,-0.0012590683176588909,0.0017246408863191255,0.0007929648779810407,-0.0004032635171305244,0.0001464459662902272,-0.00027877013916421413,0.00035840528156968435,-0.0014167093863820142,0.0009566721587092785,4.279363403123352e-06,-8.7424832937502e-05,7.82557692300738e-05,6.219404939307835e-05,7.182412541636276e-05,-9.413841820767312e-07,0.0002807301656969512,0.0002624803901590271,1.9288640910466594e-06,8.107876846513012e-05,0.0001978647466147154,-6.803688423012106e-05,0.00011228998709363102,-0.00021777035384585387,5.4575467799967374e-05,0.0001010076090493411,0.0010602188079585325,0.00027130958500473054,-0.00012437482599536592,-0.00010719033769607258,-2.7344523807637233e-06,9.135035807570256e-05,-0.0022478094786247214,6.862265313390898e-05,5.010148865550018e-06,-0.00026205251795859797,0.00010149646497271362,3.192392171321121e-05,-2.6644007567640322e-06,0.0003784312430810702,0.00041989865425956887,0.0017452030040910125,0.004390967718628109,0.014336111973003674,0.004998228478035132,0.006816951358606616,-0.0025808832060686565,-0.006488747622457262,-0.014287659633166859,-0.005895242829277771,-0.00045603963329628584,-0.013744001419384992,-0.001050841442273359,0.002641577067354084,-0.0027209989691217764,-0.0012255356469621033,-0.003767026067596736,-0.009512821189363866,-0.0026272513025262737,-0.004201454952516579,-0.002004315119441013,-0.02099660688843891,-0.010620337266940321,-0.010597741669569321,-0.00829883299604004,-0.0013359693073361216,-0.06003533411510962,-0.009899457503263829,-0.00890764341259802,-0.0024204471561265514
KUH39HQ7,0.0,2.504868369666417e-05,-0.0004979782175134185,2.624468211255566e-06,0.00041970903108160657,0.0023495335323784933,0.003227706276142492,0.0,-0.001041703298065947,-0.001979569729969127,0.0002903257941750843,-0.0005681347475708647,0.0007128129375670818,-1.190550594676354e-05,-2.509646226922067e-05,0.00019558433401276084,-0.0001255496042199784,0.00028517720008352783,0.00029938500043088,5.11572677458147e-05,-4.864610829524393e-05,2.6283475956873366e-05,-2.0545516497833827e-06,-1.1693740506710839e-05,-5.9850724500516795e-06,4.1279805977497107e-05,2.8702893242493807e-05,6.800643551406884e-07,0.00022464191549154155,2.2994277390049726e-05,0.000914447637168072,3.781855916605059e-05,-3.7859776053269575e-06,6.755876243253329e-05,-0.007916284870188044,0.0033872295326187454,0.00044492993292156633,0.0012980159824604017,-0.00010102258975244973,0.0009878174244485958,0.0016811523172994118,-0.001149964157412811,0.000159376082252793,0.00010772787603044142,-4.6732164252705417e-05,1.9623784495797183e-05,0.00010225367320078049,0.00013552905770454905,7.916387838906549e-05,6.349670869126727e-05,0.00029808405442889276,0.00011804210442359238,-3.3993197419491167e-06,5.007569252505634e-05,0.0002300281258451986,-8.215466516168021e-05,9.116368905244989e-05,-0.00034282203320903085,1.8405731523946735e-05,7.551151445805056e-05,0.0008867365551867507,0.0006684621625321026,-0.0001259405295777127,-0.00017992798255812576,-8.841835624533863e-05,6.285336399517999e-05,7.995690402924181e-05,7.72619495692947e-05,-1.1801303957580877e-05,0.0046996053704896085,0.00012077970671414503,5.523689349835752e-05,-1.1288845086187973e-05,0.0003863866145326665,0.0033854013209638524,0.0002776488727115981,0.0008708440275907033,-0.010492366147262814,0.011149403036348015,0.01104444950325135,-0.0027405339816687275,-0.013088153121242214,-0.020835184232696636,-0.0033613356589492736,-0.0007610848361109883,-0.007231664514076309,-0.008346738818353688,0.0015740765675375295,0.003162926734277659,-0.0011043028390368519,-0.0048617173770649945,-0.009233380596256153,0.0002527440289816785,-0.0077528123662924525,-0.001318363463114245,-0.01816999678935661,-0.005408626764701207,0.015514581004941134,-0.0068470195611568686,-0.000557832574501984,-0.05527848863913059,-0.006832533481386441,-0.011133256950833609,-0.002909963932248542
RW6QS352,0.0,0.00035123121885064456,-0.0005049390191788278,-0.00017717554514538745,0.00034675342971101974,0.0032463619244496715,-0.00044220142414027377,0.0,0.0004511135095871934,0.0008227511883434918,-0.0028488559410016685,-0.0007935201724847396,0.0007839149811152553,0.0001993307918087691,2.084478087252211e-05,-0.00022886169028353247,-4.6688271238751014e-05,0.000162592417367472,-0.0004127236531153628,-7.96734017208017e-06,4.719199349254875e-06,2.393324272487781e-05,-1.7474115347664067e-06,-5.647071357780329e-06,-2.8153995088405257e-06,3.393129935904601e-05,2.6916544369377915e-05,-2.0518513250576584e-05,0.00022352788237809843,2.172583589590226e-05,-3.035519219249317e-05,2.1119757210125584e-05,2.111975935296641e-05,7.38029371538967e-05,0.0008923714617006345,0.002666783377323617,0.00023977962648408132,9.504058321030457e-05,-8.873147780619767e-05,0.00014271965776435083,0.0015627908591803433,-0.000514517521782971,0.0004243642584246418,0.0002519781160119321,2.0478257332674493e-05,3.474704199605768e-05,0.00011740490073722476,3.881861902909009e-05,-9.87480554207781e-06,1.7889322454528645e-05,0.00016432448438198432,9.565311122528468e-05,-8.284572967732701e-06,4.7329541805512856e-05,0.00037545936147947046,-6.271458386257814e-05,7.011624203441713e-05,-0.00029718183403514535,-7.472686643653415e-05,0.00015538621264703632,0.0009965809831586128,0.00026537716247103453,-3.489546080261352e-05,-0.0001543421602494202,-3.613296476608128e-05,5.060574783980345e-05,0.00014213368139545123,0.00010114914970004223,-5.806864112551965e-05,0.004461906438442209,-7.823860112914674e-05,2.633481256688939e-05,-7.093509062101046e-06,0.00030769657184855824,-0.0038505033545435502,0.00243049568154321,0.004071093360585006,0.006126252535989927,0.0005374172503357969,0.001607580724717064,-0.0028370275226925657,0.0010138744725126086,-0.014603090395487899,-0.006806960649497404,-0.0005175730731402994,-0.014082265582697966,-0.00591297668715482,-0.0002713708204559495,0.004115697206852317,-0.0016665041650749447,-0.005667985936332563,0.007565768004866209,-0.004990553373344284,0.0011570575064246732,-0.0023889836370566504,-0.013113548585060432,-0.015761185235770386,-0.016464344015547368,-0.011820928771156158,-0.0008215371902133797,-0.057881089266794285,-0.003862150219351987,-0.010766048590042512,0.0007348524526799666
1374WYJG,0.0,0.0001216064311773513,-0.0001918707189143283,-0.00021628202823226886,-0.00012737957596836865,-0.011761604173990463,-0.0005536772316000973,0.0,-0.0032819596323433223,-0.0014914000311117529,0.0002363257907681411,-0.0009962761168874575,0.0004012768953769018,0.00025466888450173964,-0.00018419081186928348,-2.778553666660263e-05,-9.969185253802605e-05,-0.0010144273678472646,0.00011799938838236307,0.00016541616005361475,-3.617990409150312e-06,2.5155746334171963e-05,-5.873543379002344e-06,-9.974659906313974e-06,2.420618188501541e-05,3.570608167006128e-05,1.8586060153493536e-05,-6.683782389505731e-07,0.0001885977168551265,2.5871729125613452e-05,-1.6927436007860413e-05,1.598403177295657e-05,-8.403327848938109e-07,6.31860837289925e-05,0.0012631888130841976,-0.0013947097173539241,0.0022724018204032127,0.0016384994170565834,0.0006135184361709275,0.0009120563807854623,-0.0002871217634138116,-0.0011100775709491169,7.491085023276807e-05,0.00021557578184569102,-3.375141222257634e-05,-1.0161338324748494e-05,0.00012112490151997427,2.511859024623249e-05,3.0031016355539906e-05,4.8923629159049104e-05,0.00011200419883717286,0.00013151102241955342,-3.5697490480113248e-06,3.626385178409308e-05,0.0001474632788802837,-8.99113283880538e-05,6.715742650272461e-05,-0.0001611160073195563,6.361521291856222e-05,0.00020793581023743186,0.0007406601756117034,0.0004061909403928299,-0.00011698881039416894,-9.481862872365808e-05,-6.869920393661106e-05,6.761214057244491e-05,-1.390555707686927e-06,5.9672008745617356e-05,2.5168798668489017e-05,-0.0003256805497422261,0.0001527395734339611,-0.0008390739824383693,-8.874540095051751e-06,0.0003258563204202073,-0.002690171730308884,-0.0008405126023769837,-0.00894230294026103,-0.0053744720457133835,0.007474385435157732,0.004616308660390741,-0.001981480427216314,-0.0017851650653089705,-0.015216908326415896,-0.0022373850067601256,-0.00019782945961207535,-0.01959553249302372,-0.002133370349190412,-0.00477727012162831,0.0013275875602022575,-0.001168385309531568,-0.011280236665566743,-0.011091477430185561,-0.00417082870917329,-0.006222075985994987,-0.002280868929986188,-0.02430683026727156,0.011713566029543262,-0.00799047275475138,-0.007441106679840002,-0.0007194283985609162,-0.04641116362646762,-0.0029716156826939473,-0.01724890291096807,-0.0014471867394175316
1T8R8X79,0.0,-0.0002518601367127393,-0.0004067837562707234,-5.219926362453127e-05,-7.470811405887598e-06,-0.010052024416659224,-0.0005726686150392099,0.0,-0.0018134796020013559,-0.0026279190396754104,0.0001367569448579373,-0.0008205811243905454,0.0005847690850579563,0.00010040976929744604,7.978751552715256e-05,-0.0001957571236609349,0.0012802207136767454,0.0004640000523985544,-0.0001013800805005568,0.00022611162826861913,-1.8284640390224481e-06,-0.0021548583367184035,-4.01084741157891e-06,-4.554780785672822e-06,-1.3208203989733186e-05,3.808485123835983e-05,1.6699058785003175e-05,-7.339895871440698e-06,0.0002113379325250327,3.9957334116497257e-05,-2.993357465398511e-05,2.14779865476262e-05,-3.382127343599765e-05,7.37966298282038e-05,-0.006085256017888898,-0.002747941556724223,-0.0003688236733797493,-0.002720823656360212,-8.925219733076846e-05,0.0006656363212359593,7.554261371154734e-05,-0.0008139963135338036,0.0003933809334351787,-0.0017502838221307335,7.63191780683527e-06,2.7915098668388292e-05,-2.0462037852613752e-05,7.580361262779038e-05,6.301136340067756e-05,4.405777497799385e-05,-9.908909060629457e-05,0.00015668352486003585,-1.2689217692397196e-05,4.84698373189804e-05,8.752271424088538e-05,-9.505995805943133e-05,4.4822222053540125e-05,-0.00010695377505428658,1.4930898293245779e-05,9.815326875780969e-05,0.0006977141097860346,0.00023683760400624687,-7.648529076101132e-05,-0.0001414794179914075,-6.164568159467784e-05,0.00011372495109803598,0.00017584047466172472,0.00010021100001377017,5.193534861684348e-06,-0.0003092248395119206,0.00022471615648051883,2.4608338225775457e-05,-9.271673252019674e-06,-0.007162290610824939,-0.0031677041647618985,0.0019953856450580067,-0.0008317916179844164,-0.0068450383493174755,0.005412852197168551,0.005404521384236262,-0.002381995876970285,-0.011340762148914179,-0.01735497447093456,-0.007178299795292955,0.0012234958612377664,-0.013043942810524518,0.011060105194084076,0.0019193248698208094,-0.0010499392890290676,-0.0010359429247374867,-0.00497817731844117,-0.010854783010323284,-0.00032618468361734083,-0.002244491862589143,-0.0016414437673767381,-0.018198230828747296,0.02029602104952981,-0.00840509350738844,-0.007714350732421947,-0.0012058905003384504,-0.05672331461163928,-0.005022330885521183,-0.015719323155923007,-0.0038508113577039272
0ZXS3AIR,0.0,0.002070107867797016,-0.0005255446542706944,0.00018619536986181042,5.612122280833473e-05,0.002262714581047371,0.0001279099473320718,0.0,0.0018166879635902182,0.0010756400662453067,0.0002785442996621007,-0.0005541776959409779,0.0006945130332224266,0.00040042820126507533,0.0007465986723135393,-0.00015712242782490885,-0.00013726037782795498,0.00012280853109495382,-0.0003618228383626714,0.00014305443647030168,5.426038102565738e-06,2.4745973019319205e-05,-5.289502505812495e-06,-1.474485136638388e-05,-1.4571975232357421e-05,3.753963576078602e-05,3.173589334772019e-05,-8.613934880845403e-06,0.00014031396563442717,2.7768765229096024e-05,-2.735081341271698e-05,3.461982135917035e-05,-5.473770721603593e-07,7.446841229459836e-05,0.0016714723090546734,-0.0015805214609887538,0.0015542238008444773,0.0011947833186485802,-0.00037990229402748936,0.0008433010874985845,-0.00028902573296257685,-0.00044911014222702965,-0.00144847223388545,0.0002609316033081256,-7.550305535579769e-05,0.001786088264814782,0.0002237079847961262,6.577813811539741e-05,6.212174734353663e-05,-8.790955604481642e-05,0.00022404066196128223,0.0001885244897921468,1.6266029044622354e-06,5.362069471687131e-05,0.0002600378723685661,-6.434287249305032e-05,9.796411601139298e-05,-0.0001602148866927386,-0.00011415831968655585,8.532805483066984e-05,0.0010125287996453237,0.00042993691072351647,-5.15571696110965e-05,-0.0002192201383843014,-1.3942094289538023e-05,5.554748543400324e-05,0.00014408646699463128,0.00010793471080251388,-3.484905339496573e-05,-0.00021972010344789656,4.651567444941372e-05,2.6855607820084574e-05,-5.5320634957738825e-06,0.0003765254264758052,0.0027350736583331412,0.0067645332538044875,0.0034904147977553395,0.007167207051029891,-0.001024874852722361,-0.0007495433556348272,-0.0031488173455250924,0.0012722880318222468,-0.008267264198476678,-0.003213050509532858,-0.0005602596615057286,-0.0016179263192489643,0.01524737722238411,0.008104321537734702,0.004988213840357489,-0.0009517878442165249,-0.0036642282640833314,-0.0024620497584631005,-0.010415019827370685,-0.00442930529405146,-0.002482848527775109,-0.020620322209161056,-0.00217911593296689,0.004024336317173202,-0.006592114800149854,-0.0005031877130650435,-0.04349489381741502,-0.002861455784397581,-0.010670569602745495,0.0006123641107248411
SBTVPORC,0.0,0.0001243503089540416,-0.0003330852650269648,0.00019889019846473343,0.0016901904105735442,0.002611106353947707,-0.00043124370962331805,0.0,0.002031582219761831,0.001111073733883984,0.00017568437502216546,-0.0005897853515323329,0.0005020581505396449,0.0004256774802352813,-0.00037697019193707503,0.0013906529230902165,-0.0002416213935012248,0.00031339328843769395,-7.170568564662832e-05,0.00024268768039461346,2.9953761832862843e-06,2.4576566137294376e-05,-1.4840189867556376e-06,-1.1451595225744726e-05,3.174798737712544e-06,3.8777673911769405e-05,3.2832743806582725e-05,-2.2124620929634137e-06,0.00019615242709760444,2.337452674240449e-05,-4.256958175736407e-05,2.143667011891469e-05,8.069931888828607e-07,6.900607982432495e-05,0.0009081525579666236,-0.002036770299335438,0.0005753179415007787,0.0009588572453226811,0.002235040203540001,-0.0001733115627964942,-0.0002899506483936764,0.00022776992774156218,1.9579859756209965e-06,0.0009547046864322497,6.183067042670272e-05,8.284838123176018e-05,6.554655438614296e-05,6.943850645594651e-05,-0.004083574536688719,5.177510285915653e-05,-3.237621185756259e-05,0.00022438421133908138,-1.6239201288072434e-05,6.741552310439474e-05,0.0001721447485696099,-7.466311052883814e-05,0.00011491165672679488,-0.00011233031839469977,2.4118949187514552e-05,6.922676190666453e-05,0.0009026587226624651,0.00019484388559678543,-0.00011638924247674978,-0.000129825945500744,-4.435055354218138e-05,0.0001200574011997309,9.07281804140921e-05,0.00010961233255066929,-5.067077342122804e-05,-0.00025064566063274927,1.1648929012181515e-05,6.2119780422362686e-06,-4.163661785224148e-06,0.0003268006807484083,-0.0003186360621694808,0.0006947914322846597,0.004275624579535197,0.013011305540853136,0.007116341903179652,0.007279587253698771,-0.0027500972747801938,-0.004094979747832179,-0.012692244640817474,-0.0043519834783341945,-0.00037162070722355795,-0.01905320091032302,-0.002308597696895249,-0.011403436798722586,0.0035950344770637748,-0.0014223266365545717,-0.0033862437296110996,-0.004510093527251334,-0.013287716601768198,-0.003097741757338796,-0.0017091603747259434,-0.025189800180189237,-0.006985534313634209,-0.005022863102695968,-0.0070063946506037115,-0.0007814711111180444,-0.05540176563535847,-0.010698039777082842,-0.010868053905167607,-0.00248595675611168
XZKZYO55,0.0,0.00020400499935912267,-0.0001613345105668233,0.00016298112758736014,0.0017239153963512677,0.003628623706416097,-0.0003884329899431372,0.0,0.002072735626872159,0.0015753479483172402,0.00027667284300450225,-0.0005035350048983831,0.0004080390961472608,0.0003926431474311353,-5.573745049774557e-05,0.00011347696561144517,-0.0001717400179364712,-0.002314065167733481,-0.00018446990265895478,8.524817945826306e-05,-8.917173868544119e-07,2.9277880542502964e-05,-7.857772071022392e-07,-2.1568905883339493e-05,1.4351256582915812e-05,3.374117409650356e-05,4.1154749600886896e-05,-5.609551274144096e-06,0.00023526766511894708,2.4243491989793996e-05,-2.913445053292714e-05,1.9840103455319188e-05,-1.3928011978930256e-06,6.409577219250617e-05,0.0007983020532516368,-0.0016830313373092049,0.001077800798119623,0.0018257478853243342,-0.0005483354938156067,0.0001741369525127976,-0.0005337233271421009,-0.0005520703065476133,-0.0004860263481367515,0.00043586356741717345,-8.21459049552955e-06,-3.898938481968503e-06,0.00011049137524567077,-2.4395739945880846e-05,-4.3176579535763686e-05,-0.0005430332671307417,5.626449330973992e-05,0.00015973048033448697,-7.149103225409597e-06,4.942875933667961e-05,0.00020488724189637127,-6.141877409004055e-05,8.09168453552464e-05,-0.0001633859295473413,3.9877823952678206e-05,9.199330515022007e-05,0.0006287093982552027,0.00034948358407841236,-0.00012687891064251973,-0.00010528316905104173,-6.63709751683574e-05,7.886486545296779e-05,7.599049324548749e-05,5.202568596823247e-05,-9.251697216322615e-05,-0.00031502819415098453,0.00017719589361079696,1.3911692186498995e-05,-4.9660244648791924e-06,0.00030621804871604707,-0.0009979002956187015,-0.0037137066816831633,-0.010245762049571505,-0.006207921512489509,0.007316396552342949,0.006992717789155832,-0.0019162626420738899,0.0017009549928951315,-0.008029599314239539,-0.004583268482444822,-0.0005600692273941747,-0.022666384614507797,-0.0011361787402183307,-0.012165967930502819,-0.004580271491926842,-0.001418150621835456,-0.013665285196027676,-0.010890674976358821,-0.0038877071533431323,-0.002763564783868558,-0.0020856143773443467,-0.028207831079221608,-0.011492410902657735,-0.010010297386747606,-0.006921202324546126,-0.001372797371995602,-0.049993014789816034,-0.007353651030426266,-0.01571883209577138,-0.005087819197211785
AMCOSQZC,0.0,0.0004491146131448155,-0.0005573472555518759,2.0183791099458406e-05,0.0008240593594766068,0.0021890117365015544,-0.00035378309861889125,0.0,0.0020599930243474147,0.0010188853399350454,0.000182936628522789,-0.0007120057347136846,0.0005473077895439234,0.00019614502911261957,0.00010146154892685789,-0.0001541885493483905,0.0034327649716993894,0.0003629255624572438,0.0002479854915383372,0.0001522439601225564,1.78035152241785e-07,3.6814163965769595e-05,-4.648255924124682e-06,-4.8683020330374995e-06,-2.0842068090042666e-05,4.958166740121663e-05,3.140517466680431e-05,-4.263219492702242e-06,0.0002454496620087705,2.0410435470752563e-05,-1.9078799756777963e-05,2.1953649952486245e-05,-1.0332846903264813e-06,6.255612592361407e-05,0.0010994458491541037,0.0023753069088556333,-0.00010620947430938876,0.0006397297886315057,-0.00043816938853607514,0.00022712381255736102,-6.0539629356900014e-05,0.0012636266551756972,0.0005028482207269188,0.0001396551946927166,-5.803201587685094e-10,1.3247510157139757e-05,6.562255397889264e-05,8.579978897920002e-05,0.00016259819673327837,3.862014300284499e-05,-0.002533054870124089,0.0001986996816955693,1.4070210459344724e-06,7.453266997337952e-05,0.00026043432240247525,-7.547337380046707e-05,8.798679617743189e-05,-0.00013703118823528196,-1.264813007484037e-06,3.805685586250001e-05,0.000723519157727681,0.0003134619735441561,-6.330232074049814e-05,-0.00014741171722657,-1.455763738361912e-05,0.00011595637194856484,0.00023372660352809457,8.790332557300551e-05,-6.840565865280938e-05,-0.00030458898012092464,-0.00010728120744033527,3.2265898415343615e-05,-4.1325248505974775e-06,0.00027139681439985775,-0.000939074033833892,-0.0010575756483295617,0.0037379319951145436,-0.00045988307711020485,-0.0004807943026583451,0.0033968125355043543,-0.0025738662991081577,-0.0109337423795279,-0.011682415454959443,-0.006718414994783083,-0.000985034561803724,-0.016035623802646153,-0.000966741999614949,-0.008049205078010295,0.001445511228778615,-0.0012925870344907358,0.0030231751519485643,-0.004401476911298564,-0.002691769043460205,-0.0017892046534417267,-0.0014619986403739532,-0.027386151497140736,-0.008369322392260261,-0.00513793126199647,-0.010370241875481705,-0.00051885385125221,-0.06593725543607225,-0.003982548854076214,-0.014386847184494496,-0.00477180832122256
6C2CJX31,0.0,0.0004763293103040318,0.002512619624760257,-6.795879476481853e-05,5.887291408027135e-05,0.003221852930023359,-0.0005690546693919502,0.0,0.0014722933637278147,0.0010336132706952133,0.0002090626170768564,-0.0005190989351052994,0.00041572264454581363,0.00037510397173564215,-2.0244640034018417e-05,0.00016814995978501796,-0.00018918780414937548,-0.0012027833044939407,7.90726802629653e-05,0.00020358517509612884,3.814826538482105e-06,2.3831567073605175e-05,-1.914590262551194e-06,-1.3374359019879043e-05,4.50084905843931e-06,3.9335528976264154e-05,4.696774707054697e-05,-1.402924764660796e-06,0.00018411279974497427,2.3197714169004264e-05,-2.259965093700498e-05,2.3724073769894644e-05,-7.841925753490808e-07,6.038203316976261e-05,0.0012921497121354257,-0.001960523516605163,0.0006418619191339837,0.0012847082379388766,-0.0004575963128028816,0.0013383853111837063,-0.00040101346780499654,-0.000702531920574281,-0.0005890179548720127,-5.9183832503739345e-05,-6.051636424362183e-05,1.7561771034035736e-06,0.00015134965965877815,8.647439042223713e-05,7.066583689161069e-05,2.3860632479521934e-05,0.00016944408427568884,-0.0017267690972558487,-4.204416174891748e-06,4.449478808910603e-05,0.00027763426369825287,-7.224298276192992e-05,6.43731660154112e-05,-0.0002463212413105721,2.22556254565395e-05,0.00012135545799026134,0.0006543361159883219,0.000638231435030345,-0.0001300404857532267,-0.00010288692842224119,-1.3453505234921965e-05,7.597785572460714e-05,4.8417335281011126e-05,6.847000308347907e-05,-3.053363884711047e-05,-0.0002642678789726598,6.955399177469856e-05,3.713848165304173e-05,-6.10890961163737e-06,0.000389686924871783,-0.00010279545108976073,-0.004391155885545593,-0.009910659400914798,-0.006418394918307815,0.009114838979347952,0.010677859293673472,-0.0016910743419276955,0.0016843569958511094,-0.012385036062169225,-0.0027953360144117585,-0.00017130824715988228,-0.013769557219794072,0.005600150452344907,0.0019220786833947204,0.005222125253194723,-0.0013829516132588993,-0.014024706618357294,-0.010730760750263618,-0.003889563703217411,-0.003065137026638061,-0.0014533671258553872,-0.020575994214449455,-0.010000491189456982,-0.0037495635046368406,-0.00400614432963671,-0.000782019217533473,-0.04651825876645914,-0.0065019805396040456,-0.013010907702685207,-0.004784115823436294
VQQR3OUI,0.0,-0.00026863044056513115,-0.0005177289315268079,2.831635798025925e-05,-0.0004842872730579848,0.0025031578110482483,0.0028113886050196747,0.0,0.0001658688175366255,-0.003317196275135588,7.539523093216252e-05,-0.000603887933135957,0.0009114433660568603,-3.340601468761954e-05,-0.00025554585936844466,8.439341465096729e-05,-0.00013083955559764065,4.127229479998594e-05,0.0022983002439808287,0.0002826694378606579,-1.8811259324673497e-06,3.453496517850069e-05,-8.00249216351197e-06,-7.412307635907195e-06,-1.3833051720946408e-05,5.1463456942214825e-05,1.6759523063133144e-05,-5.372151090527367e-06,0.00011274686571822399,2.9729295422124815e-05,-3.265776752770378e-05,1.343595374895558e-05,1.4910934230157984e-05,7.961070560562012e-05,0.000736529443204019,-0.002318702206156314,0.0002066206489838404,-0.0022280489115951907,-0.0003247018879422294,-0.004386964678261042,-0.0006325423560112343,-0.0006473450535499936,0.0002505326019273541,0.000183820423078818,-6.798308810364534e-05,1.0458232357816358e-06,-1.382719160276133e-05,-4.041195485937592e-05,5.925600787880882e-05,2.5819053773704414e-05,0.00016869838468696645,6.440138529918987e-05,0.00013021986611710137,5.28021454529715e-05,0.0001553434372898938,-7.033078499012321e-05,7.61637217058627e-05,-0.0002709909822948276,-1.3693728577386816e-05,6.387829056079957e-05,0.0005408508410185171,0.00037369585190574046,-7.643988798524994e-05,-0.0001370857336757893,-8.109459248006716e-05,0.00013824638743735736,0.00022149027061886767,0.00011340550609401486,-0.00010630094311968313,-0.00038148330451983053,3.100411274940135e-05,8.047856738344395e-05,-1.681808820243988e-05,0.0003394785635844369,0.0017999445527774247,0.0003685281327827196,-0.000284696492569581,-0.0038397386166880093,-0.008091589407041211,-0.016876793936570756,-0.0033622032749923655,0.0005227240284665723,-0.012246993167026925,-0.007421024660419305,-0.0006207717635545355,-0.005625089124598685,-0.003521945551315338,-0.014386670438504104,0.0006964712370567632,-0.0006956642455852963,0.00255543592315977,0.028190952247379036,-0.0037746101891985425,0.001256787123495688,-0.0017775563722652688,-0.017384833589992547,-0.010631755902022217,0.014438198917418944,-0.007954441550883611,-0.00016540887287837285,-0.042533964277599826,-0.009118171152177728,-0.011816338136836895,9.409257211130803e-06
UWYFOEMO,0.0,-0.0006900896394909854,-0.00026023982920749526,-0.0001721493563771486,-0.00014047597261903556,0.0026582936079957683,0.002281334725497774,0.0,-0.0005968127852023543,-0.0032578289558578915,0.00010228491887767394,-0.000805786639295716,0.0008481980696430485,-3.076963096988894e-05,-8.874487983055249e-05,0.00025399943610079093,-0.00013586058585162306,0.0004111884178198132,-0.00022126442924050717,1.1142310347779896e-06,8.098121234723296e-07,3.319872597494998e-05,-1.741332956480603e-05,-1.4207314464685782e-05,-9.69018062301665e-07,3.474941062603426e-05,1.7178697311736745e-05,-3.224916460408722e-05,0.00010091040218751271,2.9082437102394685e-05,-2.110320318620285e-05,1.946684800581687e-05,-5.3718213343749456e-06,7.132624404183795e-05,0.0009914789123862291,-0.0011833187559886233,-0.0007382760113273724,-0.0014937589200488615,-0.00036083753048046265,-0.004420216196154832,-0.0003960333991775555,-0.000455164216953039,0.00024509089478072884,-0.0003949138321199754,-0.0001392143486361781,-1.3163526333175332e-05,-5.771158834831029e-06,8.264096415783328e-05,5.8190728580179115e-05,-6.1244172168290445e-06,0.00024095573779400376,5.5431778151731234e-05,-1.69477113573559e-05,5.4653457882810125e-05,0.00015230523129726312,0.00217306849174268,9.890601961759541e-05,-0.00025300859318089296,-4.470888610758846e-05,9.662663021467848e-05,0.0006318659106874902,0.00047030108125622306,-4.228735608047296e-05,-0.00015717676041038383,-6.10486942161648e-05,3.9952441142061824e-05,0.0001833334687650926,9.553260081155308e-05,-6.162900157271334e-05,-0.0002160396089308187,8.077832434398925e-05,6.37620139470174e-05,-6.117946688824318e-06,0.00027724644603852505,0.0028559330148291806,0.0026409980040739025,0.0008256753087313898,0.0045993470324125225,-0.009903898863236558,-0.010582902236649904,-0.0027886211130205506,0.0015479585443676992,-0.010154092100505897,-0.006311652946117441,0.004048203241218977,-0.008389517449557184,-0.00977121352274372,0.0007458114789947077,-0.002101075695426348,-0.0014544992751542069,-0.0057726430339811044,-0.009882120243045146,-0.0023038883105789216,-0.003327676790206215,-0.0018404548142269166,-0.02299516015875632,-0.009370981357168174,0.01142430877679026,-0.004991327544572256,-0.0008640588296094604,-0.047235333583361835,-0.0038161438564312837,-0.012778924244073954,-0.001788079390156734
ZXNHUYCM,0.0,-0.0003534843649686855,-0.0006881926982693913,-0.00015356343294830834,-0.00045555499918468605,0.0015746367599199671,1.2845046315273038e-05,0.0,0.0002508725684266077,0.000783186337657549,0.00034025553025780004,-0.0006542441951040042,0.0010577612806725555,-0.0036028938314634825,-0.00014947933681688273,-0.00021687031250271628,-0.0001887422902729678,0.00013669158646337497,-0.00010587309362164095,0.00017665503529460985,3.2192406909503155e-06,2.665218019113143e-05,-6.516909366524033e-06,-7.04062165167722e-06,-5.154164467661412e-06,3.4342678655159296e-05,2.8285646134947614e-05,5.068985664271557e-06,0.0002566170496903999,2.339429885836514e-05,-2.2902919554370337e-05,2.404414050146925e-05,-5.231280447070435e-06,6.395534662409166e-05,0.001166782398758827,-0.0008726385693136425,-0.0007128239146486042,-0.002283871756014032,-0.0005499047155174101,0.0005944938262823736,4.4660070789138646e-05,-0.0009710917438936783,0.000548310689366901,-0.0019099515917579408,3.7782879661216277e-05,5.60249223169534e-07,0.0002068898327786108,-1.3213738154699937e-05,0.00019398909836259356,-1.6019235803086167e-05,7.303054853463754e-05,0.00017586702317708874,-1.4764445911530444e-05,1.739317952786447e-05,0.000195758835944098,-9.029081145243028e-05,-0.005028830782709867,-0.00015908636799257116,-5.430986729077008e-05,7.62171403831527e-05,0.0008386575324993155,0.0005098907256028066,-9.887774035910435e-05,-0.00015335168501425325,-4.0118578197902105e-05,8.966676481267053e-05,0.0001033513396428734,9.688643975360837e-05,-0.0001472182485005469,-0.0003018679254721022,-1.2842504385095781e-05,2.2878803170138992e-05,-1.2295969256175409e-05,0.0002130174449615706,0.0011964966896027623,-0.0010324178156203303,0.003734460549954927,0.011303709389225073,-0.0019309195693037013,-0.003529989491655307,-0.002926660908317661,-0.003006374893291217,-0.013298031058580422,-0.005882406168519959,-0.0006624234601752946,-0.0235871627963605,0.0014536525062192628,-0.009387185817058545,0.0017960528897398764,-0.0013805171826578205,0.0008745273839704573,-0.007756093748246796,-0.023589211292952578,-0.0069003396071802715,-0.0024873674940285835,-0.013787407583196366,-0.015271808545041253,-0.009691717055765709,-0.011200223343945418,-0.0009828271983166627,-0.05483709817075565,-0.003501554020474353,-0.013604866135710523,-0.0021000964197930637
KHG4UMKP,0.0,-0.00017090155446211614,-0.0006902785278341641,-6.273419718798338e-05,-0.0001378800811668398,0.001968621180080247,0.002667292770814231,0.0,-0.0001277779834381479,-0.0023621789980520875,0.0001163556056981552,-0.0005776055133091204,0.0008491543166175379,-8.535640374993621e-05,0.00014459487755275115,0.0018799429110357589,-0.00015110918894270596,-3.849051320946387e-05,-0.00020743293538386725,0.0003625886729891133,5.357422267918719e-07,3.2162800576740305e-05,-6.386741937855086e-06,-1.8250981489106063e-05,6.913470695763338e-06,4.6346591465901585e-05,2.803152534576629e-05,-2.5902124629797896e-06,0.0001370714143227169,3.160607562855105e-05,-1.841063455318851e-05,1.8974908707955174e-05,1.1554757935626934e-05,6.59544665173331e-05,0.0007743716314852781,-0.001677055929154164,-4.2755403225306436e-05,-0.0009091195053301733,-0.0002509650452269774,0.001014535543608601,-0.0004884024848446317,-0.00032539838014731897,0.00016848835106746633,-0.0011337113122670142,4.942030234802939e-06,-5.260217103598139e-06,9.375231064196766e-07,5.575588208220296e-05,9.433894217152362e-05,1.1214830050700245e-05,0.00011488654298797995,0.00010713599100174183,-2.581672732183764e-07,4.32695665548856e-05,0.0001564225021752945,-7.405163799612281e-05,-0.0019686138560417806,-0.00029763334534827054,2.914391756399532e-05,0.00012467142820869788,0.0005860271788007321,0.00032463984987366325,-0.00012197609749707823,-0.00012871967985766004,-0.00011682228231182752,0.0001272377554815212,0.00013679680744950072,9.533316258544334e-05,-6.0215172291172925e-05,-0.0003292960851463272,5.8224788845064916e-05,4.8481099642295587e-05,-1.690438547003954e-05,0.00034396312046577757,0.0037616702592184544,0.0008028994456210778,4.9227368277874276e-05,-0.010081634125699571,-0.009374348551763624,-0.014637170880226076,-0.0033520772361322632,-0.0015670744393428307,-0.013748739395539961,-0.0059661044950221455,-0.0006796085182175397,-0.015351010521099199,0.0054143831027791845,-0.0022732987455141066,0.00033401130192427757,-0.0010742884772680329,-0.0021224212324099916,0.03001964866429784,0.0019054996614215945,0.0004920395696921942,-0.002656293119322817,-0.015299568987981335,-0.008016372534499338,0.022338507142354785,-0.005606333501936462,-0.00021569510853094046,-0.04841946261233001,-0.0031030974621632642,-0.008154570172038756,0.001382070203289019
5R7N3RKQ,0.0,0.0003063348145655898,-0.0001604460588435487,-7.94121181127194e-05,0.0007942383964798299,0.003290710198949888,-0.00021679098687601875,0.0,0.001515045512712987,0.0006147469972448703,0.0002718816591742617,-0.0006936898248036715,0.0007716380643109234,0.0004525021952854658,0.0013510930101292306,9.877803642471137e-05,-0.00011455644528247512,0.0004766676539839715,-0.0004238761841550285,0.0002271874285739935,7.196297449241529e-07,2.3732323807588313e-05,-5.541914976947577e-07,-8.401707405221289e-06,9.875007740310748e-06,4.266734250935022e-05,3.79898414648026e-05,-6.597791020449915e-06,0.00021847720424604953,2.2130121441237383e-05,-2.92281305830279e-05,3.882519131533347e-05,3.16331488995571e-06,6.337015935288307e-05,0.001032614617323763,0.001708340698033385,6.009247982511395e-05,0.001058580913587616,-0.00016056073503813067,0.00020463236465634465,-0.0003146001128967037,0.002129802066575505,0.000351463763659141,0.0006573625510553339,7.291549058295004e-05,2.8082620421882628e-05,4.7047951658839e-06,4.4116065138669675e-05,0.00020433120403111766,4.347321240106237e-05,6.653449701639596e-05,0.00020159542375636978,3.934154995500562e-06,9.175639049454135e-05,0.00021117494583611286,-6.669724320358591e-05,0.00011260958901876371,0.0025972223867663626,6.293319734897102e-05,7.10030711057339e-05,0.0014752078191078706,0.00031903891202636616,-9.484355371104467e-05,-0.00014672327529722872,-1.675797055646617e-05,0.00010596780700434164,7.490186905139655e-05,7.688265445159685e-05,1.3420199985136653e-05,-0.0002179529112098871,-5.4976204983333845e-05,5.938025117710071e-07,-4.8170540773519856e-06,0.00034727979728698457,-0.0031944306954178915,0.005417604699594159,0.0027064536260884985,0.010725928290865994,0.007578570933563268,0.008786293443778606,-0.0029851393057881877,-0.005562432523642403,-0.01462040896344565,-0.0027354542492196653,-0.0004966109337063439,-0.012282963384182471,-0.006194507545600563,0.0007883976440872233,-0.00037374478189319306,-0.0011174542226896314,0.0026406866440492065,-0.00424240322311936,-0.0010342103700610034,-0.005790352946403495,-0.0019796384505658617,-0.02487383196694748,-0.01059854871698219,-0.007108981457015786,-0.012424828185386249,-0.0006715661887972812,-0.057350260533603925,-0.006826036376904442,-0.009491312032854337,-0.0014584818860207637
TEM0I59X,0.0,-0.0005316548991732791,-0.00029106114341195675,0.000618165377390945,-0.0002816340653109908,0.001840228589491636,-0.00031653806795639013,0.0,0.00021375389005366078,0.0005413008301118731,0.00017461884901456829,-0.0005798387067760273,0.000577434355222294,0.00019256718172616871,0.0008128396126799164,-2.4960592212069295e-05,-0.00018195261745185493,9.900120615070672e-05,-0.0005603934743672279,6.553683531341443e-05,3.85025651914501e-06,2.4246528605919143e-05,-4.912364456970202e-06,-6.0020531653610655e-06,-2.065955979871844e-06,3.3880100613021984e-05,2.6060816832874707e-05,-2.6510091928570566e-05,-2.9737649628559242e-05,2.073948347525264e-05,-2.194442332844359e-05,3.783701884044963e-05,1.4274785646212286e-05,6.71000324975624e-05,0.00027769732052941283,-0.0005787205125439612,-0.0001748107195249079,-0.0008586352048729457,-0.0005167577247603387,0.00039826284982646563,-0.00021696842241136207,-0.0002917513616147543,0.0005521716775574575,-0.0018184337733128443,9.119201627243874e-05,2.3080177996397328e-05,0.00015068007390908733,2.777463943209812e-05,0.00013586857191847106,3.020657909940242e-06,8.648635951634611e-05,0.00017333305945803275,-4.6324430755045025e-06,6.614783989693773e-05,0.00020451712005918306,-8.154317385472704e-05,0.00018408256902975885,-0.0001352492476866935,0.0004993917099465184,0.0001695954292889727,0.0007912407631568615,0.00032098183666513834,-6.07950996156082e-05,-0.00013588812139116532,1.3896076908523934e-05,0.00013096996181412266,0.00017405640972134218,0.00011439563273447238,-8.307434855904107e-05,-0.00024050436693537247,-0.0001015676371769022,-4.144541515183675e-06,-1.0423406359725938e-05,0.00021224802534738134,-0.005049305033118083,-0.003197041097610781,0.00018840173890326105,-0.00375976641311971,-0.003423734517752288,-0.007403301699057454,-0.003071361068024278,-0.0007895431212851713,-0.014807863902195064,-0.004177105897375726,-0.0004225064206170709,-0.01453488407116727,-0.003684990995200114,0.0044027554920805624,0.0037274394150166095,-0.0015069880122654438,-0.00623602097145158,0.022353418987940868,-0.016302003697135553,-0.0013691827810027514,-0.0025935810819057805,-0.013739199301411998,-0.015419067018317105,-0.01583110620923416,-0.01128061923656947,-0.00028347683095890564,-0.058874143500115994,0.00013455715915065695,-0.013947784874942533,0.0018816509236324276
1WPZ1MCO,0.0,0.0017277769008712815,-0.0001708211676464408,-6.112690039066372e-06,-4.026666498194502e-06,0.001164045878927181,0.00020928485966503305,0.0,0.0006142535073719785,0.0008582494832575109,0.0001417086196387043,-0.0006714640543332509,0.0005933530869509518,-0.0035137997630453766,3.100589654503198e-05,-0.0003231114832803699,-0.00018188786506173358,0.00016991404632005314,-8.980515662953026e-06,0.00023382924536650046,4.0328020113554205e-06,2.5521388812661932e-05,-6.796787541168e-06,-1.7987101074678252e-05,-4.755090412809847e-05,3.2128630147635774e-05,2.6420292661907486e-05,-8.119906063491252e-07,0.00011330437309055822,2.415090539706153e-05,-2.6110590409581534e-05,2.7167500015884653e-05,-8.249730597454442e-06,6.196219562481003e-05,0.001066905315853081,-0.0017214132027925672,-0.0007150641731746189,-0.002673079040476032,-0.00012650735825799972,-0.0037187158848278343,-0.00030441667917586546,-0.0013598171351609928,0.0002012980989218205,0.0004915850099242671,-9.086786222242034e-05,-4.5501509401231405e-05,9.062209917842845e-05,2.750591847273873e-05,0.00018607855630669014,-8.155529119941235e-05,0.0002064111961025305,0.00012037535880496125,-2.0060956821104594e-06,6.026805481813783e-05,8.89722813751094e-05,-8.266570132540406e-05,9.069665176873475e-05,-0.00015707490296368876,-7.642552517362865e-05,3.145587684982045e-05,0.0010305430951992323,-0.009735887866987359,-8.878310792135799e-05,-0.00017370930677579615,-3.2062149235304404e-05,2.254130236555798e-05,5.6328834425440365e-05,0.00010514523055698358,-4.73255006952517e-05,-0.0002977601581016005,-7.919938618980282e-05,1.635682695423226e-05,-1.1783305537824119e-05,0.0002876674006423919,0.0008926427597865644,-0.0007333775546733655,0.002749675740346921,0.011209012934964693,-0.0037110545441615176,-0.0034164027327747456,-0.0033477852344553456,-0.004910082862823989,-0.01279152395715135,-0.003711824216649905,-0.00027944697537769873,-0.01885320989079524,-0.0007674274869923295,0.004336667060011655,0.002475699406408592,-0.00143314738837788,0.0007112515290039309,-0.008977545016163746,-0.012868025139445119,-0.004899378122258041,-0.002451971997968689,-0.028633735668927063,-0.0050000680041660875,0.0024029420578626634,-0.006321688771922584,-0.0005171340391305889,-0.0559111685465185,-0.005789392042900768,-0.013979706176731903,-0.0033732474607009884
1AQKM7VU,0.0,7.810009582974757e-06,-0.00024460775413940694,-6.029268786500882e-05,0.00048755747667656563,0.0018998953911795427,-0.0006079059253601361,0.0,0.0010936119708110184,0.0011012588674637674,-0.002985478552798318,-0.0007722444213281955,0.0003605076609289889,0.0005848705438362208,3.211120809016657e-06,-0.0003171938779224825,-0.00020105102640220117,0.0007758667884161282,9.115578520335273e-05,0.00012775070395642398,1.2546855937266655e-06,3.347721823423928e-05,-1.3894479145906625e-06,-2.570576140353769e-05,-3.6833140490007775e-05,3.830445384335749e-05,2.9220044646111635e-05,-2.0526245354332245e-06,0.00014656583780607566,2.228416464663136e-05,-1.9019812233190183e-05,3.1010156744705915e-05,-5.477131034693886e-06,5.9326952024338304e-05,0.0011300390538571707,-0.0019473442857314192,-0.0005036530985502018,-0.0025869876634202816,-0.00022650268628129393,0.00013468718142513558,-0.00015103013742503215,-0.0007192377813870627,0.0002437175163807706,0.0007896285383703962,-3.5662410241914975e-05,-3.5462790868990403e-06,3.391149760706009e-05,4.644294197623297e-05,0.00014766748430346195,-6.623832916017364e-05,0.0001653227680849094,0.00015307281574740523,-1.138730576887765e-05,4.256574407299015e-05,0.00017249223047810028,-8.517762930356613e-05,3.924822623926995e-05,-0.00013141913886296247,2.5351199697938268e-05,0.0001228502289251061,0.0008514919070185021,-0.007077897261362784,-0.00011527770336178879,-0.00013266288801097928,2.7746486411115494e-06,5.661821748270793e-05,-4.6800093535678446e-06,9.85940734738269e-05,-1.5771245376076146e-05,-0.00033181868228989293,0.000150438943165557,7.439296947907872e-06,-5.929362528573e-06,0.00034736123576107535,0.0003195157772964276,-0.0008345871575897236,-0.0023235632641662915,-0.015038771189792476,0.0072637975334515145,0.007402320977325276,-0.0030349220941968892,-0.004970271967816619,-0.01613222067575673,-0.002925313416940764,-0.0005139597740734585,-0.023109846765965347,-0.0005440390522861956,0.0038191487473392466,0.0012799473324437108,-0.0016840016762310413,0.0003727107038548839,-0.01013067999866725,-0.0026110082664022962,0.0011180699319113807,-0.002123267683008726,-0.0263927347952272,-0.010299883597324781,-0.006130779859698349,-0.011785433834698475,-0.0012839325203907767,-0.0534785013621042,-0.0022807408269243518,-0.013229180009761171,-0.004009110111738998
VTVYSUZG,0.0,1.5571411850080865e-05,-0.00047403854683740715,5.215921710111618e-05,0.00013313477019681654,-0.006849393951000303,-0.0009309948750142072,0.0,-0.0014968710944082463,-0.0011272758716628043,0.0001122834071081901,-0.0008135010089519181,0.0005556308993068567,2.180301819431083e-05,0.00019144538882098232,0.0012247830647001677,-7.452920574850273e-05,0.0001455534787474353,-0.0001808489873760805,0.00045068166935620607,-2.9614837967202834e-06,4.4578638694728005e-05,-8.15648887480231e-06,-1.4344482214122169e-05,6.542022846234764e-06,4.1330743030529844e-05,2.728411938279747e-05,-1.3747677593451956e-05,0.0001501048907550964,2.8164277368921125e-05,-2.2821790892274866e-05,2.398123481507824e-05,5.326375504363043e-06,7.392793277666437e-05,0.0006353278873694594,0.0008621783815385045,-0.00012014877178818263,5.7881794361486905e-05,-0.00014289208311311355,0.0001004495005364653,0.0008712427485781808,-0.0006683935363008864,0.000246489378222712,9.709585931338605e-05,1.1673885609128364e-05,8.033769740963305e-06,-2.9105185478947888e-05,7.091734134524214e-05,7.129263208182063e-05,1.3803790804184333e-05,-3.518973246217225e-05,9.323293777140186e-05,-1.5256920228575077e-05,3.982363645534364e-05,0.000171112427056204,-9.143826496351601e-05,5.822507631172017e-05,-0.0002011115327155559,4.546339605796623e-05,7.700864165616987e-05,0.0007593754923237722,0.0002979896668247493,-9.899933247263992e-05,-0.0001315574892545415,0.0029200121628700664,0.00010818749294079224,0.00016218236152073314,8.571671344620522e-05,-1.4295356548472023e-05,-0.0003022047054289684,7.411381155943635e-05,1.2259490621252662e-05,-1.2707086003137872e-05,0.0003043228230404981,-0.006047107084429745,-0.0014335476494773574,-0.0005744440015128196,-0.014918694401645005,-0.0036581502415062184,-0.004606763071349421,-0.0018860542736149892,-0.008536885647219952,-0.01591239332578121,-0.0015595558637881474,-0.0003107732011483801,-0.016685307168666962,-0.002930746987073032,-0.0026139077228016197,-0.005113948598795822,-0.0010590688609257045,-0.0032974195376775798,0.024044689904820924,-0.003955854975084038,-0.003904942264150757,-0.0027463889308620114,-0.017151940730766507,0.015255498054397226,-0.006744789580322723,-0.0073977974437929835,-0.0005225643163081136,-0.052913893901588904,-0.003983595979257759,-0.014401632966810523,0.000108374513641464
6ZSAKAHX,0.0,-0.00029830430856514413,0.004388393679152369,0.0003713427358243541,-0.00028412075135871956,0.0017320623478617192,0.00017673673042096824,0.0,0.00077897990657416,0.001335133134445911,0.00024363835840683556,-0.0006248561208879318,0.0008114425265809302,0.0002604210834701217,9.241281927368978e-05,0.0011897005963860186,-0.00018158816130979237,0.00027698652473185856,6.987465574384516e-05,0.00022816224007637533,4.232705201419015e-06,2.3672711691139804e-05,-7.255716833167519e-06,-1.733305524136954e-05,-3.852078269326228e-06,3.2543244927109325e-05,3.7585000876836506e-05,3.584487506228486e-07,0.00021260765835019786,2.482267802528488e-05,-2.4367226130433e-05,2.1809725412669696e-05,-5.441468714293382e-06,6.411027528768029e-05,0.0010847130660665688,-0.0002380870044460611,-0.0011033085907768945,-0.001375705011294262,-0.00018045959443708566,-0.003861603265188895,-7.073821929952845e-05,-0.0005634148558859554,0.00022799780660118221,0.0002881634201545707,-6.696638811966036e-05,6.821439764050973e-06,-9.288460417631176e-05,9.160457125146466e-05,0.00017603566967652198,-2.178912877332542e-05,0.00012489937341371863,0.00018986339360148522,-3.79425161770174e-06,3.85714793745778e-05,0.0002531222326191512,-7.09546262931776e-05,0.00016150622705182388,-0.000244280935667588,1.1373821364713409e-05,6.695526381516611e-05,0.0007292153118421326,0.000360318746603112,-0.00010821510678193526,-0.00019417634052738781,-5.220991765566851e-05,7.890819406802194e-05,0.00014275456702182103,-0.002405695873031855,-0.00011454071862437992,-0.00023865322147492663,-7.681590859114545e-05,-6.376890569886944e-06,-8.793829923665647e-06,0.0004409134030944495,-0.0015678616467401348,0.003190943925706439,0.004379498833441942,0.006284559455384825,-0.0038248433635173595,-0.0017495520721642311,-0.0025266093203785474,-0.005835114641398823,-0.010472782500023751,-0.0037791480858047305,-9.636670316778281e-05,-0.008946108180330837,0.015742100849567637,-0.013924843843473918,-0.003553959632063809,-0.0008927828643571274,-0.000703088359756565,-0.004919942988241677,-0.012640403494384889,-0.0014797989745584435,-0.0017111951814761676,-0.019374178639034637,-0.01337774797867108,-0.001074305945936887,-0.005147001581436949,-0.00026324993678774396,-0.04942221684222772,-0.004582490065084256,-0.010043971314265291,-0.0013007016934058059
7TIWLFZD,0.0,0.0011044008864865913,-0.0010761822461686661,7.642905638296021e-05,0.0005374834050695949,0.001564810366902567,-0.0005852712112967342,0.0,0.0012492648170631664,0.000988775245876794,4.9251055533081e-05,-0.0007062329916016733,-0.0048434721934373275,-9.020284984779644e-05,-5.673541973834862e-05,-0.0003626865784353211,-0.00013237195250600885,0.0002842167970904701,-0.00041410174036560937,9.271417328280974e-05,5.2222712764409935e-05,3.382972843874804e-05,-9.649656462247494e-06,-2.499024326665481e-05,-3.4287857077875094e-06,3.408748880588314e-05,1.5786516269776093e-05,-6.758889785619468e-06,0.0001041939032912115,3.1187198788185875e-05,-2.0032271265595707e-05,2.1489040581075183e-05,2.138319469803165e-06,6.713887650388151e-05,0.0008572362093890095,-0.0017379513328647693,-0.0007681697770940692,-0.0013281025766907221,-0.00011826311477537387,-0.0018040417839132296,-0.00045107831673313505,-0.0006646290644867628,0.00032976718012249105,-0.00012040888125280801,-0.00014783320475462248,-6.407187999261387e-05,0.00012679330480157628,6.724996293394429e-05,2.6728571896115038e-05,-4.504332766249166e-05,0.0002910554456923151,0.00010845787480556278,4.702924382536836e-06,6.019926074054189e-05,0.00018335810273320863,-6.113643528294827e-05,7.58945516318552e-05,-0.00024796167926728613,-0.00010531731029710455,1.9389365637812355e-05,0.0008010556564890419,0.00025589003082681115,-5.664102021369136e-05,-0.00017030841448884706,-9.65588443925118e-05,-1.8547024862512772e-05,7.336565141743033e-05,0.0001062726412531699,-1.5681252118342985e-05,-0.00023407205115666516,-0.0003794812141481232,4.399910139961373e-05,-9.477026059037434e-06,0.0002861567689212912,0.001816224763836711,-0.005174297465568338,0.002070503545854975,-0.010235644043864761,-0.011687451115902034,-0.010476891632026423,-0.0029346519666872775,-0.006009133229992306,-0.01215262637680066,-0.0046972918943808985,-0.0008144920407380147,-0.019651269870234363,0.011956804440345003,0.0019236149290110004,0.0007928104101402519,-0.00157220411001567,-0.00903360171173751,-0.009613180930122606,-0.0033156465024805236,-0.003944237451425814,-0.002733260820893104,-0.02884052459778599,-0.006921972362970544,0.004219100723413925,-0.009169376048081504,-0.0006294232386499788,-0.05606732015853947,-0.004136987691925974,-0.017846425235471936,0.0014896513837525534
HXRF96S3,0.0,-0.00037570285195930427,-0.00030713317803653535,0.0003077335260968922,0.00025629850565479084,0.0011031053738310638,0.0008804571100053315,0.0,-0.0026200929249143886,-0.0010430030867478709,0.0004918839307649388,-0.0007188543092929211,0.0006688819337562578,0.00010257303113251046,0.0014645291260393563,-0.00047717585210434817,-0.0001805752971011749,0.00030388168632595466,7.881377050769345e-05,0.00013811840774758917,2.8876633261674614e-06,2.8524285505928523e-05,-1.3049779142556844e-06,-3.1133747989501793e-05,4.408263808345045e-06,4.193165284253324e-05,2.4836876168324658e-05,-2.0897236084443973e-06,0.00018161228283904528,2.13159930931306e-05,-2.199888044643393e-05,3.24942771787356e-05,-4.842890897447223e-06,5.704354600614875e-05,0.0010380990663026966,-0.002443650523870111,-0.0003906774501340959,-0.003343783495758852,-0.00012077660344102344,-0.004554808245700925,-0.0005232075666795261,-0.0006242515216058534,-0.00014609769735146177,0.0002910729044289923,-5.867016422845549e-05,-6.037173694860835e-05,6.308718439931992e-05,3.4759885325130254e-05,8.474863967020878e-05,5.588507895660302e-05,0.00022734355850872285,0.00020867510374231635,-7.3123042158752595e-06,7.485205853225567e-05,0.00012910344803203943,-9.206977054462645e-05,4.0792929501583156e-05,-0.00019280637399493743,1.9130420705177867e-05,7.79838588771243e-05,0.0008086219383581095,0.0006583265634492235,-0.00012346354788253443,-0.00015735473087481966,-2.782387421207804e-06,5.43592783093566e-05,-3.123807509424003e-05,8.877754196613542e-05,-3.0023026261400952e-05,-0.0002536528443484566,-0.0014390226116142368,3.607701697909337e-05,-1.0900051258177852e-05,0.0005260007519177045,0.0018709728094644985,9.646053996269677e-05,-0.002110821462859687,-0.015377999413916127,0.008296488360583436,0.009949935733537882,-0.0031805653982848194,-0.0025072012773907676,-0.014828790691035697,-0.003243524147086393,-0.00042284974790264573,-0.01275867243917686,0.011040121000215376,0.004113421563604472,-0.0010278828185912427,-0.0012820595352380168,-0.0029923848389117364,-0.009431979675345516,-0.01778272355159876,0.0011533189870089815,-0.0018794128079847692,-0.01822710290413995,-0.008218325746764444,0.0211870131763246,-0.006188928451757573,-0.00039327297565618774,-0.053458664914034885,-0.0023138071082520776,-0.011918089495006865,-0.00032534812600120555
WTEAOER0,0.0,0.00012972209501294315,-0.0005891881457477469,-0.0002025808466759078,-6.218911827809395e-05,0.0021179064961157957,-0.0008999488939345911,0.0,-7.753336935254093e-05,0.0008425257540558384,0.0001396711827602726,-0.0007790076519335706,0.0009692460902609503,0.00029497359970735753,-0.00020562655671274327,-0.00021756658638720738,-0.0001623877721977274,-0.0015038236221048321,-0.0001874305173713292,0.00016388199941782782,5.280027453938647e-06,2.2356809450006494e-05,-1.4484756960062088e-05,-1.3753165903345073e-05,4.387450881266514e-06,4.042283312104988e-05,1.56901268703438e-05,-5.218152832882683e-06,0.00013396381590297029,4.299753171483241e-05,-2.706480056331841e-05,1.993730810505444e-05,5.820686503562137e-07,6.669400513953915e-05,0.00120619117338614,-0.0008017833754440769,0.00199540151575132,0.0008792717212076259,0.0016427445808016136,0.0008548826639474903,-0.00017622022733362387,-0.0009918688031354918,0.0003289434909071436,6.374691839259134e-05,-4.3558054419877715e-05,-3.1189055298816865e-05,7.87710495438746e-05,1.7763220927590413e-05,4.983094144292615e-07,-4.736339369700438e-05,0.0003389134823546071,0.00015525076955657315,-1.7971396398313247e-06,2.1698123550972965e-05,0.0002314984071824949,-6.431751323781365e-05,7.289635929119562e-05,-0.00027192400081442003,-0.00011712341694224051,8.355920358434931e-05,0.0010641956152995554,0.0004454238387624671,-7.663646124167261e-05,-0.00016973202150070383,-7.042520284197295e-05,6.831478291409279e-05,8.637541426585671e-05,8.699289188889409e-05,-7.341181489949618e-05,-0.0003441126400808361,3.158679967676973e-05,-0.002095688373453268,-1.1117101817302508e-05,0.00036112493190667113,-0.0009549924770642041,-0.0006646720914168599,-0.0004062277099896318,-0.0004252569096809538,-0.00801029824383998,-0.0042751732821373085,-0.0034291742988258795,0.0020094490268084205,-0.009815934753556832,-0.004054934960532803,-0.0003853312134038443,-0.016978413577818516,0.0007247131467645509,6.387168943429455e-05,-0.006899009406925055,-0.0010801879240528239,-0.004644940071975915,-0.013266320888747855,-0.00547500089484707,-0.003530584689864079,-0.003292949613586237,-0.028963802213090837,-0.004888987923082036,0.002385375121182865,-0.006052528257235158,-0.00027630240337936563,-0.05217796121019884,-0.0010607861236237356,-0.01029996552054324,-0.001844682558247109
T8LSQO2S,0.0,0.00037290019022107756,-0.0006389212762864403,0.0005901743284644562,-0.0003278086258954667,0.002608706035763008,-0.0005045462051604836,0.0,0.0008204377187053858,0.0007846772051195934,0.0002433236781571901,0.010306472751828884,0.0008404145255612002,0.0007595240044567191,-9.65528800665029e-05,-7.670553565778444e-06,-0.00012983035843795748,0.0002517826054418993,-0.000174457020395167,0.00014894891804751126,4.486543670356843e-06,2.430005724566688e-05,-3.7803135470437215e-06,-1.1735020196700375e-05,-1.6167244064124186e-05,3.85229669862942e-05,2.8632317877279393e-05,-7.047441461607766e-06,0.0002485153607417087,2.3311459003295886e-05,-3.629710294470841e-05,1.95288506368362e-05,-4.6473434319663334e-07,6.583937234636884e-05,0.0005808197286483786,-0.0008464147373760265,-0.00030333982713954947,0.0005708058326771381,0.003934336703283176,-3.345438138399091e-05,0.00019389794399488812,-0.0010837043838337447,0.0009640698068766498,0.0005406133476687831,-7.460620348754285e-06,0.00016762198000558855,0.00012515585336591597,-7.748421438571128e-06,0.0002357416254710419,0.00010451374111334804,0.0002486487720017082,0.00018181369986238182,-1.548504298557807e-05,4.293046211982185e-05,0.0002788025748892731,-7.025992362268699e-05,0.00016365152807885556,-0.00014584908197644655,-7.1181578887897375e-06,0.00014563805515987658,0.0006108318031968092,0.0002674804282023334,-0.00010930010952200349,-0.00010857194489661301,-6.09143801053711e-05,9.709101670954482e-05,0.0001475291570355118,8.800808711932975e-05,-0.00010596752124259954,-0.00024117043236217685,-1.279140529389625e-05,7.0335029293442245e-06,0.00030700730074428205,0.0002884270211303003,0.0019517945858536063,0.003946831271153191,0.00046057795948091106,0.00047591782004550954,0.005860646074464566,0.005599882388460812,-0.002607898083560683,-0.004656651154951044,-0.012693725892726711,-0.0049040239075270955,-0.0002520580006645612,-0.0012545140211157474,-0.0037563151923552013,-0.015546982043808794,0.002760355926357739,-0.0010804613843498647,-0.004522510478618874,-0.004185417569700104,-0.01982610815238338,-0.00792727227082881,-0.001390265590032554,-0.011017876308602863,-0.015046451074608154,-0.008795024144078567,-0.008441289233244243,-0.0008490625111256986,-0.04333555898898412,-0.004705453860402814,-0.008932381375996664,-0.0016073682596429158
ABMOVF1A,0.0,0.0001712058865239455,-0.0001796377336444846,-0.00014618530109675442,0.00019304966523606696,0.0021776514139988956,0.0014108687970188617,0.0,-0.00022649700552676737,-0.0018173588066125919,0.0001868027812090128,-0.0008441559955300476,0.0007167791924156376,6.294753410601754e-05,0.00017918529004651442,-0.00019891824377040395,-0.00011034329331994086,0.000218505101199053,-0.00021727577062433427,3.3079979857398595e-05,-4.707003672611966e-05,2.291237749034189e-05,-2.741150771993886e-06,-1.0029627198831178e-05,1.4093673889041895e-05,4.246754805689496e-05,2.460383546112495e-05,-1.5818624543113555e-05,0.00021924356809633044,2.0710884189483403e-05,-2.7408218160409936e-05,2.923775758933908e-05,3.6805439996980676e-07,6.839706414582029e-05,0.0014931476058652456,0.0025121843508589463,0.00024691672377316387,0.0008706089051449848,-0.00022697087778231288,0.0011042055994951007,0.0020746965915084,-0.0012785079009750581,0.00017536353951463134,0.00037959296994480215,-0.00010710355006293167,-1.8759820441904706e-05,0.00011634618534506723,5.6166527062549127e-05,0.00016978234519441976,5.965532073106429e-05,0.0002851101957568106,8.301235224808985e-05,-1.0580495914736052e-06,5.625441092783092e-05,0.00022288219261370738,-7.771266451493784e-05,9.632347988666469e-05,-0.00021901793542946336,7.073923668474456e-05,9.70796420716261e-05,0.0008916193193260162,0.0005822512028125027,-7.008949153910007e-05,-0.00019704657959884088,-0.00018313539360589518,0.00010200179693098205,9.571208040317496e-05,0.00012843170127511846,-2.6438346507635922e-05,-0.00019343715890647766,2.3645793609034596e-05,8.170115295396439e-05,-1.2016227384088161e-05,0.0004380425783655916,0.002573177688555092,0.001634238337358549,0.002895807575525404,-0.000863870045395626,-0.0004822727920340811,0.0001456896784947258,-0.0026976340686322682,-0.005898781439622867,-0.01052286316709351,-0.001775887538236271,-0.001004775958800597,-0.009536430248039582,-0.00739092214402355,0.0022937270636948456,0.0028983751330992147,-0.0011746930457277962,-0.0011860623807348357,-0.007122652509338279,-0.007003942237708358,-0.00924252835640175,-0.0014031429887737055,-0.017386294298907763,-0.00743831240942923,0.012455603860912608,-0.007104919654344366,-0.0004339742363034783,-0.05059502801359112,-0.007452266822018463,-0.009799177375369221,-0.003471968586135733
Q2GK9IT2,0.0,-4.387810157362917e-05,-4.420339870191448e-05,0.00017514816453129223,-0.0011077986176760669,0.002650781490672003,-0.00029439356260589834,0.0,0.0013997468184067541,0.0007647966704004789,0.00040431017688560464,-0.0006049978738687414,0.000843496584626683,0.00035022157875498004,0.00027702527409631663,0.0015288155111875268,-0.00015774184531823076,0.00026471777839203803,0.00010187023488772084,0.00020727746448677507,4.925346280102075e-06,2.2391145593309852e-05,-5.8408647071955065e-06,-1.1372564213227285e-05,-1.8612028728875646e-05,3.589319366349214e-05,4.593430529378458e-05,-1.3547364978739657e-06,0.00015728504510879627,2.6267713765709258e-05,-2.1916665092742638e-05,2.7789179358250533e-05,-3.4388536248467963e-06,6.995882660161768e-05,0.0013696201136875297,-0.0003572931754817305,0.0030551921331211608,0.0009691466942582515,-0.00031958568334801933,0.000527473428033455,-5.4416041598544944e-05,0.00018724395177360283,-0.0004777269376112928,0.0004698803341798348,-1.9061697934098352e-05,-0.00029865669746045057,3.149000487893372e-05,5.803848754165407e-05,0.00014709615187546938,-4.8880465286582876e-05,0.0002539503220316662,0.00021304568433055157,-8.45293084226957e-06,5.602652391639393e-05,0.0002047139384408172,-7.103769378186356e-05,0.00021717578814047314,-0.000130885420974158,6.3751528174298495e-06,0.0001461824980797249,0.0009448029754373249,0.0003562106825548552,-4.190029111993553e-05,-0.00012768642406088996,5.724066992086479e-05,8.927713903546937e-05,6.185361497014824e-05,9.945320177349936e-05,-9.429433223484841e-05,-0.0002518320528264851,7.73357181766292e-05,2.1187798345363486e-05,-5.464976822557648e-06,0.0003286152072206667,-0.0012476392416386442,0.0033750874314229964,0.003191570627738481,0.01294127808556045,-0.0013184570456804194,-0.000718771051368262,-0.0026884173291161695,-0.0013578615351913248,-0.010522803886525463,0.001350372345763589,-0.00023624755929208492,-0.0013540315569152053,0.016267956930910373,0.005827615202178574,0.003927584290799168,-0.001422101749468556,-0.0035216679590790675,-0.003246732433713724,-0.012620420258638382,-0.003098199193522822,-0.001563986776946343,-0.018707630077342215,-0.008412437601595919,-0.005992107068691998,-0.007482188501588597,-0.0006997473938238354,-0.04338448398585908,-0.0032406266344203413,-0.009760075330526759,-0.0038876492858211705
J0WKJLR6,0.0,0.0003685210041812074,0.0037268162422906836,0.0002241279759794159,-0.0005194542233834241,0.0020001946921518006,-0.0005807375826930625,0.0,0.0004535072552991177,0.0004847851274773439,0.00010069104438320507,0.01075942684019874,0.0007561050461533285,0.00038841330319498897,-2.1065875913600944e-05,0.00027720374255669854,-0.00015242200381497659,0.0001688597619212377,-0.0002568159791053524,0.0003501159055348206,2.7104084357943464e-06,2.4019432216365937e-05,-2.217190860562622e-06,-1.9234000575645762e-05,-1.1138649776682378e-05,4.068281788685823e-05,4.919155754986993e-05,-3.2673320794426485e-06,0.00015777723652805122,2.498441736473459e-05,-2.6255232450092274e-05,1.9140240710506462e-05,1.5924232517012623e-06,7.249707570758523e-05,0.0011251122950506687,-0.0016243808860711133,0.0007362204855271403,0.0003640261372752192,-0.0003005811506040305,0.0005859985053260395,-0.0001688463006403248,-0.00038311727942322575,-0.0028160921464086544,0.0005945000613738462,7.292553049214802e-06,-7.132060658425867e-05,-0.0034039370537348322,7.699583956856573e-05,3.2195281825107175e-05,5.667659394273141e-05,0.00023562085779626083,0.0001749898790558795,6.721581200976482e-06,7.254600749405119e-05,0.0001855332032781162,-6.885011595564295e-05,8.820161570228933e-05,-0.0003196898438267891,4.136389215604303e-05,0.00013559024812375147,0.0009367024333766375,0.00029934939231200165,-0.00013931045754850813,-0.00010969626168844404,-3.794994891385634e-05,0.00010834279772519273,0.00015014286101335678,7.272286743176399e-05,-5.37016601336838e-05,-0.00025175342132778523,0.0001647270448534021,5.926094538874097e-05,-5.348653322691414e-06,0.0004536592826671821,-0.0010993058183851878,-0.00012956200232587566,0.003891274688591309,0.013181676225589824,0.0050467449147724285,0.006092590473409371,-0.002655040766123497,-0.0049871362194123395,-0.011576222784135606,8.051801971810911e-05,-0.00023267169864432983,-0.010387230809660912,-0.0001815147201399942,-0.009366695236259161,0.00024731409411912265,-0.0013925538076078835,-0.002198124770920593,-0.010620651434045584,0.0007730200578023148,-0.0044312541021839435,-0.0011928940685431637,-0.014089930603465087,-0.008562475026293094,-0.0021798679022914077,-0.002671133952325187,-0.0008830918237634541,-0.05444885826612924,-0.009653199537887187,-0.009402384371441464,-0.003137391900673554
B1D3HP8V,0.0,0.00044953243892527654,0.0031761352801714104,-0.00010005111017615801,-0.0005070811608502354,0.00170856249107029,-0.00047385381293475433,0.0,0.000603717257077673,0.001668821024273571,1.5671854028223616e-06,-0.0008084554484721879,0.0009972823756122357,0.00027607779923121924,0.00012387163131338555,-9.068291275677817e-05,-0.00029800974746334714,8.329150050818264e-05,0.00013630710021694204,0.00021492792964682156,3.833076601454741e-06,2.450100679761574e-05,-7.3398861058163235e-06,-7.953250870175528e-06,-3.5218513183327444e-05,4.043283103792576e-05,1.886644936945428e-05,-1.8792350842511924e-06,0.00016689267897134253,2.7957895248624955e-05,-3.136693447741127e-05,1.681508430394792e-05,1.5649685005392308e-06,6.891617374012392e-05,0.0006796036568403403,-0.0020064712536342834,0.0007372624733959156,-0.0002463726548169493,0.00236313691562261,0.0005320878757075848,-0.00030338467104081316,-0.0007842070618674969,0.0008629521110803716,0.00014994415196428333,-4.1669726198548077e-05,5.48449062476639e-06,0.00011033045487144621,7.731435004504147e-05,-0.004335819654881996,1.5362548505994618e-05,0.000146937714784997,0.00011564938096001109,-2.5799782833471924e-06,7.29914996323285e-05,0.00024148045860705234,-6.463641192233058e-05,2.2680918378844645e-05,-0.00027304941905602044,-4.994022445278817e-06,1.8401781996569992e-05,0.0005779024501970189,0.0003162642034639172,-0.00011593594942367497,-0.0001702387068538739,-7.729859063723745e-05,0.00011075781731047235,0.00012106163182513191,0.00010165288111270921,-6.804559404247664e-05,-0.00032592325338518007,0.00010167131808647472,4.5323835238315014e-05,-1.4259620578392804e-05,0.00022139725999875147,-0.002193675311011051,-0.0017391103974407406,-0.0001659275245524961,-0.010399477917442406,-0.007201618697981646,-0.010355131476458989,-0.003003066892553731,0.0028041279042552193,-0.012123939140808476,0.0019219773041796102,-0.0002573791937886915,-0.01999387815625264,-0.0028233476285656435,-0.016467149899869013,-0.0010477005954583893,-0.0015779394719497946,-0.0013265094314816794,-0.016933211066143376,-0.0004327076862559586,-0.0033276669429127144,-0.003382241744533477,-0.02050567271704271,-0.014153374565624979,-0.0023553036169241745,-0.0070044824534969425,-0.0005730471477000881,-0.05975632048374232,-0.008166769011008037,-0.014797389913677347,-0.0031398603771482596
QHP95ULI,0.0,0.0006622676309664178,-0.00015532287259543057,6.329881905534571e-05,0.001451585595942838,0.003603543525203946,-0.0004887311797842439,0.0,0.0018860816963556341,0.0013368159255471579,0.00024023746819222628,-0.0006667463979999429,0.0004164852020860948,0.0003921743213589709,1.2844119417577575e-05,7.591912536124712e-05,-0.00018903908725348322,-0.0019453447196483458,-0.00011078762233765466,0.00019524021853149464,-9.254167678609074e-07,3.0118954651305468e-05,-1.5910657530698653e-06,-2.2824611345020557e-05,5.839291685594734e-06,3.255409060862878e-05,2.679638419538569e-05,-5.595876525854658e-06,0.00024091869996271598,2.5209765225414446e-05,-3.2654491363273796e-05,1.8661838353050406e-05,-1.3659383692927503e-06,6.154492233448352e-05,0.0008341300635260893,-0.0019388594492787876,0.0013443300782538749,0.002022855203634722,0.0019372660115419744,0.00025525987222280584,-0.0004615130699419237,-0.0006141282279618888,0.0003509686776749937,0.00033735933015567864,-1.1091172552128308e-05,2.0826132843819736e-05,0.00012107496129034378,-1.9606360800137713e-05,-0.0021169543284958623,4.51416522216066e-05,2.1051842641218685e-05,0.00011575139020709631,-7.933363767722023e-06,4.3386104261089265e-05,0.00021728079131688822,-7.065784583524238e-05,9.025947164721601e-05,-0.00014727283466325916,2.6138152657176514e-05,0.00015426969490096176,0.0006618057517039136,0.0003527942103284251,-0.00011612050505681375,-0.0001093521841467273,-6.751680042355714e-05,0.00010096078857091187,4.066190516243904e-05,7.144087523985961e-05,-3.5526904059066356e-05,-0.0003183571461173899,0.00010748284060148275,-1.5643013804074255e-06,-3.866191078610928e-06,0.00035282065056649076,-0.0006479261071999235,-0.002273050984808829,-0.009635154818140711,-0.005943377697848634,0.007244261106733162,0.007192235305927197,-0.002185303161625387,0.0016146465758896653,-0.008931208717576316,0.000917933610547964,-0.0005880999412536125,-0.022729962510261912,0.0005171233315539319,-0.007133181381895846,0.002996882247724685,-0.0015921183281436245,-0.014041382264319776,-0.008528323926228607,-0.0029838091488569867,-0.001837012858284041,-0.00218304949179991,-0.025773898797063686,-0.009727515563418502,-0.008691016151548787,-0.006312193107443611,-0.001034804211281524,-0.05180493522629904,-0.0057396437749946,-0.016304910381409816,-0.004274315407035855
