opportunity_id,query_date,latest_close_date,eligible_archive_count,archive_source,strict_before,role
1C1I7A6R,2016-10-20,,0,frozen_train_only,True,train
Z063OYW0,2016-10-25,,0,frozen_train_only,True,train
EC4QE1BX,2016-10-25,,0,frozen_train_only,True,train
MV1LWRNH,2016-10-25,,0,frozen_train_only,True,train
PE84CX4O,2016-10-25,,0,frozen_train_only,True,train
ZNBS69V1,2016-10-29,,0,frozen_train_only,True,train
9ME3374G,2016-10-30,,0,frozen_train_only,True,train
7GN8Q4LL,2016-11-01,,0,frozen_train_only,True,train
OLK9LKZB,2016-11-01,,0,frozen_train_only,True,train
NL3JZH1Z,2016-11-04,,0,frozen_train_only,True,train
KWVA7VR1,2016-11-04,,0,frozen_train_only,True,train
S8DX3XOU,2016-11-04,,0,frozen_train_only,True,train
ENB2XD8G,2016-11-04,,0,frozen_train_only,True,train
09YE9QOV,2016-11-05,,0,frozen_train_only,True,train
3F5MZNEH,2016-11-05,,0,frozen_train_only,True,train
M6WEJXC0,2016-11-05,,0,frozen_train_only,True,train
6PTR7VBR,2016-11-06,,0,frozen_train_only,True,train
902REDPA,2016-11-07,,0,frozen_train_only,True,train
5J9CMGDV,2016-11-07,,0,frozen_train_only,True,train
JJXRR8R6,2016-11-07,,0,frozen_train_only,True,train
WF4HA5NW,2016-11-07,,0,frozen_train_only,True,train
C5K2JP1H,2016-11-07,,0,frozen_train_only,True,train
ADRB8OMB,2016-11-08,,0,frozen_train_only,True,train
SBCR987L,2016-11-10,,0,frozen_train_only,True,train
JSD4APT2,2016-11-10,,0,frozen_train_only,True,train
AO9Z2D17,2016-11-10,,0,frozen_train_only,True,train
5M58DTJK,2016-11-11,,0,frozen_train_only,True,train
KNY1OSAB,2016-11-11,,0,frozen_train_only,True,train
EAZDUUM9,2016-11-11,,0,frozen_train_only,True,train
2STUSOFE,2016-11-11,,0,frozen_train_only,True,train
JYKM0B00,2016-11-12,,0,frozen_train_only,True,train
KU28360J,2016-11-12,,0,frozen_train_only,True,train
N4SD17JR,2016-11-12,,0,frozen_train_only,True,train
E67P9Y3Q,2016-11-12,,0,frozen_train_only,True,train
AT3MMVIS,2016-11-12,,0,frozen_train_only,True,train
REJ11LRY,2016-11-13,,0,frozen_train_only,True,train
ERV0CAZ7,2016-11-13,,0,frozen_train_only,True,train
8SOQADK7,2016-11-14,,0,frozen_train_only,True,train
TCHFT25B,2016-11-14,,0,frozen_train_only,True,train
CZVN09WN,2016-11-14,,0,frozen_train_only,True,train
30UQWUKB,2016-11-15,,0,frozen_train_only,True,train
97UN20YY,2016-11-16,,0,frozen_train_only,True,train
JXLERZ9O,2016-11-16,,0,frozen_train_only,True,train
6ROE69W5,2016-11-16,,0,frozen_train_only,True,train
0DFXFKT7,2016-11-17,,0,frozen_train_only,True,train
XKMZVSN4,2016-11-17,,0,frozen_train_only,True,train
IU8V0BZK,2016-11-17,,0,frozen_train_only,True,train
XY42936P,2016-11-17,,0,frozen_train_only,True,train
XRN54MBM,2016-11-17,,0,frozen_train_only,True,train
2V848WZD,2016-11-18,,0,frozen_train_only,True,train
ONYNTUCG,2016-11-19,,0,frozen_train_only,True,train
HIOHX80Y,2016-11-19,,0,frozen_train_only,True,train
LPKT07PV,2016-11-20,,0,frozen_train_only,True,train
WPB2SLIG,2016-11-20,,0,frozen_train_only,True,train
XUSUEAV7,2016-11-20,,0,frozen_train_only,True,train
3TYPII47,2016-11-20,,0,frozen_train_only,True,train
7WAX8Z8O,2016-11-20,,0,frozen_train_only,True,train
MYDUMR3R,2016-11-20,,0,frozen_train_only,True,train
37JFKD4I,2016-11-20,,0,frozen_train_only,True,train
25YKPHX8,2016-11-21,,0,frozen_train_only,True,train
BXXMA7F3,2016-11-21,,0,frozen_train_only,True,train
GIUUTBXM,2016-11-21,,0,frozen_train_only,True,train
MFX2LR1Q,2016-11-21,,0,frozen_train_only,True,train
DUHE9FLY,2016-11-21,,0,frozen_train_only,True,train
96BSG7R1,2016-11-21,,0,frozen_train_only,True,train
7FQMSWIX,2016-11-22,,0,frozen_train_only,True,train
C20AVXN7,2016-11-22,,0,frozen_train_only,True,train
GS1QVWCR,2016-11-22,,0,frozen_train_only,True,train
ZWH8FXY3,2016-11-22,,0,frozen_train_only,True,train
2U94Y3Q9,2016-11-22,,0,frozen_train_only,True,train
AAR79NOO,2016-11-22,,0,frozen_train_only,True,train
B6B0PNR2,2016-11-22,,0,frozen_train_only,True,train
LXZA2OSZ,2016-11-23,,0,frozen_train_only,True,train
N0ONCYVZ,2016-11-23,,0,frozen_train_only,True,train
513DPFX5,2016-11-23,,0,frozen_train_only,True,train
RU023K5W,2016-11-23,,0,frozen_train_only,True,train
BZCBQ514,2016-11-23,,0,frozen_train_only,True,train
HEE6P0QH,2016-11-24,,0,frozen_train_only,True,train
L8CHRJ2B,2016-11-24,,0,frozen_train_only,True,train
V2X2KMUR,2016-11-24,,0,frozen_train_only,True,train
AJIPJP75,2016-11-24,,0,frozen_train_only,True,train
NYVA2G6U,2016-11-24,,0,frozen_train_only,True,train
FF45BXTL,2016-11-24,,0,frozen_train_only,True,train
TTA9LYBS,2016-11-25,,0,frozen_train_only,True,train
PAGZQH8L,2016-11-25,,0,frozen_train_only,True,train
J7YF6DS7,2016-11-25,,0,frozen_train_only,True,train
S5IXY4Z9,2016-11-25,,0,frozen_train_only,True,train
JQBJMETQ,2016-11-25,,0,frozen_train_only,True,train
0LVWSWEW,2016-11-25,,0,frozen_train_only,True,train
K53BC1T9,2016-11-26,,0,frozen_train_only,True,train
D40N5I9Y,2016-11-26,,0,frozen_train_only,True,train
051QTX8Z,2016-11-26,,0,frozen_train_only,True,train
5D2XH04S,2016-11-26,,0,frozen_train_only,True,train
V9E582SK,2016-11-27,,0,frozen_train_only,True,train
UK0LEZRJ,2016-11-27,,0,frozen_train_only,True,train
IT10CFQH,2016-11-27,,0,frozen_train_only,True,train
8VKD2CCH,2016-11-27,,0,frozen_train_only,True,train
2XQAKBXH,2016-11-27,,0,frozen_train_only,True,train
7G7YLGJO,2016-11-27,,0,frozen_train_only,True,train
GCA97W27,2016-11-28,,0,frozen_train_only,True,train
K8FUZHOG,2016-11-28,,0,frozen_train_only,True,train
5WJZMULK,2016-11-28,,0,frozen_train_only,True,train
ZPYD4T9W,2016-11-28,,0,frozen_train_only,True,train
KE9ZEDS8,2016-11-29,,0,frozen_train_only,True,train
7KK0HQ4C,2016-11-29,,0,frozen_train_only,True,train
FP7014Z0,2016-11-29,,0,frozen_train_only,True,train
N4HFHDMW,2016-11-29,,0,frozen_train_only,True,train
2HFLKREC,2016-11-30,,0,frozen_train_only,True,train
7JVTTVCO,2016-11-30,,0,frozen_train_only,True,train
3X13866U,2016-12-01,,0,frozen_train_only,True,train
7LE19SYE,2016-12-01,,0,frozen_train_only,True,train
J5V2M7Y1,2016-12-01,,0,frozen_train_only,True,train
41MURAI5,2016-12-01,,0,frozen_train_only,True,train
QHI8WRIA,2016-12-01,,0,frozen_train_only,True,train
AJXAXV4W,2016-12-01,,0,frozen_train_only,True,train
VPDXX5PJ,2016-12-01,,0,frozen_train_only,True,train
PZB9NUK8,2016-12-01,,0,frozen_train_only,True,train
A0ANOYPF,2016-12-02,,0,frozen_train_only,True,train
0P4AAPYX,2016-12-02,,0,frozen_train_only,True,train
O6T5WC3W,2016-12-02,,0,frozen_train_only,True,train
0NO04P6C,2016-12-02,,0,frozen_train_only,True,train
22OFSXBT,2016-12-02,,0,frozen_train_only,True,train
MRXZTMM6,2016-12-02,,0,frozen_train_only,True,train
LGI8QEC2,2016-12-02,,0,frozen_train_only,True,train
6KZ0NCFX,2016-12-02,,0,frozen_train_only,True,train
3SF8O9S6,2016-12-02,,0,frozen_train_only,True,train
XK668R7C,2016-12-03,,0,frozen_train_only,True,train
TZCAQWL3,2016-12-03,,0,frozen_train_only,True,train
BADC6A9H,2016-12-03,,0,frozen_train_only,True,train
B8E0UUZR,2016-12-03,,0,frozen_train_only,True,train
I043RXJV,2016-12-03,,0,frozen_train_only,True,train
MWWB44CC,2016-12-03,,0,frozen_train_only,True,train
HBTINPDG,2016-12-03,,0,frozen_train_only,True,train
DZ3KHZSX,2016-12-04,,0,frozen_train_only,True,train
3W1K7X5F,2016-12-04,,0,frozen_train_only,True,train
45A57X68,2016-12-04,,0,frozen_train_only,True,train
9SLYC4TR,2016-12-04,,0,frozen_train_only,True,train
JLWKWQYC,2016-12-04,,0,frozen_train_only,True,train
7QC6FOKW,2016-12-04,,0,frozen_train_only,True,train
XA184CMW,2016-12-04,,0,frozen_train_only,True,train
S0N7BYU3,2016-12-04,,0,frozen_train_only,True,train
6WOMHAJM,2016-12-05,,0,frozen_train_only,True,train
G1QGATKV,2016-12-05,,0,frozen_train_only,True,train
6XFVQI32,2016-12-05,,0,frozen_train_only,True,train
OGD4MDJ9,2016-12-05,,0,frozen_train_only,True,train
4NGBUZWJ,2016-12-06,,0,frozen_train_only,True,train
EFG5DGV5,2016-12-06,,0,frozen_train_only,True,train
82MM4H33,2016-12-06,,0,frozen_train_only,True,train
14PM641K,2016-12-07,,0,frozen_train_only,True,train
DSBGHOPN,2016-12-07,,0,frozen_train_only,True,train
1YSOZLHF,2016-12-07,,0,frozen_train_only,True,train
E8RP9FRW,2016-12-07,,0,frozen_train_only,True,train
787IRG9Q,2016-12-07,,0,frozen_train_only,True,train
0TUS4NAC,2016-12-07,,0,frozen_train_only,True,train
FAJTQMUM,2016-12-07,,0,frozen_train_only,True,train
TWF0J0DF,2016-12-08,,0,frozen_train_only,True,train
UQ14O415,2016-12-08,,0,frozen_train_only,True,train
BOJSLNDG,2016-12-08,,0,frozen_train_only,True,train
DASMR0EK,2016-12-08,,0,frozen_train_only,True,train
A76M0OOH,2016-12-08,,0,frozen_train_only,True,train
E1VKE2PH,2016-12-08,,0,frozen_train_only,True,train
SKY95DVG,2016-12-09,,0,frozen_train_only,True,train
V5OK4V5I,2016-12-09,,0,frozen_train_only,True,train
GJ4L5HHN,2016-12-09,,0,frozen_train_only,True,train
9R8JWY3J,2016-12-09,,0,frozen_train_only,True,train
0EOFVU05,2016-12-09,,0,frozen_train_only,True,train
HNHOPL7M,2016-12-09,,0,frozen_train_only,True,train
Y0NYI17R,2016-12-09,,0,frozen_train_only,True,train
R4F4RGAL,2016-12-09,,0,frozen_train_only,True,train
0ZHLQFGU,2016-12-10,,0,frozen_train_only,True,train
40DPY158,2016-12-10,,0,frozen_train_only,True,train
DP9E525R,2016-12-10,,0,frozen_train_only,True,train
DBDUMQQK,2016-12-10,,0,frozen_train_only,True,train
CNBN12RL,2016-12-10,,0,frozen_train_only,True,train
OXL0YWEE,2016-12-10,,0,frozen_train_only,True,train
5CSSZJF4,2016-12-11,,0,frozen_train_only,True,train
0XG8TOJF,2016-12-11,,0,frozen_train_only,True,train
IIS0O91J,2016-12-11,,0,frozen_train_only,True,train
2LP5SUR5,2016-12-11,,0,frozen_train_only,True,train
PYZZ3IS6,2016-12-11,,0,frozen_train_only,True,train
5I4K5TQE,2016-12-12,,0,frozen_train_only,True,train
RV3LPOYP,2016-12-12,,0,frozen_train_only,True,train
1HVNTEPV,2016-12-12,,0,frozen_train_only,True,train
LC85AQ1I,2016-12-12,,0,frozen_train_only,True,train
TBV972NP,2016-12-12,,0,frozen_train_only,True,train
EJMX0EIJ,2016-12-13,,0,frozen_train_only,True,train
VR9NYBOV,2016-12-13,,0,frozen_train_only,True,train
3U25FK08,2016-12-13,,0,frozen_train_only,True,train
CRLK4Z1P,2016-12-13,,0,frozen_train_only,True,train
OGENAT0L,2016-12-13,,0,frozen_train_only,True,train
F57JWIDF,2016-12-14,,0,frozen_train_only,True,train
LF8JZ3Q5,2016-12-14,,0,frozen_train_only,True,train
MRGBSMQ5,2016-12-14,,0,frozen_train_only,True,train
CBAV8ZJL,2016-12-14,,0,frozen_train_only,True,train
NN4DWBVN,2016-12-14,,0,frozen_train_only,True,train
6JXHEZYK,2016-12-14,,0,frozen_train_only,True,train
WDHNR2EI,2016-12-14,,0,frozen_train_only,True,train
4K750D6F,2016-12-14,,0,frozen_train_only,True,train
94GI0ZJ7,2016-12-15,,0,frozen_train_only,True,train
TODG6DEK,2016-12-15,,0,frozen_train_only,True,train
G0ECB8FS,2016-12-15,,0,frozen_train_only,True,train
96MZYUY0,2016-12-15,,0,frozen_train_only,True,train
JZOKHHWN,2016-12-16,,0,frozen_train_only,True,train
EH6I67I0,2016-12-16,,0,frozen_train_only,True,train
JUUXF02Z,2016-12-16,,0,frozen_train_only,True,train
OT87JDWO,2016-12-16,,0,frozen_train_only,True,train
YHKT6YJ7,2016-12-16,,0,frozen_train_only,True,train
H78I3TAY,2016-12-16,,0,frozen_train_only,True,train
1ROC43JK,2016-12-16,,0,frozen_train_only,True,train
LPZLQL48,2016-12-16,,0,frozen_train_only,True,train
3KR50X38,2016-12-17,,0,frozen_train_only,True,train
Q3WLHRE9,2016-12-17,,0,frozen_train_only,True,train
IX7UEOAP,2016-12-17,,0,frozen_train_only,True,train
NQU62K1H,2016-12-17,,0,frozen_train_only,True,train
NAQKOU0T,2016-12-17,,0,frozen_train_only,True,train
I3V3GUAI,2016-12-17,,0,frozen_train_only,True,train
PN4VJDXY,2016-12-17,,0,frozen_train_only,True,train
K9D4DQ3R,2016-12-17,,0,frozen_train_only,True,train
9X6V79KE,2016-12-17,,0,frozen_train_only,True,train
W1KLFNE4,2016-12-18,,0,frozen_train_only,True,train
GD2OCW12,2016-12-18,,0,frozen_train_only,True,train
6XO4RYXK,2016-12-18,,0,frozen_train_only,True,train
18Y7GRPW,2016-12-18,,0,frozen_train_only,True,train
127ZPLXQ,2016-12-18,,0,frozen_train_only,True,train
U07C2HEG,2016-12-18,,0,frozen_train_only,True,train
RNTOJ78L,2016-12-18,,0,frozen_train_only,True,train
NLB4D5BQ,2016-12-18,,0,frozen_train_only,True,train
FCFDJIEZ,2016-12-18,,0,frozen_train_only,True,train
YZGDW4G1,2016-12-18,,0,frozen_train_only,True,train
G8AO5FA2,2016-12-18,,0,frozen_train_only,True,train
LXXW3TRW,2016-12-19,,0,frozen_train_only,True,train
8KJ3H262,2016-12-19,,0,frozen_train_only,True,train
88POGNEL,2016-12-19,,0,frozen_train_only,True,train
UYP3NNU6,2016-12-19,,0,frozen_train_only,True,train
S1V8684Y,2016-12-19,,0,frozen_train_only,True,train
MOPWEMB5,2016-12-19,,0,frozen_train_only,True,train
L62MDI48,2016-12-20,,0,frozen_train_only,True,train
3EL8D4WO,2016-12-20,,0,frozen_train_only,True,train
VOAN1NXG,2016-12-20,,0,frozen_train_only,True,train
ALW92XQL,2016-12-20,,0,frozen_train_only,True,train
TJ6ZA1M3,2016-12-20,,0,frozen_train_only,True,train
FKAFO8O9,2016-12-20,,0,frozen_train_only,True,train
1XBC7M9F,2016-12-20,,0,frozen_train_only,True,train
8IXBS90G,2016-12-20,,0,frozen_train_only,True,train
2X45BEOS,2016-12-21,,0,frozen_train_only,True,train
EQ8X0QTL,2016-12-21,,0,frozen_train_only,True,train
5QD53WHF,2016-12-21,,0,frozen_train_only,True,train
79EABK3X,2016-12-21,,0,frozen_train_only,True,train
2DKO9X1T,2016-12-21,,0,frozen_train_only,True,train
IBDEQVBN,2016-12-21,,0,frozen_train_only,True,train
QZ3VV4C1,2016-12-21,,0,frozen_train_only,True,train
62AK8UWX,2016-12-21,,0,frozen_train_only,True,train
5QM4ORNT,2016-12-21,,0,frozen_train_only,True,train
S91N9YBL,2016-12-21,,0,frozen_train_only,True,train
44H0FJMH,2016-12-22,,0,frozen_train_only,True,train
N5AZLQZR,2016-12-22,,0,frozen_train_only,True,train
4T295XQL,2016-12-22,,0,frozen_train_only,True,train
YFS5KLJJ,2016-12-22,,0,frozen_train_only,True,train
S8GLKDB9,2016-12-22,,0,frozen_train_only,True,train
01QKN578,2016-12-23,,0,frozen_train_only,True,train
M0JKP0HT,2016-12-23,,0,frozen_train_only,True,train
ZC3KKSUK,2016-12-23,,0,frozen_train_only,True,train
3X8VLQ5G,2016-12-23,,0,frozen_train_only,True,train
EZLXL6GL,2016-12-23,,0,frozen_train_only,True,train
R8PEL8V8,2016-12-24,,0,frozen_train_only,True,train
L1R32S8H,2016-12-24,,0,frozen_train_only,True,train
J7N8J8NM,2016-12-24,,0,frozen_train_only,True,train
TO7PGVP1,2016-12-24,,0,frozen_train_only,True,train
A051G1B4,2016-12-24,,0,frozen_train_only,True,train
NMDMM5YJ,2016-12-24,,0,frozen_train_only,True,train
LWPJEV3U,2016-12-24,,0,frozen_train_only,True,train
I93ZFHEM,2016-12-24,,0,frozen_train_only,True,train
B2VJCVBB,2016-12-25,,0,frozen_train_only,True,train
F90O03ZH,2016-12-25,,0,frozen_train_only,True,train
PC78RLUX,2016-12-25,,0,frozen_train_only,True,train
X6GL64T5,2016-12-25,,0,frozen_train_only,True,train
OWM3BPGW,2016-12-25,,0,frozen_train_only,True,train
RP5PS9A5,2016-12-25,,0,frozen_train_only,True,train
F2PW7WP2,2016-12-25,,0,frozen_train_only,True,train
GK8YD2XW,2016-12-26,,0,frozen_train_only,True,train
U4LRR9E9,2016-12-26,,0,frozen_train_only,True,train
9N55D1AH,2016-12-26,,0,frozen_train_only,True,train
WI4PODA2,2016-12-27,,0,frozen_train_only,True,train
VF1V41RI,2016-12-27,,0,frozen_train_only,True,train
1B4L7TNG,2016-12-27,,0,frozen_train_only,True,train
MZAN11FT,2016-12-28,,0,frozen_train_only,True,train
0IO00FNS,2016-12-28,,0,frozen_train_only,True,train
8S6TNXYB,2016-12-28,,0,frozen_train_only,True,train
MOLGOSGE,2016-12-28,,0,frozen_train_only,True,train
FA1VHZSV,2016-12-28,,0,frozen_train_only,True,train
PXQEX039,2016-12-28,,0,frozen_train_only,True,train
RX56S6G3,2016-12-28,,0,frozen_train_only,True,train
G4F8W039,2016-12-29,,0,frozen_train_only,True,train
4T31MWVO,2016-12-29,,0,frozen_train_only,True,train
83XN082U,2016-12-29,,0,frozen_train_only,True,train
J21W3WIW,2016-12-29,,0,frozen_train_only,True,train
52UPJFYI,2016-12-29,,0,frozen_train_only,True,train
QOL51JIB,2016-12-29,,0,frozen_train_only,True,train
93AGN8A6,2016-12-29,,0,frozen_train_only,True,train
J7UNJFJL,2016-12-29,,0,frozen_train_only,True,train
A4H5ESTU,2016-12-29,,0,frozen_train_only,True,train
8EZ04VQB,2016-12-29,,0,frozen_train_only,True,train
4501T63I,2016-12-29,,0,frozen_train_only,True,train
FPNGEJRC,2016-12-29,,0,frozen_train_only,True,train
S33WRL0Y,2016-12-29,,0,frozen_train_only,True,train
Q7IRUJK7,2017-01-01,,0,frozen_train_only,True,train
DTZPYISJ,2017-01-01,,0,frozen_train_only,True,train
Y9HWSG8Z,2017-01-01,,0,frozen_train_only,True,train
JOQCXC9Z,2017-01-01,,0,frozen_train_only,True,train
AP7PCLAZ,2017-01-01,,0,frozen_train_only,True,train
BIE471SO,2017-01-01,,0,frozen_train_only,True,train
UA8AWDG4,2017-01-01,,0,frozen_train_only,True,train
FZDRB789,2017-01-01,,0,frozen_train_only,True,train
PC1NUL8Q,2017-01-02,,0,frozen_train_only,True,train
F1X5ZJ7V,2017-01-02,,0,frozen_train_only,True,train
IF7MJ88P,2017-01-02,,0,frozen_train_only,True,train
06B7XWPC,2017-01-02,,0,frozen_train_only,True,train
12MQ3WM8,2017-01-02,,0,frozen_train_only,True,train
91M6FY8S,2017-01-02,,0,frozen_train_only,True,train
0LNZRNEU,2017-01-02,,0,frozen_train_only,True,train
NKOKUS7D,2017-01-03,,0,frozen_train_only,True,train
NF6GCTMV,2017-01-03,,0,frozen_train_only,True,train
I4UCA7CU,2017-01-03,,0,frozen_train_only,True,train
1LI7ETNZ,2017-01-03,,0,frozen_train_only,True,train
N36DEZBR,2017-01-03,,0,frozen_train_only,True,train
77ZECYVJ,2017-01-03,,0,frozen_train_only,True,train
IRB461Y7,2017-01-03,,0,frozen_train_only,True,train
NM2Q3CGW,2017-01-03,,0,frozen_train_only,True,train
OEEUEIPJ,2017-01-03,,0,frozen_train_only,True,train
5E14LG51,2017-01-04,,0,frozen_train_only,True,train
TIAGZQ54,2017-01-04,,0,frozen_train_only,True,train
CRX91A45,2017-01-04,,0,frozen_train_only,True,train
ZOQ8RC86,2017-01-04,,0,frozen_train_only,True,train
SV4SOO2K,2017-01-04,,0,frozen_train_only,True,train
ITHR5WLF,2017-01-04,,0,frozen_train_only,True,train
279625VN,2017-01-05,,0,frozen_train_only,True,train
RK52YU8S,2017-01-05,,0,frozen_train_only,True,train
E8EY51IC,2017-01-05,,0,frozen_train_only,True,train
HG07LMHI,2017-01-05,,0,frozen_train_only,True,train
85XNDIK1,2017-01-05,,0,frozen_train_only,True,train
2U54WYQ1,2017-01-05,,0,frozen_train_only,True,train
VCA1WAB0,2017-01-06,,0,frozen_train_only,True,train
MXNVX2AM,2017-01-06,,0,frozen_train_only,True,train
1G866GH4,2017-01-06,,0,frozen_train_only,True,train
WDG0B1IR,2017-01-06,,0,frozen_train_only,True,train
Q5CABPMO,2017-01-06,,0,frozen_train_only,True,train
HHBA93J5,2017-01-06,,0,frozen_train_only,True,train
R0W6A9BG,2017-01-06,,0,frozen_train_only,True,train
P5EGQ0HI,2017-01-06,,0,frozen_train_only,True,train
L1EJIE5L,2017-01-06,,0,frozen_train_only,True,train
S3XI6YB3,2017-01-06,,0,frozen_train_only,True,train
BBC3JB3H,2017-01-07,,0,frozen_train_only,True,train
7XVLKX8G,2017-01-07,,0,frozen_train_only,True,train
OX4P78HP,2017-01-07,,0,frozen_train_only,True,train
72LNJRY9,2017-01-07,,0,frozen_train_only,True,train
8C2WG2FB,2017-01-07,,0,frozen_train_only,True,train
L0345WKB,2017-01-07,,0,frozen_train_only,True,train
S24L8LVR,2017-01-08,,0,frozen_train_only,True,train
JXWXEJXE,2017-01-08,,0,frozen_train_only,True,train
W2JCRPLX,2017-01-08,,0,frozen_train_only,True,train
1M2I2NXQ,2017-01-08,,0,frozen_train_only,True,train
54EGR0AD,2017-01-08,,0,frozen_train_only,True,train
VT5Y73GX,2017-01-09,,0,frozen_train_only,True,train
8O9V7UOZ,2017-01-09,,0,frozen_train_only,True,train
GIIC5H9X,2017-01-09,,0,frozen_train_only,True,train
9WMU7YHD,2017-01-09,,0,frozen_train_only,True,train
8BQMFR86,2017-01-09,,0,frozen_train_only,True,train
DDCC6ZPK,2017-01-09,,0,frozen_train_only,True,train
YMGWLEHY,2017-01-09,,0,frozen_train_only,True,train
FKS9MVF6,2017-01-09,,0,frozen_train_only,True,train
HF8ABDF6,2017-01-09,,0,frozen_train_only,True,train
SIRC44NM,2017-01-09,,0,frozen_train_only,True,train
7S6SHJJG,2017-01-09,,0,frozen_train_only,True,train
ZE84UHHB,2017-01-10,,0,frozen_train_only,True,train
2R3ZA84D,2017-01-10,,0,frozen_train_only,True,train
LTTYTAXA,2017-01-10,,0,frozen_train_only,True,train
ZWFPD71J,2017-01-10,,0,frozen_train_only,True,train
T5C527Z9,2017-01-10,,0,frozen_train_only,True,train
XC4LTIEO,2017-01-10,,0,frozen_train_only,True,train
AEBF9M5T,2017-01-10,,0,frozen_train_only,True,train
EV46ES18,2017-01-10,,0,frozen_train_only,True,train
ID3IJHUS,2017-01-10,,0,frozen_train_only,True,train
YBJ72HKE,2017-01-10,,0,frozen_train_only,True,train
5DEO8EDS,2017-01-10,,0,frozen_train_only,True,train
WPXAMXD2,2017-01-11,,0,frozen_train_only,True,train
A4BBDK82,2017-01-11,,0,frozen_train_only,True,train
4XCJP60W,2017-01-11,,0,frozen_train_only,True,train
CDKX2A19,2017-01-11,,0,frozen_train_only,True,train
344I60EI,2017-01-11,,0,frozen_train_only,True,train
YI30GSB5,2017-01-11,,0,frozen_train_only,True,train
0IYQX303,2017-01-11,,0,frozen_train_only,True,train
6IMUQYMN,2017-01-12,,0,frozen_train_only,True,train
N9GAZ6B6,2017-01-12,,0,frozen_train_only,True,train
8O3IYWSM,2017-01-12,,0,frozen_train_only,True,train
R3OR0J5C,2017-01-12,,0,frozen_train_only,True,train
RXV4UXRE,2017-01-12,,0,frozen_train_only,True,train
5AKGNKX1,2017-01-13,,0,frozen_train_only,True,train
KNLMLTJH,2017-01-13,,0,frozen_train_only,True,train
G9GH5KV5,2017-01-13,,0,frozen_train_only,True,train
H06UZJH8,2017-01-13,,0,frozen_train_only,True,train
K1RXVUG9,2017-01-13,,0,frozen_train_only,True,train
1QT3STIA,2017-01-13,,0,frozen_train_only,True,train
070M5M6X,2017-01-13,,0,frozen_train_only,True,train
DFTR2O9K,2017-01-13,,0,frozen_train_only,True,train
S9MECO24,2017-01-13,,0,frozen_train_only,True,train
EJSFO67U,2017-01-14,,0,frozen_train_only,True,train
SKTD4GGU,2017-01-14,,0,frozen_train_only,True,train
SNAPG5KC,2017-01-14,,0,frozen_train_only,True,train
561707V4,2017-01-14,,0,frozen_train_only,True,train
J28ZRO9G,2017-01-14,,0,frozen_train_only,True,train
KZ8Q0AFX,2017-01-15,,0,frozen_train_only,True,train
AOOFHH6F,2017-01-15,,0,frozen_train_only,True,train
5U9Y1P87,2017-01-15,,0,frozen_train_only,True,train
J0Y91LUA,2017-01-15,,0,frozen_train_only,True,train
YBRZQFEO,2017-01-15,,0,frozen_train_only,True,train
PHR8KB1Y,2017-01-15,,0,frozen_train_only,True,train
TBZMXKH4,2017-01-15,,0,frozen_train_only,True,train
WNXZ1FGS,2017-01-16,,0,frozen_train_only,True,train
6389JY2H,2017-01-16,,0,frozen_train_only,True,train
SZ81H1PM,2017-01-16,,0,frozen_train_only,True,train
M842E8JB,2017-01-16,,0,frozen_train_only,True,train
JRJ7DBW5,2017-01-17,,0,frozen_train_only,True,train
N9C0OCYY,2017-01-17,,0,frozen_train_only,True,train
R7XZAIWS,2017-01-17,,0,frozen_train_only,True,train
FFO5WOHT,2017-01-17,,0,frozen_train_only,True,train
XHHJ48MJ,2017-01-17,,0,frozen_train_only,True,train
YAR5GGA4,2017-01-17,,0,frozen_train_only,True,train
NOVPMLOV,2017-01-17,,0,frozen_train_only,True,train
UPHN2I1Q,2017-01-17,,0,frozen_train_only,True,train
NN9R2Y4W,2017-01-17,,0,frozen_train_only,True,train
977FJ9QQ,2017-01-18,,0,frozen_train_only,True,train
A6Y1V5Z0,2017-01-18,,0,frozen_train_only,True,train
NU8LWEWU,2017-01-18,,0,frozen_train_only,True,train
PFHS80CR,2017-01-18,,0,frozen_train_only,True,train
904203D6,2017-01-18,,0,frozen_train_only,True,train
Z0TSV030,2017-01-19,,0,frozen_train_only,True,train
8C4QM1X6,2017-01-19,,0,frozen_train_only,True,train
NOPI41RP,2017-01-19,,0,frozen_train_only,True,train
2536CW3V,2017-01-19,,0,frozen_train_only,True,train
AC5YXLIR,2017-01-19,,0,frozen_train_only,True,train
HSGJKH6U,2017-01-19,,0,frozen_train_only,True,train
4TZF9N1D,2017-01-19,,0,frozen_train_only,True,train
HNKZ2IC6,2017-01-19,,0,frozen_train_only,True,train
BB6TCH8B,2017-01-19,,0,frozen_train_only,True,train
IMTPZV7J,2017-01-19,,0,frozen_train_only,True,train
6NXY7144,2017-01-19,,0,frozen_train_only,True,train
KBKHKULU,2017-01-19,,0,frozen_train_only,True,train
INMJIFTF,2017-01-20,,0,frozen_train_only,True,train
FUVQ5UKB,2017-01-20,,0,frozen_train_only,True,train
O462ARMZ,2017-01-20,,0,frozen_train_only,True,train
6DCKCXDC,2017-01-20,,0,frozen_train_only,True,train
QVF0JRM5,2017-01-20,,0,frozen_train_only,True,train
7QGG2LO3,2017-01-20,,0,frozen_train_only,True,train
Y6HNPIIT,2017-01-20,,0,frozen_train_only,True,train
IBKRO1AN,2017-01-20,,0,frozen_train_only,True,train
3TDWLPMV,2017-01-20,,0,frozen_train_only,True,train
JN1ZFD18,2017-01-20,,0,frozen_train_only,True,train
ZE7ILYKB,2017-01-20,,0,frozen_train_only,True,train
SRFVQ0HG,2017-01-20,,0,frozen_train_only,True,train
D7H1EGS9,2017-01-20,,0,frozen_train_only,True,train
1DDW2GQW,2017-01-21,,0,frozen_train_only,True,train
WPGTHV8V,2017-01-21,,0,frozen_train_only,True,train
6GNJMYMO,2017-01-21,,0,frozen_train_only,True,train
GWAT8UWK,2017-01-21,,0,frozen_train_only,True,train
IZD69C5Q,2017-01-21,,0,frozen_train_only,True,train
QFU565JJ,2017-01-21,,0,frozen_train_only,True,train
Z5BCBTAO,2017-01-21,,0,frozen_train_only,True,train
2KKRRM1G,2017-01-21,,0,frozen_train_only,True,train
RLUGVSNV,2017-01-22,,0,frozen_train_only,True,train
ZKSJ1DOK,2017-01-22,,0,frozen_train_only,True,train
K8RQWTP4,2017-01-22,,0,frozen_train_only,True,train
RSZC6BMW,2017-01-22,,0,frozen_train_only,True,train
O7YNBRX0,2017-01-22,,0,frozen_train_only,True,train
AAYV8GV4,2017-01-23,,0,frozen_train_only,True,train
EDEBWIOX,2017-01-23,,0,frozen_train_only,True,train
VAH6Y3F6,2017-01-23,,0,frozen_train_only,True,train
4U431MNA,2017-01-23,,0,frozen_train_only,True,train
5HKAT5GS,2017-01-23,,0,frozen_train_only,True,train
F5VDTC4M,2017-01-23,,0,frozen_train_only,True,train
UO4KXDBC,2017-01-23,,0,frozen_train_only,True,train
TBIW957T,2017-01-23,,0,frozen_train_only,True,train
MSEIIH95,2017-01-23,,0,frozen_train_only,True,train
V4324HG4,2017-01-23,,0,frozen_train_only,True,train
N852D2Z8,2017-01-23,,0,frozen_train_only,True,train
CF1CSNPX,2017-01-24,,0,frozen_train_only,True,train
NOXNFJ2L,2017-01-24,,0,frozen_train_only,True,train
3LJAJVHR,2017-01-25,,0,frozen_train_only,True,train
NN6CSUWT,2017-01-25,,0,frozen_train_only,True,train
X69POZIN,2017-01-25,,0,frozen_train_only,True,train
4FAEDB16,2017-01-25,,0,frozen_train_only,True,train
CPGCT81C,2017-01-25,,0,frozen_train_only,True,train
TK9T01QM,2017-01-25,,0,frozen_train_only,True,train
P13DDOTM,2017-01-25,,0,frozen_train_only,True,train
1PN7TVPX,2017-01-25,,0,frozen_train_only,True,train
9ZKORPL2,2017-01-25,,0,frozen_train_only,True,train
1ZCOKNNI,2017-01-25,,0,frozen_train_only,True,train
BVYMJ6TD,2017-01-26,,0,frozen_train_only,True,train
W5ADQ9SH,2017-01-26,,0,frozen_train_only,True,train
VXX8GJGY,2017-01-26,,0,frozen_train_only,True,train
ES9L0DXE,2017-01-26,,0,frozen_train_only,True,train
AANB25RH,2017-01-26,,0,frozen_train_only,True,train
36PTGLTW,2017-01-26,,0,frozen_train_only,True,train
6WTNSL1T,2017-01-26,,0,frozen_train_only,True,train
PV1DISEC,2017-01-26,,0,frozen_train_only,True,train
S6BG03TB,2017-01-27,,0,frozen_train_only,True,train
2YOW2BI0,2017-01-27,,0,frozen_train_only,True,train
IQ9KYZCG,2017-01-27,,0,frozen_train_only,True,train
AWDOKG69,2017-01-27,,0,frozen_train_only,True,train
C4AFMVFM,2017-01-27,,0,frozen_train_only,True,train
WK6ERCGR,2017-01-27,,0,frozen_train_only,True,train
64DJ954O,2017-01-27,,0,frozen_train_only,True,train
84V18DBW,2017-01-28,,0,frozen_train_only,True,train
WFY0S4WW,2017-01-28,,0,frozen_train_only,True,train
HA1KXAIS,2017-01-28,,0,frozen_train_only,True,train
EAYD98X2,2017-01-28,,0,frozen_train_only,True,train
YR4W59KS,2017-01-28,,0,frozen_train_only,True,train
SNFW1FD7,2017-01-28,,0,frozen_train_only,True,train
2EOF1QCY,2017-01-28,,0,frozen_train_only,True,train
O5O4ZAAC,2017-01-28,,0,frozen_train_only,True,train
YBAKNQ8Z,2017-01-28,,0,frozen_train_only,True,train
QY6HCHDH,2017-01-29,,0,frozen_train_only,True,train
CZ3XOD03,2017-01-29,,0,frozen_train_only,True,train
LQ44KCMI,2017-01-29,,0,frozen_train_only,True,train
WVJBVA61,2017-01-29,,0,frozen_train_only,True,train
MV9AO6WU,2017-01-29,,0,frozen_train_only,True,train
VS2G74XQ,2017-01-29,,0,frozen_train_only,True,train
Q37IWCG1,2017-01-29,,0,frozen_train_only,True,train
CUR03RXO,2017-01-29,,0,frozen_train_only,True,train
81APSLDP,2017-01-29,,0,frozen_train_only,True,train
RBXWRHBJ,2017-01-29,,0,frozen_train_only,True,train
G2GU9DYX,2017-01-29,,0,frozen_train_only,True,train
05DTWSVC,2017-01-29,,0,frozen_train_only,True,train
2YQHHWJ3,2017-01-29,,0,frozen_train_only,True,train
ZW58VIDI,2017-01-29,,0,frozen_train_only,True,train
Q7IIF1IP,2017-01-29,,0,frozen_train_only,True,train
AALARPLH,2017-01-29,,0,frozen_train_only,True,train
5FFY13G5,2017-01-30,,0,frozen_train_only,True,train
01X8H9SO,2017-01-30,,0,frozen_train_only,True,train
VLADQZ43,2017-01-30,,0,frozen_train_only,True,train
N9VYMV3W,2017-01-30,,0,frozen_train_only,True,train
2FTB6A7I,2017-01-30,,0,frozen_train_only,True,train
7V9A9TXZ,2017-01-30,,0,frozen_train_only,True,train
HWDRCUYU,2017-01-30,,0,frozen_train_only,True,train
GFV4W89I,2017-01-30,,0,frozen_train_only,True,train
7A4AC5BC,2017-01-30,,0,frozen_train_only,True,train
3B6HWK65,2017-01-30,,0,frozen_train_only,True,train
A3BK99P6,2017-01-31,,0,frozen_train_only,True,train
NY21X16G,2017-01-31,,0,frozen_train_only,True,train
O5BC64NW,2017-01-31,,0,frozen_train_only,True,train
4DW2FDX4,2017-01-31,,0,frozen_train_only,True,train
A66X4Q2J,2017-01-31,,0,frozen_train_only,True,train
IT9YW5RP,2017-01-31,,0,frozen_train_only,True,train
7IZ2GMYK,2017-02-01,,0,frozen_train_only,True,train
TTY0X4TG,2017-02-01,,0,frozen_train_only,True,train
L8D22SSW,2017-02-01,,0,frozen_train_only,True,train
ZDDZ64A2,2017-02-01,,0,frozen_train_only,True,train
RDJFZGM9,2017-02-01,,0,frozen_train_only,True,train
4563ENEB,2017-02-01,,0,frozen_train_only,True,train
4WP0VJAS,2017-02-01,,0,frozen_train_only,True,train
60UOBOEM,2017-02-01,,0,frozen_train_only,True,train
AJZB6F22,2017-02-01,,0,frozen_train_only,True,train
W4K39GNG,2017-02-01,,0,frozen_train_only,True,train
IXOHJYRM,2017-02-02,,0,frozen_train_only,True,train
RMNHSNW9,2017-02-02,,0,frozen_train_only,True,train
QPFNQYMV,2017-02-02,,0,frozen_train_only,True,train
D77SFTS4,2017-02-02,,0,frozen_train_only,True,train
WRBWZRFD,2017-02-02,,0,frozen_train_only,True,train
031BBF1I,2017-02-02,,0,frozen_train_only,True,train
O11S2R63,2017-02-03,,0,frozen_train_only,True,train
G13DD850,2017-02-03,,0,frozen_train_only,True,train
WZU2OHYU,2017-02-03,,0,frozen_train_only,True,train
HVODWXRO,2017-02-03,,0,frozen_train_only,True,train
N3JIVUNY,2017-02-03,,0,frozen_train_only,True,train
RGCH6CUF,2017-02-03,,0,frozen_train_only,True,train
JX7WZ9UP,2017-02-03,,0,frozen_train_only,True,train
FDCEBWRI,2017-02-03,,0,frozen_train_only,True,train
ZL6TJDPG,2017-02-03,,0,frozen_train_only,True,train
DWBSHB8M,2017-02-03,,0,frozen_train_only,True,train
0AJ6LTZ0,2017-02-03,,0,frozen_train_only,True,train
SVMB8M7E,2017-02-03,,0,frozen_train_only,True,train
6AWEAWCM,2017-02-03,,0,frozen_train_only,True,train
4Q4NBPD6,2017-02-03,,0,frozen_train_only,True,train
K8VSDOP8,2017-02-03,,0,frozen_train_only,True,train
YNP9PI1X,2017-02-03,,0,frozen_train_only,True,train
3XVY4LEU,2017-02-03,,0,frozen_train_only,True,train
8K1OGB0R,2017-02-03,,0,frozen_train_only,True,train
RTKUPEX7,2017-02-03,,0,frozen_train_only,True,train
QQDO45YR,2017-02-04,,0,frozen_train_only,True,train
HT25XIAV,2017-02-04,,0,frozen_train_only,True,train
88KUDE6J,2017-02-04,,0,frozen_train_only,True,train
AOOD3MWW,2017-02-04,,0,frozen_train_only,True,train
RZ2PUH86,2017-02-04,,0,frozen_train_only,True,train
GLVSDQQT,2017-02-04,,0,frozen_train_only,True,train
107BPCAS,2017-02-04,,0,frozen_train_only,True,train
OCLEO3CD,2017-02-04,,0,frozen_train_only,True,train
FTVCNH87,2017-02-04,,0,frozen_train_only,True,train
GQCRMEIL,2017-02-04,,0,frozen_train_only,True,train
UK2JIE61,2017-02-05,,0,frozen_train_only,True,train
AEDL7EC6,2017-02-05,,0,frozen_train_only,True,train
OV5X3O5I,2017-02-05,,0,frozen_train_only,True,train
MMWX1A4H,2017-02-05,,0,frozen_train_only,True,train
LSVMMUJ0,2017-02-05,,0,frozen_train_only,True,train
97KFQSX1,2017-02-05,,0,frozen_train_only,True,train
08APB75Q,2017-02-05,,0,frozen_train_only,True,train
6RL97BR9,2017-02-05,,0,frozen_train_only,True,train
TPVFA5B8,2017-02-05,,0,frozen_train_only,True,train
FHLOUD3V,2017-02-05,,0,frozen_train_only,True,train
4E01ALB0,2017-02-05,,0,frozen_train_only,True,train
K4HVGBVH,2017-02-06,,0,frozen_train_only,True,train
XDLQ71X4,2017-02-06,,0,frozen_train_only,True,train
L33YUX9V,2017-02-06,,0,frozen_train_only,True,train
QT7LRWTN,2017-02-06,,0,frozen_train_only,True,train
Q1JKHY7H,2017-02-06,,0,frozen_train_only,True,train
BY0O646G,2017-02-06,,0,frozen_train_only,True,train
5831YZMT,2017-02-06,,0,frozen_train_only,True,train
AZUBCO7L,2017-02-07,,0,frozen_train_only,True,train
FOWAY95L,2017-02-07,,0,frozen_train_only,True,train
KGZL60NI,2017-02-07,,0,frozen_train_only,True,train
SRZMNS79,2017-02-07,,0,frozen_train_only,True,train
0XMB83YO,2017-02-07,,0,frozen_train_only,True,train
4TEO0LE1,2017-02-07,,0,frozen_train_only,True,train
5P82H5AA,2017-02-07,,0,frozen_train_only,True,train
BN8UTT8O,2017-02-07,,0,frozen_train_only,True,train
V751HK8R,2017-02-07,,0,frozen_train_only,True,train
H4TBCR80,2017-02-07,,0,frozen_train_only,True,train
QWL218JV,2017-02-07,,0,frozen_train_only,True,train
12M4HB7G,2017-02-08,,0,frozen_train_only,True,train
1XVTUE5J,2017-02-08,,0,frozen_train_only,True,train
3VKO28KR,2017-02-08,,0,frozen_train_only,True,train
5IES0B4B,2017-02-08,,0,frozen_train_only,True,train
HUFYU0AT,2017-02-08,,0,frozen_train_only,True,train
GMI6XZ4O,2017-02-08,,0,frozen_train_only,True,train
YOQCQ4UO,2017-02-08,,0,frozen_train_only,True,train
KOZTDBJ5,2017-02-08,,0,frozen_train_only,True,train
8NMPO9K3,2017-02-08,,0,frozen_train_only,True,train
PU7GV4MK,2017-02-08,,0,frozen_train_only,True,train
RCQDGE4W,2017-02-08,,0,frozen_train_only,True,train
ZT832XIR,2017-02-08,,0,frozen_train_only,True,train
I995O4XJ,2017-02-08,,0,frozen_train_only,True,train
EOXZGSX9,2017-02-08,,0,frozen_train_only,True,train
PW5OGY78,2017-02-08,,0,frozen_train_only,True,train
NJCSG7MX,2017-02-08,,0,frozen_train_only,True,train
ZYRF768H,2017-02-08,,0,frozen_train_only,True,train
5Q8BQ64R,2017-02-08,,0,frozen_train_only,True,train
ZNNBFAKF,2017-02-08,,0,frozen_train_only,True,train
L47EPGVT,2017-02-09,,0,frozen_train_only,True,train
9GENDMWA,2017-02-09,,0,frozen_train_only,True,train
DHACLHPS,2017-02-09,,0,frozen_train_only,True,train
GKLE0CDI,2017-02-09,,0,frozen_train_only,True,train
E9DJS1D8,2017-02-09,,0,frozen_train_only,True,train
22ZJM20V,2017-02-09,,0,frozen_train_only,True,train
C47Z92AG,2017-02-09,,0,frozen_train_only,True,train
XT9YNOV2,2017-02-09,,0,frozen_train_only,True,train
TMZQX7F8,2017-02-09,,0,frozen_train_only,True,train
5JHSTFEZ,2017-02-09,,0,frozen_train_only,True,train
BAOSO1I2,2017-02-09,,0,frozen_train_only,True,train
IZDF2RTL,2017-02-09,,0,frozen_train_only,True,train
F61DLVRS,2017-02-09,,0,frozen_train_only,True,train
80F0J70G,2017-02-09,,0,frozen_train_only,True,train
S9W53L4L,2017-02-09,,0,frozen_train_only,True,train
12OQKSVK,2017-02-09,,0,frozen_train_only,True,train
VC94R5H8,2017-02-09,,0,frozen_train_only,True,train
XTKIX6I4,2017-02-09,,0,frozen_train_only,True,train
MSE1UXKU,2017-02-10,,0,frozen_train_only,True,train
HM334UL2,2017-02-10,,0,frozen_train_only,True,train
L4124UJG,2017-02-10,,0,frozen_train_only,True,train
DR2QE1RW,2017-02-10,,0,frozen_train_only,True,train
FD8YL177,2017-02-10,,0,frozen_train_only,True,train
UU21EYFN,2017-02-10,,0,frozen_train_only,True,train
OBDRD0AD,2017-02-10,,0,frozen_train_only,True,train
NSGEM06J,2017-02-10,,0,frozen_train_only,True,train
QSQ42Q6M,2017-02-10,,0,frozen_train_only,True,train
PCBA3KAV,2017-02-10,,0,frozen_train_only,True,train
ZBBMGEV4,2017-02-11,,0,frozen_train_only,True,train
TYSORYA9,2017-02-11,,0,frozen_train_only,True,train
ULVXOPG3,2017-02-11,,0,frozen_train_only,True,train
G0R305KO,2017-02-11,,0,frozen_train_only,True,train
ZDZGCWX7,2017-02-11,,0,frozen_train_only,True,train
PQJZ5Z3R,2017-02-11,,0,frozen_train_only,True,train
7KXTF2Q6,2017-02-11,,0,frozen_train_only,True,train
WZVE1NTM,2017-02-11,,0,frozen_train_only,True,train
M6UEZLOQ,2017-02-11,,0,frozen_train_only,True,train
D6T5MM04,2017-02-11,,0,frozen_train_only,True,train
9GCJGVY7,2017-02-11,,0,frozen_train_only,True,train
5QBQMEY5,2017-02-11,,0,frozen_train_only,True,train
9JKVM4BK,2017-02-11,,0,frozen_train_only,True,train
14PBBHSE,2017-02-11,,0,frozen_train_only,True,train
P1KS5YFX,2017-02-12,,0,frozen_train_only,True,train
7R4VL3Q8,2017-02-12,,0,frozen_train_only,True,train
3MNZF5ZK,2017-02-12,,0,frozen_train_only,True,train
52SANIGE,2017-02-12,,0,frozen_train_only,True,train
73SY9EU8,2017-02-12,,0,frozen_train_only,True,train
HVM656P3,2017-02-12,,0,frozen_train_only,True,train
U2SW8DT1,2017-02-12,,0,frozen_train_only,True,train
XMH4CH4Q,2017-02-12,,0,frozen_train_only,True,train
UNLIS3RY,2017-02-12,,0,frozen_train_only,True,train
GVFQXZLL,2017-02-12,,0,frozen_train_only,True,train
NRYC7T45,2017-02-12,,0,frozen_train_only,True,train
ZVR3I3F0,2017-02-12,,0,frozen_train_only,True,train
2TKQ8B78,2017-02-13,,0,frozen_train_only,True,train
OZ5O64KJ,2017-02-13,,0,frozen_train_only,True,train
WXCW16QT,2017-02-13,,0,frozen_train_only,True,train
UCXCUP1U,2017-02-13,,0,frozen_train_only,True,train
9ERRIZKG,2017-02-13,,0,frozen_train_only,True,train
CKLYIFLY,2017-02-13,,0,frozen_train_only,True,train
6VDLCBYU,2017-02-13,,0,frozen_train_only,True,train
XYBPUC2H,2017-02-13,,0,frozen_train_only,True,train
I3MC9XZC,2017-02-13,,0,frozen_train_only,True,train
L5T2HKKO,2017-02-14,,0,frozen_train_only,True,train
6CEEGQ8I,2017-02-14,,0,frozen_train_only,True,train
P2LY9NFN,2017-02-14,,0,frozen_train_only,True,train
94GCWI08,2017-02-14,,0,frozen_train_only,True,train
GUMQTC3J,2017-02-14,,0,frozen_train_only,True,train
U64RT0UF,2017-02-14,,0,frozen_train_only,True,train
RWGSCFHR,2017-02-14,,0,frozen_train_only,True,train
GEBVQH17,2017-02-14,,0,frozen_train_only,True,train
3OVJXUSB,2017-02-14,,0,frozen_train_only,True,train
KQPY8LLI,2017-02-14,,0,frozen_train_only,True,train
DC7COE9W,2017-02-14,,0,frozen_train_only,True,train
3LED0EK3,2017-02-14,,0,frozen_train_only,True,train
G4MKT3AE,2017-02-14,,0,frozen_train_only,True,train
GQ125FX0,2017-02-14,,0,frozen_train_only,True,train
JO52QXJ0,2017-02-14,,0,frozen_train_only,True,train
PQ2VF873,2017-02-14,,0,frozen_train_only,True,train
N6H58J55,2017-02-15,,0,frozen_train_only,True,train
WR6Q2X53,2017-02-15,,0,frozen_train_only,True,train
8O1WNJBA,2017-02-15,,0,frozen_train_only,True,train
X1LAD57Y,2017-02-15,,0,frozen_train_only,True,train
E2NXQUWO,2017-02-15,,0,frozen_train_only,True,train
MEZLJGRB,2017-02-15,,0,frozen_train_only,True,train
M1QKPX6R,2017-02-15,,0,frozen_train_only,True,train
X6LO8WPD,2017-02-15,,0,frozen_train_only,True,train
S8WV5MUC,2017-02-15,,0,frozen_train_only,True,train
R7JI95HZ,2017-02-15,,0,frozen_train_only,True,train
CVKLHZEO,2017-02-15,,0,frozen_train_only,True,train
8KJZJFJ1,2017-02-15,,0,frozen_train_only,True,train
W560QFJL,2017-02-15,,0,frozen_train_only,True,train
TA3PW6ZQ,2017-02-15,,0,frozen_train_only,True,train
2DVE0XCM,2017-02-15,,0,frozen_train_only,True,train
L3UMWAX7,2017-02-15,,0,frozen_train_only,True,train
VOTOT8MK,2017-02-16,,0,frozen_train_only,True,train
Y3ULGUD8,2017-02-16,,0,frozen_train_only,True,train
7350YGG4,2017-02-16,,0,frozen_train_only,True,train
2J16RN99,2017-02-16,,0,frozen_train_only,True,train
BRQRF65L,2017-02-16,,0,frozen_train_only,True,train
LB6XW39X,2017-02-16,,0,frozen_train_only,True,train
WS9CXY7E,2017-02-16,,0,frozen_train_only,True,train
CK0MDHHM,2017-02-16,,0,frozen_train_only,True,train
RNUH1SI8,2017-02-16,,0,frozen_train_only,True,train
D54HETSI,2017-02-16,,0,frozen_train_only,True,train
JOQQZ5RH,2017-02-16,,0,frozen_train_only,True,train
90V75MDV,2017-02-16,,0,frozen_train_only,True,train
LIIBOUUQ,2017-02-16,,0,frozen_train_only,True,train
UDYSM42B,2017-02-16,,0,frozen_train_only,True,train
F835LA4P,2017-02-17,,0,frozen_train_only,True,train
75Q82XU7,2017-02-17,,0,frozen_train_only,True,train
2U6QQHCC,2017-02-17,,0,frozen_train_only,True,train
MMKMJ0WC,2017-02-17,,0,frozen_train_only,True,train
CZIXINO2,2017-02-17,,0,frozen_train_only,True,train
HV7Y6184,2017-02-17,,0,frozen_train_only,True,train
KIHC1QJQ,2017-02-17,,0,frozen_train_only,True,train
VBWQO6BM,2017-02-17,,0,frozen_train_only,True,train
LTZCN1RA,2017-02-17,,0,frozen_train_only,True,train
YO32O3T9,2017-02-17,,0,frozen_train_only,True,train
8638OV6W,2017-02-18,,0,frozen_train_only,True,train
TTJXSO57,2017-02-18,,0,frozen_train_only,True,train
K4VP5HK4,2017-02-18,,0,frozen_train_only,True,train
10R46CSK,2017-02-18,,0,frozen_train_only,True,train
VBA34LWX,2017-02-18,,0,frozen_train_only,True,train
DLJN7WG0,2017-02-18,,0,frozen_train_only,True,train
FJCCTOPN,2017-02-18,,0,frozen_train_only,True,train
LR6USOHL,2017-02-18,,0,frozen_train_only,True,train
5VAV2TUY,2017-02-18,,0,frozen_train_only,True,train
HTD2ME9C,2017-02-19,,0,frozen_train_only,True,train
GHUCMUPL,2017-02-19,,0,frozen_train_only,True,train
1LKY3B4X,2017-02-19,,0,frozen_train_only,True,train
7Y5E0RDL,2017-02-19,,0,frozen_train_only,True,train
BEQIZZ7W,2017-02-19,,0,frozen_train_only,True,train
44F8ZE41,2017-02-19,,0,frozen_train_only,True,train
YJIH415V,2017-02-19,,0,frozen_train_only,True,train
K3DQJ796,2017-02-19,,0,frozen_train_only,True,train
6QF3D2RI,2017-02-19,,0,frozen_train_only,True,train
G9565UWZ,2017-02-19,,0,frozen_train_only,True,train
RFKIN7FG,2017-02-19,,0,frozen_train_only,True,train
2BWZLXZ8,2017-02-19,,0,frozen_train_only,True,train
2QHRL8CW,2017-02-19,,0,frozen_train_only,True,train
RFYAI0WA,2017-02-19,,0,frozen_train_only,True,train
WH0DJCGL,2017-02-19,,0,frozen_train_only,True,train
LCW83256,2017-02-19,,0,frozen_train_only,True,train
IHFM8QXN,2017-02-19,,0,frozen_train_only,True,train
QCY951QA,2017-02-19,,0,frozen_train_only,True,train
09BVA55J,2017-02-19,,0,frozen_train_only,True,train
2R9HXKXT,2017-02-20,,0,frozen_train_only,True,train
JLK8KCNN,2017-02-20,,0,frozen_train_only,True,train
SZQUBIMH,2017-02-20,,0,frozen_train_only,True,train
8ZYVKQ27,2017-02-20,,0,frozen_train_only,True,train
25A51PWG,2017-02-20,,0,frozen_train_only,True,train
4B4XCPHT,2017-02-20,,0,frozen_train_only,True,train
5JFOA4XC,2017-02-20,,0,frozen_train_only,True,train
N5FOEJZ9,2017-02-20,,0,frozen_train_only,True,train
QTNPGKJ7,2017-02-20,,0,frozen_train_only,True,train
EBRWSMI0,2017-02-20,,0,frozen_train_only,True,train
4PKHDQOQ,2017-02-20,,0,frozen_train_only,True,train
3Y9SB2QK,2017-02-20,,0,frozen_train_only,True,train
5MZ0O77T,2017-02-20,,0,frozen_train_only,True,train
2EILEDKF,2017-02-20,,0,frozen_train_only,True,train
J4NX9TK5,2017-02-20,,0,frozen_train_only,True,train
5ITSLO0E,2017-02-21,,0,frozen_train_only,True,train
QGW0TI1U,2017-02-21,,0,frozen_train_only,True,train
WJC5J533,2017-02-21,,0,frozen_train_only,True,train
XGLMCTLG,2017-02-21,,0,frozen_train_only,True,train
X6RLT30X,2017-02-21,,0,frozen_train_only,True,train
IVT0S1N1,2017-02-21,,0,frozen_train_only,True,train
JEPGSQC9,2017-02-21,,0,frozen_train_only,True,train
EEDHCEVZ,2017-02-22,,0,frozen_train_only,True,train
NHDTSMX2,2017-02-22,,0,frozen_train_only,True,train
E36CR33F,2017-02-22,,0,frozen_train_only,True,train
PNL17RE9,2017-02-22,,0,frozen_train_only,True,train
VMEVOJVL,2017-02-22,,0,frozen_train_only,True,train
5EKN0BFN,2017-02-22,,0,frozen_train_only,True,train
R4LH95QS,2017-02-22,,0,frozen_train_only,True,train
52CROFH2,2017-02-22,,0,frozen_train_only,True,train
REDGEUCP,2017-02-22,,0,frozen_train_only,True,train
6KT5HAR6,2017-02-22,,0,frozen_train_only,True,train
48AJ0X9E,2017-02-22,,0,frozen_train_only,True,train
RA1UBXY9,2017-02-22,,0,frozen_train_only,True,train
WGI2GSKJ,2017-02-22,,0,frozen_train_only,True,train
W4BNO6UL,2017-02-22,,0,frozen_train_only,True,train
S50A0C2S,2017-02-22,,0,frozen_train_only,True,train
3H80RIHV,2017-02-22,,0,frozen_train_only,True,train
KATNS4R4,2017-02-22,,0,frozen_train_only,True,train
L5U7OT6O,2017-02-22,,0,frozen_train_only,True,train
QKVUGRN9,2017-02-22,,0,frozen_train_only,True,train
FNY6F0KF,2017-02-22,,0,frozen_train_only,True,train
1W23LEWK,2017-02-22,,0,frozen_train_only,True,train
JHJEQ1U3,2017-02-22,,0,frozen_train_only,True,train
CPJAA632,2017-02-22,,0,frozen_train_only,True,train
GVC0RLQE,2017-02-22,,0,frozen_train_only,True,train
9OLYBVNE,2017-02-22,,0,frozen_train_only,True,train
R8N49PHN,2017-02-22,,0,frozen_train_only,True,train
P5EVJUKQ,2017-02-23,,0,frozen_train_only,True,train
XF4648CO,2017-02-23,,0,frozen_train_only,True,train
24UTFDPK,2017-02-23,,0,frozen_train_only,True,train
ERYLM04D,2017-02-23,,0,frozen_train_only,True,train
IQ9W1X36,2017-02-23,,0,frozen_train_only,True,train
GSR9PIF0,2017-02-23,,0,frozen_train_only,True,train
8477482V,2017-02-23,,0,frozen_train_only,True,train
VFZOL6CB,2017-02-23,,0,frozen_train_only,True,train
75ZOJ3O7,2017-02-23,,0,frozen_train_only,True,train
1QQR82TP,2017-02-23,,0,frozen_train_only,True,train
DR6MQSWL,2017-02-23,,0,frozen_train_only,True,train
KAV5TU8X,2017-02-23,,0,frozen_train_only,True,train
UQ86UOWY,2017-02-23,,0,frozen_train_only,True,train
A82DG6R5,2017-02-23,,0,frozen_train_only,True,train
37FKT2ZP,2017-02-23,,0,frozen_train_only,True,train
MVXB9PS5,2017-02-23,,0,frozen_train_only,True,train
M2TZSYTN,2017-02-23,,0,frozen_train_only,True,train
KGJL5GHX,2017-02-23,,0,frozen_train_only,True,train
IF7DSONM,2017-02-23,,0,frozen_train_only,True,train
RR4FWSVB,2017-02-23,,0,frozen_train_only,True,train
C5IWM5VJ,2017-02-23,,0,frozen_train_only,True,train
9WZ3I1TF,2017-02-23,,0,frozen_train_only,True,train
IO4GTLAB,2017-02-23,,0,frozen_train_only,True,train
06T2UPDG,2017-02-24,,0,frozen_train_only,True,train
9L6ADU5C,2017-02-24,,0,frozen_train_only,True,train
U185INDA,2017-02-24,,0,frozen_train_only,True,train
2AGLONC4,2017-02-24,,0,frozen_train_only,True,train
TBDUMBLA,2017-02-24,,0,frozen_train_only,True,train
0AXGVKN8,2017-02-24,,0,frozen_train_only,True,train
TAPNNL1W,2017-02-24,,0,frozen_train_only,True,train
R9ZAKBFE,2017-02-24,,0,frozen_train_only,True,train
Y40ADYX7,2017-02-24,,0,frozen_train_only,True,train
R7GVZT8J,2017-02-24,,0,frozen_train_only,True,train
RSEDY99J,2017-02-24,,0,frozen_train_only,True,train
D5NZQIWU,2017-02-24,,0,frozen_train_only,True,train
Z0BGG6IJ,2017-02-24,,0,frozen_train_only,True,train
ZCA1IRGD,2017-02-24,,0,frozen_train_only,True,train
NPB8ZLEO,2017-02-24,,0,frozen_train_only,True,train
HJIO57TA,2017-02-24,,0,frozen_train_only,True,train
U6N053E1,2017-02-25,,0,frozen_train_only,True,train
MTKCJVFO,2017-02-25,,0,frozen_train_only,True,train
KIP060D0,2017-02-25,,0,frozen_train_only,True,train
YOISPUC6,2017-02-25,,0,frozen_train_only,True,train
2MHTTXX0,2017-02-25,,0,frozen_train_only,True,train
QU4FNKZL,2017-02-25,,0,frozen_train_only,True,train
GZUKDP7F,2017-02-25,,0,frozen_train_only,True,train
S519S1EK,2017-02-25,,0,frozen_train_only,True,train
AL554AUI,2017-02-25,,0,frozen_train_only,True,train
MCWDHOBT,2017-02-25,,0,frozen_train_only,True,train
GDZV8N5W,2017-02-25,,0,frozen_train_only,True,train
F4FLJ0WW,2017-02-25,,0,frozen_train_only,True,train
P3VM7655,2017-02-25,,0,frozen_train_only,True,train
5QU60VGE,2017-02-25,,0,frozen_train_only,True,train
3CLBPMYZ,2017-02-25,,0,frozen_train_only,True,train
G17JEA75,2017-02-25,,0,frozen_train_only,True,train
BGU0JJ9X,2017-02-25,,0,frozen_train_only,True,train
U02OIJGK,2017-02-25,,0,frozen_train_only,True,train
3N7ZXGMF,2017-02-25,,0,frozen_train_only,True,train
0QHI3KG5,2017-02-25,,0,frozen_train_only,True,train
0WWDVOM3,2017-02-25,,0,frozen_train_only,True,train
QPPUCKFM,2017-02-25,,0,frozen_train_only,True,train
VGE4M1C9,2017-02-25,,0,frozen_train_only,True,train
56XQOTXV,2017-02-25,,0,frozen_train_only,True,train
1JC9DMNJ,2017-02-25,,0,frozen_train_only,True,train
AK2LRFXF,2017-02-25,,0,frozen_train_only,True,train
UCK7JRXG,2017-02-25,,0,frozen_train_only,True,train
WM30CUBE,2017-02-25,,0,frozen_train_only,True,train
8DWOWB6Y,2017-02-26,,0,frozen_train_only,True,train
BGNB966A,2017-02-26,,0,frozen_train_only,True,train
4Q4CLZCH,2017-02-26,,0,frozen_train_only,True,train
YQ24IWRQ,2017-02-26,,0,frozen_train_only,True,train
Z30RS0CL,2017-02-26,,0,frozen_train_only,True,train
FRB34F3W,2017-02-26,,0,frozen_train_only,True,train
CGEHFK9N,2017-02-26,,0,frozen_train_only,True,train
4A189ZAB,2017-02-26,,0,frozen_train_only,True,train
0HELH2Q0,2017-02-26,,0,frozen_train_only,True,train
HG5P21RO,2017-02-26,,0,frozen_train_only,True,train
MGP9HCUL,2017-02-26,,0,frozen_train_only,True,train
XX84TIMO,2017-02-26,,0,frozen_train_only,True,train
2JFS8EGS,2017-02-26,,0,frozen_train_only,True,train
GBMHNLRO,2017-02-26,,0,frozen_train_only,True,train
NAVG0P26,2017-02-26,,0,frozen_train_only,True,train
DK955UBP,2017-02-26,,0,frozen_train_only,True,train
0OOZE4GN,2017-02-26,,0,frozen_train_only,True,train
3P0T15VX,2017-02-26,,0,frozen_train_only,True,train
GK0A4IQW,2017-02-26,,0,frozen_train_only,True,train
UXJSIAVS,2017-02-26,,0,frozen_train_only,True,train
KR4K652E,2017-02-27,,0,frozen_train_only,True,train
J2SR2H1Y,2017-02-27,,0,frozen_train_only,True,train
4U5VTUJL,2017-02-27,,0,frozen_train_only,True,train
VTT447YT,2017-02-27,,0,frozen_train_only,True,train
8JJY9B08,2017-02-27,,0,frozen_train_only,True,train
STTAXKIU,2017-02-27,,0,frozen_train_only,True,train
PX4OW5SC,2017-02-27,,0,frozen_train_only,True,train
87MEZS8G,2017-02-27,,0,frozen_train_only,True,train
SLIWHUIM,2017-02-27,,0,frozen_train_only,True,train
XBVFZ1IR,2017-02-27,,0,frozen_train_only,True,train
7B3J333S,2017-02-27,,0,frozen_train_only,True,train
3N9I1WH7,2017-02-27,,0,frozen_train_only,True,train
TMW4J6NA,2017-02-27,,0,frozen_train_only,True,train
ZI1MPYF3,2017-02-27,,0,frozen_train_only,True,train
L6KOBEBZ,2017-02-27,,0,frozen_train_only,True,train
Z2S4KUPO,2017-02-27,,0,frozen_train_only,True,train
GIW1PN4L,2017-02-27,,0,frozen_train_only,True,train
E57F5Z2K,2017-02-27,,0,frozen_train_only,True,train
38KKSE72,2017-02-27,,0,frozen_train_only,True,train
0GJ586J0,2017-02-27,,0,frozen_train_only,True,train
4V0S4BA3,2017-02-27,,0,frozen_train_only,True,train
1LTD5TKV,2017-02-27,,0,frozen_train_only,True,train
VBM56CIF,2017-02-27,,0,frozen_train_only,True,train
PDH2NPE1,2017-02-27,,0,frozen_train_only,True,train
OV60VIBB,2017-02-27,,0,frozen_train_only,True,train
2OAIXF3A,2017-02-27,,0,frozen_train_only,True,train
FBSEA94D,2017-02-27,,0,frozen_train_only,True,train
EOB01PRO,2017-02-27,,0,frozen_train_only,True,train
5QC9H4C2,2017-02-27,,0,frozen_train_only,True,train
3HGQ3BOY,2017-02-27,,0,frozen_train_only,True,train
CO6ZPH1W,2017-02-28,,0,frozen_train_only,True,train
M3WTE943,2017-02-28,,0,frozen_train_only,True,train
X914SMX7,2017-02-28,,0,frozen_train_only,True,train
1MCE2AOV,2017-02-28,,0,frozen_train_only,True,train
8061HKKB,2017-02-28,,0,frozen_train_only,True,train
T1HIH384,2017-02-28,,0,frozen_train_only,True,train
FM2NX2GB,2017-02-28,,0,frozen_train_only,True,train
SJ45HNHM,2017-02-28,,0,frozen_train_only,True,train
NYGZJYCJ,2017-02-28,,0,frozen_train_only,True,train
6MMFIIGE,2017-02-28,,0,frozen_train_only,True,train
IJ817GQJ,2017-02-28,,0,frozen_train_only,True,train
PCRRS6JP,2017-02-28,,0,frozen_train_only,True,train
NKL5SWX3,2017-02-28,,0,frozen_train_only,True,train
WVG1CIHX,2017-02-28,,0,frozen_train_only,True,train
7GRNFO6D,2017-02-28,,0,frozen_train_only,True,train
G0QKNVIJ,2017-03-01,,0,frozen_train_only,True,train
6HRIX06M,2017-03-01,,0,frozen_train_only,True,train
AM5YTMH3,2017-03-01,,0,frozen_train_only,True,train
2L5ZWLI7,2017-03-01,,0,frozen_train_only,True,train
6B6Q8C5S,2017-03-01,,0,frozen_train_only,True,train
DF4KYH5H,2017-03-01,,0,frozen_train_only,True,train
JTDV6H65,2017-03-01,,0,frozen_train_only,True,train
O8JF46GT,2017-03-01,,0,frozen_train_only,True,train
RK5Y67V6,2017-03-01,,0,frozen_train_only,True,train
COWOZH43,2017-03-01,,0,frozen_train_only,True,train
DGIYD342,2017-03-01,,0,frozen_train_only,True,train
JSSGVBVS,2017-03-01,,0,frozen_train_only,True,train
V28NVD6A,2017-03-01,,0,frozen_train_only,True,train
I1IAVDQM,2017-03-01,,0,frozen_train_only,True,train
4MC584U5,2017-03-01,,0,frozen_train_only,True,train
MCYLHUCZ,2017-03-01,,0,frozen_train_only,True,train
5E4DTWHV,2017-03-01,,0,frozen_train_only,True,train
1VUBYV53,2017-03-01,,0,frozen_train_only,True,train
W03CXYET,2017-03-01,,0,frozen_train_only,True,train
LZVFFQLN,2017-03-01,,0,frozen_train_only,True,train
MFV0C5RN,2017-03-01,,0,frozen_train_only,True,train
A1WZEK7U,2017-03-01,,0,frozen_train_only,True,train
516FJUNB,2017-03-01,,0,frozen_train_only,True,train
PE8DK02A,2017-03-01,,0,frozen_train_only,True,train
10NTPQUY,2017-03-01,,0,frozen_train_only,True,train
X2EXSMPR,2017-03-01,,0,frozen_train_only,True,train
JCFQVIEG,2017-03-01,,0,frozen_train_only,True,train
XIWKGJOW,2017-03-01,,0,frozen_train_only,True,train
DHGLWIDZ,2017-03-01,,0,frozen_train_only,True,train
74VGCEEW,2017-03-01,,0,frozen_train_only,True,train
MXTAIS4Q,2017-03-01,,0,frozen_train_only,True,train
YP8QKKEZ,2017-03-01,,0,frozen_train_only,True,train
3TSOEM5K,2017-03-01,,0,frozen_train_only,True,train
G7RCJBVL,2017-03-02,2017-03-01,24,frozen_train_only,True,train
G20IQSA3,2017-03-02,2017-03-01,24,frozen_train_only,True,train
Q16BQCEL,2017-03-02,2017-03-01,24,frozen_train_only,True,train
9924I5ZF,2017-03-02,2017-03-01,24,frozen_train_only,True,train
SLLJT3T1,2017-03-02,2017-03-01,24,frozen_train_only,True,train
AAEUN73V,2017-03-02,2017-03-01,24,frozen_train_only,True,train
32LY2D1K,2017-03-02,2017-03-01,24,frozen_train_only,True,train
S2UWELRW,2017-03-02,2017-03-01,24,frozen_train_only,True,train
5VQRLIEZ,2017-03-02,2017-03-01,24,frozen_train_only,True,train
6U0CT07B,2017-03-02,2017-03-01,24,frozen_train_only,True,train
DFN1V29L,2017-03-02,2017-03-01,24,frozen_train_only,True,train
VBZ862OS,2017-03-02,2017-03-01,24,frozen_train_only,True,train
VFKKSJT2,2017-03-02,2017-03-01,24,frozen_train_only,True,train
FJMFXCTD,2017-03-02,2017-03-01,24,frozen_train_only,True,train
LGLIB8TR,2017-03-02,2017-03-01,24,frozen_train_only,True,train
JREGYB42,2017-03-02,2017-03-01,24,frozen_train_only,True,train
9PWM6RYC,2017-03-02,2017-03-01,24,frozen_train_only,True,train
EMUA57Q2,2017-03-02,2017-03-01,24,frozen_train_only,True,train
DB3N4CHN,2017-03-02,2017-03-01,24,frozen_train_only,True,train
OF7GY5F4,2017-03-02,2017-03-01,24,frozen_train_only,True,train
CVFJUYPM,2017-03-02,2017-03-01,24,frozen_train_only,True,train
L5807I4N,2017-03-02,2017-03-01,24,frozen_train_only,True,train
Q1ZKBGV5,2017-03-03,2017-03-02,46,frozen_train_only,True,train
9JKODCAU,2017-03-03,2017-03-02,46,frozen_train_only,True,train
LELWKXDX,2017-03-03,2017-03-02,46,frozen_train_only,True,train
DA95Q0VE,2017-03-03,2017-03-02,46,frozen_train_only,True,train
5HMZH1Z9,2017-03-03,2017-03-02,46,frozen_train_only,True,train
05QMFSF0,2017-03-03,2017-03-02,46,frozen_train_only,True,train
JE245P8R,2017-03-03,2017-03-02,46,frozen_train_only,True,train
SFQMEZIW,2017-03-03,2017-03-02,46,frozen_train_only,True,train
B8RR21XP,2017-03-03,2017-03-02,46,frozen_train_only,True,train
U85VV1BU,2017-03-03,2017-03-02,46,frozen_train_only,True,train
V6HB68BL,2017-03-03,2017-03-02,46,frozen_train_only,True,train
H9JPB7GW,2017-03-03,2017-03-02,46,frozen_train_only,True,train
8LFNU39A,2017-03-03,2017-03-02,46,frozen_train_only,True,train
SWPTTVQZ,2017-03-03,2017-03-02,46,frozen_train_only,True,train
GKJLM1UR,2017-03-03,2017-03-02,46,frozen_train_only,True,train
8L1ZHTPL,2017-03-03,2017-03-02,46,frozen_train_only,True,train
4XX690SP,2017-03-03,2017-03-02,46,frozen_train_only,True,train
JSDGELLK,2017-03-04,2017-03-03,65,frozen_train_only,True,train
LV1754PS,2017-03-04,2017-03-03,65,frozen_train_only,True,train
JIYYV11P,2017-03-04,2017-03-03,65,frozen_train_only,True,train
6TB7XA83,2017-03-04,2017-03-03,65,frozen_train_only,True,train
U5UM9W8V,2017-03-04,2017-03-03,65,frozen_train_only,True,train
POB32WHJ,2017-03-04,2017-03-03,65,frozen_train_only,True,train
4T8KR12S,2017-03-04,2017-03-03,65,frozen_train_only,True,train
JA0D4V57,2017-03-04,2017-03-03,65,frozen_train_only,True,train
6CKB8I8U,2017-03-04,2017-03-03,65,frozen_train_only,True,train
HKBAON9X,2017-03-04,2017-03-03,65,frozen_train_only,True,train
7S1N6QHI,2017-03-04,2017-03-03,65,frozen_train_only,True,train
CHI2T3IH,2017-03-04,2017-03-03,65,frozen_train_only,True,train
X7HK448T,2017-03-04,2017-03-03,65,frozen_train_only,True,train
1YYN3PBU,2017-03-04,2017-03-03,65,frozen_train_only,True,train
R4L36Y0P,2017-03-04,2017-03-03,65,frozen_train_only,True,train
CPTEPYPZ,2017-03-04,2017-03-03,65,frozen_train_only,True,train
AJJ7VJWA,2017-03-04,2017-03-03,65,frozen_train_only,True,train
8BR6E4S6,2017-03-04,2017-03-03,65,frozen_train_only,True,train
YNKWBEEN,2017-03-04,2017-03-03,65,frozen_train_only,True,train
SARVIBLS,2017-03-04,2017-03-03,65,frozen_train_only,True,train
M4ZNQTEQ,2017-03-04,2017-03-03,65,frozen_train_only,True,train
K0GWTWYL,2017-03-04,2017-03-03,65,frozen_train_only,True,train
TCSQO748,2017-03-04,2017-03-03,65,frozen_train_only,True,train
ITCY8YV0,2017-03-04,2017-03-03,65,frozen_train_only,True,train
SAUAOZVO,2017-03-05,2017-03-04,82,frozen_train_only,True,train
1XHLB0Q5,2017-03-05,2017-03-04,82,frozen_train_only,True,train
OJVA8ZEK,2017-03-05,2017-03-04,82,frozen_train_only,True,train
UAX3F7D4,2017-03-05,2017-03-04,82,frozen_train_only,True,train
7PDUWDGT,2017-03-05,2017-03-04,82,frozen_train_only,True,train
QWJ2TRQM,2017-03-05,2017-03-04,82,frozen_train_only,True,train
3AU5SZ3V,2017-03-05,2017-03-04,82,frozen_train_only,True,train
BVOO33UA,2017-03-05,2017-03-04,82,frozen_train_only,True,train
SC7XGQVA,2017-03-05,2017-03-04,82,frozen_train_only,True,train
UY45Y7AM,2017-03-05,2017-03-04,82,frozen_train_only,True,train
M92Y63Q3,2017-03-05,2017-03-04,82,frozen_train_only,True,train
JXAYTFNI,2017-03-05,2017-03-04,82,frozen_train_only,True,train
BMM5D5R4,2017-03-05,2017-03-04,82,frozen_train_only,True,train
PSGTTYUT,2017-03-05,2017-03-04,82,frozen_train_only,True,train
JRC2PMKX,2017-03-05,2017-03-04,82,frozen_train_only,True,train
6M5LV1ZE,2017-03-05,2017-03-04,82,frozen_train_only,True,train
IBZQBCSU,2017-03-05,2017-03-04,82,frozen_train_only,True,train
YABTM1G5,2017-03-05,2017-03-04,82,frozen_train_only,True,train
FPTH6URQ,2017-03-05,2017-03-04,82,frozen_train_only,True,train
S3XE14XP,2017-03-05,2017-03-04,82,frozen_train_only,True,train
U6Q0T9KV,2017-03-05,2017-03-04,82,frozen_train_only,True,train
HRWHRCH8,2017-03-05,2017-03-04,82,frozen_train_only,True,train
8B29CRQL,2017-03-05,2017-03-04,82,frozen_train_only,True,train
3KM8WN7L,2017-03-06,2017-03-05,96,frozen_train_only,True,train
S0XILDHQ,2017-03-06,2017-03-05,96,frozen_train_only,True,train
ZVR3CS7N,2017-03-06,2017-03-05,96,frozen_train_only,True,train
AZH0INTS,2017-03-06,2017-03-05,96,frozen_train_only,True,train
9AMJKJX6,2017-03-06,2017-03-05,96,frozen_train_only,True,train
3NQBMKOK,2017-03-06,2017-03-05,96,frozen_train_only,True,train
VBG91TQH,2017-03-06,2017-03-05,96,frozen_train_only,True,train
QZE24X2H,2017-03-06,2017-03-05,96,frozen_train_only,True,train
WSPBQ5YR,2017-03-06,2017-03-05,96,frozen_train_only,True,train
YJJ1BLPQ,2017-03-06,2017-03-05,96,frozen_train_only,True,train
XUGTSB00,2017-03-06,2017-03-05,96,frozen_train_only,True,train
3DKK3JF3,2017-03-06,2017-03-05,96,frozen_train_only,True,train
I0TSIELX,2017-03-06,2017-03-05,96,frozen_train_only,True,train
420PORSF,2017-03-06,2017-03-05,96,frozen_train_only,True,train
DVCPCBMJ,2017-03-06,2017-03-05,96,frozen_train_only,True,train
UMZ986GC,2017-03-06,2017-03-05,96,frozen_train_only,True,train
UPQRP36U,2017-03-06,2017-03-05,96,frozen_train_only,True,train
RZI9HX5X,2017-03-06,2017-03-05,96,frozen_train_only,True,train
WFJPWN9O,2017-03-07,2017-03-06,116,frozen_train_only,True,train
2WH4NUR9,2017-03-07,2017-03-06,116,frozen_train_only,True,train
S93L97VV,2017-03-07,2017-03-06,116,frozen_train_only,True,train
HRU8FNE1,2017-03-07,2017-03-06,116,frozen_train_only,True,train
JDFN8AZI,2017-03-07,2017-03-06,116,frozen_train_only,True,train
11EK1VP7,2017-03-07,2017-03-06,116,frozen_train_only,True,train
50HQRWGJ,2017-03-07,2017-03-06,116,frozen_train_only,True,train
N90VSHI2,2017-03-07,2017-03-06,116,frozen_train_only,True,train
21PRD9FN,2017-03-07,2017-03-06,116,frozen_train_only,True,train
ITIQJARB,2017-03-07,2017-03-06,116,frozen_train_only,True,train
EAUV9J9L,2017-03-07,2017-03-06,116,frozen_train_only,True,train
XWEZ1WNK,2017-03-07,2017-03-06,116,frozen_train_only,True,train
JTSUYWUD,2017-03-07,2017-03-06,116,frozen_train_only,True,train
CJ5U6GX3,2017-03-07,2017-03-06,116,frozen_train_only,True,train
HDUV7VJN,2017-03-07,2017-03-06,116,frozen_train_only,True,train
5OCY2XME,2017-03-07,2017-03-06,116,frozen_train_only,True,train
1YB00UYY,2017-03-07,2017-03-06,116,frozen_train_only,True,train
Y23HQJRG,2017-03-07,2017-03-06,116,frozen_train_only,True,train
9HXSC391,2017-03-08,2017-03-07,136,frozen_train_only,True,train
ENOMNCOJ,2017-03-08,2017-03-07,136,frozen_train_only,True,train
CG4TWLUR,2017-03-08,2017-03-07,136,frozen_train_only,True,train
0FIG6ZP2,2017-03-08,2017-03-07,136,frozen_train_only,True,train
IA62KQBO,2017-03-08,2017-03-07,136,frozen_train_only,True,train
C54ZXDLT,2017-03-08,2017-03-07,136,frozen_train_only,True,train
X96MMTCI,2017-03-08,2017-03-07,136,frozen_train_only,True,train
P4RDU8QM,2017-03-08,2017-03-07,136,frozen_train_only,True,train
7C9Q2ZA3,2017-03-08,2017-03-07,136,frozen_train_only,True,train
YZ1EYM3Y,2017-03-08,2017-03-07,136,frozen_train_only,True,train
M7J5BV9Q,2017-03-08,2017-03-07,136,frozen_train_only,True,train
MDRX39D8,2017-03-08,2017-03-07,136,frozen_train_only,True,train
7GRFWF1U,2017-03-08,2017-03-07,136,frozen_train_only,True,train
EHP6OQ69,2017-03-08,2017-03-07,136,frozen_train_only,True,train
4R1NMA9E,2017-03-08,2017-03-07,136,frozen_train_only,True,train
CDA8Y12G,2017-03-08,2017-03-07,136,frozen_train_only,True,train
RYLLRATF,2017-03-08,2017-03-07,136,frozen_train_only,True,train
KEF5O2Q6,2017-03-08,2017-03-07,136,frozen_train_only,True,train
Y38ULZPM,2017-03-08,2017-03-07,136,frozen_train_only,True,train
YFP8IZ98,2017-03-08,2017-03-07,136,frozen_train_only,True,train
U9CDTLZM,2017-03-08,2017-03-07,136,frozen_train_only,True,train
V5AN4BZF,2017-03-08,2017-03-07,136,frozen_train_only,True,train
58J6HCYK,2017-03-08,2017-03-07,136,frozen_train_only,True,train
GDGR4C37,2017-03-08,2017-03-07,136,frozen_train_only,True,train
COOYICXU,2017-03-09,2017-03-08,157,frozen_train_only,True,train
UALNIVAY,2017-03-09,2017-03-08,157,frozen_train_only,True,train
E5UW8AGQ,2017-03-09,2017-03-08,157,frozen_train_only,True,train
EWA9JFBA,2017-03-09,2017-03-08,157,frozen_train_only,True,train
99DK6OHX,2017-03-09,2017-03-08,157,frozen_train_only,True,train
MK57PHV1,2017-03-09,2017-03-08,157,frozen_train_only,True,train
ZGZSYIJV,2017-03-09,2017-03-08,157,frozen_train_only,True,train
6LI7FXQT,2017-03-09,2017-03-08,157,frozen_train_only,True,train
D01U0UR8,2017-03-09,2017-03-08,157,frozen_train_only,True,train
9LFX3HBC,2017-03-09,2017-03-08,157,frozen_train_only,True,train
JP3IMU5X,2017-03-09,2017-03-08,157,frozen_train_only,True,train
5I8WOI8P,2017-03-09,2017-03-08,157,frozen_train_only,True,train
7C9BUYV0,2017-03-09,2017-03-08,157,frozen_train_only,True,train
GMVW87C4,2017-03-09,2017-03-08,157,frozen_train_only,True,train
NY9ARKRE,2017-03-09,2017-03-08,157,frozen_train_only,True,train
XO3XXR9X,2017-03-09,2017-03-08,157,frozen_train_only,True,train
8QBIFURM,2017-03-09,2017-03-08,157,frozen_train_only,True,train
ZWAJWK40,2017-03-09,2017-03-08,157,frozen_train_only,True,train
WQ0C723A,2017-03-09,2017-03-08,157,frozen_train_only,True,train
RCQ32MXL,2017-03-10,2017-03-09,178,frozen_train_only,True,train
396WP6JS,2017-03-10,2017-03-09,178,frozen_train_only,True,train
57689GK9,2017-03-10,2017-03-09,178,frozen_train_only,True,train
S2WDGIHL,2017-03-10,2017-03-09,178,frozen_train_only,True,train
8VG88HMH,2017-03-10,2017-03-09,178,frozen_train_only,True,train
TF7HCU69,2017-03-10,2017-03-09,178,frozen_train_only,True,train
0EX7ML4W,2017-03-10,2017-03-09,178,frozen_train_only,True,train
5BSHJG7W,2017-03-10,2017-03-09,178,frozen_train_only,True,train
HW38EMKM,2017-03-10,2017-03-09,178,frozen_train_only,True,train
B5QCN9H7,2017-03-10,2017-03-09,178,frozen_train_only,True,train
X7M4GO0J,2017-03-10,2017-03-09,178,frozen_train_only,True,train
JYI35PPE,2017-03-10,2017-03-09,178,frozen_train_only,True,train
6XHE52MV,2017-03-11,2017-03-10,199,frozen_train_only,True,train
0YN6EALP,2017-03-11,2017-03-10,199,frozen_train_only,True,train
A4LUP6W6,2017-03-11,2017-03-10,199,frozen_train_only,True,train
KUK2H5MD,2017-03-11,2017-03-10,199,frozen_train_only,True,train
HTW9348H,2017-03-11,2017-03-10,199,frozen_train_only,True,train
A6CE8BHR,2017-03-11,2017-03-10,199,frozen_train_only,True,train
UI1UION3,2017-03-11,2017-03-10,199,frozen_train_only,True,train
ZPX96Q40,2017-03-11,2017-03-10,199,frozen_train_only,True,train
I0CYLPNE,2017-03-11,2017-03-10,199,frozen_train_only,True,train
FGH181PC,2017-03-11,2017-03-10,199,frozen_train_only,True,train
8OBC9CQE,2017-03-11,2017-03-10,199,frozen_train_only,True,train
G3KFZ8KX,2017-03-11,2017-03-10,199,frozen_train_only,True,train
2Y84YR3K,2017-03-11,2017-03-10,199,frozen_train_only,True,train
97QHOOWD,2017-03-11,2017-03-10,199,frozen_train_only,True,train
YL7XWUYO,2017-03-11,2017-03-10,199,frozen_train_only,True,train
VO8TFB31,2017-03-11,2017-03-10,199,frozen_train_only,True,train
Q949MQ5W,2017-03-11,2017-03-10,199,frozen_train_only,True,train
HZU0L5GS,2017-03-11,2017-03-10,199,frozen_train_only,True,train
8RF8XVYF,2017-03-11,2017-03-10,199,frozen_train_only,True,train
ZILYYA1V,2017-03-11,2017-03-10,199,frozen_train_only,True,train
NH0WGTR4,2017-03-12,2017-03-11,219,frozen_train_only,True,train
WBJX6O2D,2017-03-12,2017-03-11,219,frozen_train_only,True,train
1IHNDN80,2017-03-12,2017-03-11,219,frozen_train_only,True,train
T14K7M5G,2017-03-12,2017-03-11,219,frozen_train_only,True,train
XPP2Q5WQ,2017-03-12,2017-03-11,219,frozen_train_only,True,train
FM4LX5O0,2017-03-12,2017-03-11,219,frozen_train_only,True,train
HG07756D,2017-03-12,2017-03-11,219,frozen_train_only,True,train
E7YSM99K,2017-03-12,2017-03-11,219,frozen_train_only,True,train
4D1FP59D,2017-03-12,2017-03-11,219,frozen_train_only,True,train
TK29F68V,2017-03-12,2017-03-11,219,frozen_train_only,True,train
N3H82NHO,2017-03-12,2017-03-11,219,frozen_train_only,True,train
GTANESSU,2017-03-12,2017-03-11,219,frozen_train_only,True,train
LA0O6BHX,2017-03-12,2017-03-11,219,frozen_train_only,True,train
RRKQ0P07,2017-03-12,2017-03-11,219,frozen_train_only,True,train
J4V3VKQ5,2017-03-12,2017-03-11,219,frozen_train_only,True,train
17U8549G,2017-03-12,2017-03-11,219,frozen_train_only,True,train
G281LUYF,2017-03-12,2017-03-11,219,frozen_train_only,True,train
4NAK1XFV,2017-03-12,2017-03-11,219,frozen_train_only,True,train
Y34MVXP3,2017-03-12,2017-03-11,219,frozen_train_only,True,train
N8G3G1UF,2017-03-12,2017-03-11,219,frozen_train_only,True,train
SDXZB8MC,2017-03-12,2017-03-11,219,frozen_train_only,True,train
PFUE2JYB,2017-03-12,2017-03-11,219,frozen_train_only,True,train
4A8SFEJ2,2017-03-12,2017-03-11,219,frozen_train_only,True,train
HEG8WPQF,2017-03-13,2017-03-12,242,frozen_train_only,True,train
0FST40LV,2017-03-13,2017-03-12,242,frozen_train_only,True,train
I7WERQ6B,2017-03-13,2017-03-12,242,frozen_train_only,True,train
T7UYHDUN,2017-03-13,2017-03-12,242,frozen_train_only,True,train
V0EIMVES,2017-03-13,2017-03-12,242,frozen_train_only,True,train
DL4SZAGH,2017-03-13,2017-03-12,242,frozen_train_only,True,train
RVIU1YQ8,2017-03-13,2017-03-12,242,frozen_train_only,True,train
ZNSWDHTJ,2017-03-13,2017-03-12,242,frozen_train_only,True,train
A2G8VYZY,2017-03-13,2017-03-12,242,frozen_train_only,True,train
Y9B94N72,2017-03-13,2017-03-12,242,frozen_train_only,True,train
34MBPHRL,2017-03-13,2017-03-12,242,frozen_train_only,True,train
K73K8IQ3,2017-03-13,2017-03-12,242,frozen_train_only,True,train
8L5WBK75,2017-03-13,2017-03-12,242,frozen_train_only,True,train
Z1RN8D42,2017-03-13,2017-03-12,242,frozen_train_only,True,train
JV1NCDKP,2017-03-13,2017-03-12,242,frozen_train_only,True,train
ECCVMNUZ,2017-03-13,2017-03-12,242,frozen_train_only,True,train
A3GVFKYP,2017-03-13,2017-03-12,242,frozen_train_only,True,train
COTHR6F7,2017-03-13,2017-03-12,242,frozen_train_only,True,train
3OAEEV0S,2017-03-14,2017-03-13,263,frozen_train_only,True,train
RTH5O6ZW,2017-03-14,2017-03-13,263,frozen_train_only,True,train
GH6U8WWN,2017-03-14,2017-03-13,263,frozen_train_only,True,train
GVNI96XB,2017-03-14,2017-03-13,263,frozen_train_only,True,train
KC324LPK,2017-03-14,2017-03-13,263,frozen_train_only,True,train
2Y2R082L,2017-03-14,2017-03-13,263,frozen_train_only,True,train
HALGOQ5D,2017-03-14,2017-03-13,263,frozen_train_only,True,train
1R38Y0C1,2017-03-14,2017-03-13,263,frozen_train_only,True,train
3QQW8VJ2,2017-03-14,2017-03-13,263,frozen_train_only,True,train
8JS4BWQ7,2017-03-14,2017-03-13,263,frozen_train_only,True,train
78TOITP2,2017-03-14,2017-03-13,263,frozen_train_only,True,train
BSA76OL5,2017-03-14,2017-03-13,263,frozen_train_only,True,train
YHNBSXPN,2017-03-14,2017-03-13,263,frozen_train_only,True,train
TW6D3KT4,2017-03-14,2017-03-13,263,frozen_train_only,True,train
Z8RI8RLU,2017-03-14,2017-03-13,263,frozen_train_only,True,train
FT0L8HZZ,2017-03-14,2017-03-13,263,frozen_train_only,True,train
AW0GW33Q,2017-03-14,2017-03-13,263,frozen_train_only,True,train
IJLPV177,2017-03-14,2017-03-13,263,frozen_train_only,True,train
9UVKASFY,2017-03-14,2017-03-13,263,frozen_train_only,True,train
KKSMEP2A,2017-03-14,2017-03-13,263,frozen_train_only,True,train
E96ZTKHC,2017-03-14,2017-03-13,263,frozen_train_only,True,train
RZ08GKZY,2017-03-14,2017-03-13,263,frozen_train_only,True,train
EK0ZZHKT,2017-03-15,2017-03-14,294,frozen_train_only,True,train
9U6RAS0M,2017-03-15,2017-03-14,294,frozen_train_only,True,train
3S31RHE5,2017-03-15,2017-03-14,294,frozen_train_only,True,train
GOM8T4Y4,2017-03-15,2017-03-14,294,frozen_train_only,True,train
7Z5AVSH6,2017-03-15,2017-03-14,294,frozen_train_only,True,train
E7OPE1O8,2017-03-15,2017-03-14,294,frozen_train_only,True,train
647E6ED0,2017-03-15,2017-03-14,294,frozen_train_only,True,train
PEX6S873,2017-03-15,2017-03-14,294,frozen_train_only,True,train
M9OTPNII,2017-03-15,2017-03-14,294,frozen_train_only,True,train
EZRICI17,2017-03-15,2017-03-14,294,frozen_train_only,True,train
BAXENBTS,2017-03-15,2017-03-14,294,frozen_train_only,True,train
086279IX,2017-03-15,2017-03-14,294,frozen_train_only,True,train
6EEC9HQQ,2017-03-15,2017-03-14,294,frozen_train_only,True,train
MHN0SWM2,2017-03-15,2017-03-14,294,frozen_train_only,True,train
8SKE4TT5,2017-03-15,2017-03-14,294,frozen_train_only,True,train
IGELOJ42,2017-03-15,2017-03-14,294,frozen_train_only,True,train
0LMA8GMJ,2017-03-15,2017-03-14,294,frozen_train_only,True,train
E40RN3MN,2017-03-15,2017-03-14,294,frozen_train_only,True,train
093R7PK9,2017-03-15,2017-03-14,294,frozen_train_only,True,train
I8A9OXP2,2017-03-15,2017-03-14,294,frozen_train_only,True,train
7IFEKEMG,2017-03-15,2017-03-14,294,frozen_train_only,True,train
K2KK9SW2,2017-03-16,2017-03-15,310,frozen_train_only,True,train
8SIG4C8X,2017-03-16,2017-03-15,310,frozen_train_only,True,train
K4ETVW4H,2017-03-16,2017-03-15,310,frozen_train_only,True,train
YA2NDY1H,2017-03-16,2017-03-15,310,frozen_train_only,True,train
G6DYTQQE,2017-03-16,2017-03-15,310,frozen_train_only,True,train
RZZ9K7UN,2017-03-16,2017-03-15,310,frozen_train_only,True,train
3918OU6O,2017-03-16,2017-03-15,310,frozen_train_only,True,train
YZ9ZKK3P,2017-03-16,2017-03-15,310,frozen_train_only,True,train
E1921PBZ,2017-03-16,2017-03-15,310,frozen_train_only,True,train
0E761F02,2017-03-16,2017-03-15,310,frozen_train_only,True,train
HDBNC8W1,2017-03-16,2017-03-15,310,frozen_train_only,True,train
KP6NOWM7,2017-03-16,2017-03-15,310,frozen_train_only,True,train
HPYLUU5P,2017-03-16,2017-03-15,310,frozen_train_only,True,train
I7AH5FW0,2017-03-16,2017-03-15,310,frozen_train_only,True,train
RSFYKC1F,2017-03-16,2017-03-15,310,frozen_train_only,True,train
RMW0TRSZ,2017-03-16,2017-03-15,310,frozen_train_only,True,train
GNENBXRW,2017-03-16,2017-03-15,310,frozen_train_only,True,train
L20NI94X,2017-03-16,2017-03-15,310,frozen_train_only,True,train
CG65AS6X,2017-03-16,2017-03-15,310,frozen_train_only,True,train
9XV6GX8D,2017-03-16,2017-03-15,310,frozen_train_only,True,train
IDIMBX0N,2017-03-17,2017-03-16,333,frozen_train_only,True,train
W75XU368,2017-03-17,2017-03-16,333,frozen_train_only,True,train
WIY2Q0Q5,2017-03-17,2017-03-16,333,frozen_train_only,True,train
7V1FQBL9,2017-03-17,2017-03-16,333,frozen_train_only,True,train
4PXSBQU8,2017-03-17,2017-03-16,333,frozen_train_only,True,train
QRKHWNRB,2017-03-17,2017-03-16,333,frozen_train_only,True,train
1YGNHE69,2017-03-17,2017-03-16,333,frozen_train_only,True,train
TAEUD0HP,2017-03-17,2017-03-16,333,frozen_train_only,True,train
72TBO2HA,2017-03-17,2017-03-16,333,frozen_train_only,True,train
FCW4SAAP,2017-03-17,2017-03-16,333,frozen_train_only,True,train
DEH0MYSO,2017-03-17,2017-03-16,333,frozen_train_only,True,train
PEVJ6O6R,2017-03-17,2017-03-16,333,frozen_train_only,True,train
T02CX0BY,2017-03-17,2017-03-16,333,frozen_train_only,True,train
SSX3QRTB,2017-03-17,2017-03-16,333,frozen_train_only,True,train
UBX7TMQG,2017-03-17,2017-03-16,333,frozen_train_only,True,train
RR5AMWPQ,2017-03-17,2017-03-16,333,frozen_train_only,True,train
FHLNW3WH,2017-03-17,2017-03-16,333,frozen_train_only,True,train
IAVMELUO,2017-03-17,2017-03-16,333,frozen_train_only,True,train
PRMMZX9O,2017-03-17,2017-03-16,333,frozen_train_only,True,train
ZZFES7ID,2017-03-17,2017-03-16,333,frozen_train_only,True,train
G7PNQB9M,2017-03-18,2017-03-17,357,frozen_train_only,True,train
Z0R5O2VW,2017-03-18,2017-03-17,357,frozen_train_only,True,train
VS0TWECS,2017-03-18,2017-03-17,357,frozen_train_only,True,train
XN7EV14M,2017-03-18,2017-03-17,357,frozen_train_only,True,train
P5BRH80Z,2017-03-18,2017-03-17,357,frozen_train_only,True,train
CQVDJR45,2017-03-18,2017-03-17,357,frozen_train_only,True,train
QUFCX2MF,2017-03-18,2017-03-17,357,frozen_train_only,True,train
RW13VT8T,2017-03-18,2017-03-17,357,frozen_train_only,True,train
5LJ47CVS,2017-03-18,2017-03-17,357,frozen_train_only,True,train
87XTACKH,2017-03-18,2017-03-17,357,frozen_train_only,True,train
0Z2CQ0MQ,2017-03-18,2017-03-17,357,frozen_train_only,True,train
4SK6YLB0,2017-03-18,2017-03-17,357,frozen_train_only,True,train
EVVX3PQ5,2017-03-18,2017-03-17,357,frozen_train_only,True,train
9Y3JDP1B,2017-03-18,2017-03-17,357,frozen_train_only,True,train
ACB3QZAY,2017-03-18,2017-03-17,357,frozen_train_only,True,train
COWC9H9T,2017-03-18,2017-03-17,357,frozen_train_only,True,train
ZTHMJWYZ,2017-03-18,2017-03-17,357,frozen_train_only,True,train
MMGWAWBA,2017-03-18,2017-03-17,357,frozen_train_only,True,train
8LPO6YCO,2017-03-18,2017-03-17,357,frozen_train_only,True,train
CDUIUYY2,2017-03-18,2017-03-17,357,frozen_train_only,True,train
9328IHHL,2017-03-18,2017-03-17,357,frozen_train_only,True,train
ZFB7CBR6,2017-03-18,2017-03-17,357,frozen_train_only,True,train
6RJE18RW,2017-03-19,2017-03-18,377,frozen_train_only,True,train
GK86H0SK,2017-03-19,2017-03-18,377,frozen_train_only,True,train
QXU90OP8,2017-03-19,2017-03-18,377,frozen_train_only,True,train
NXXSU27K,2017-03-19,2017-03-18,377,frozen_train_only,True,train
06YL7WVJ,2017-03-19,2017-03-18,377,frozen_train_only,True,train
K4Y8R0FX,2017-03-19,2017-03-18,377,frozen_train_only,True,train
F8O0IY28,2017-03-19,2017-03-18,377,frozen_train_only,True,train
8T8J06EL,2017-03-19,2017-03-18,377,frozen_train_only,True,train
3AE6GW2D,2017-03-19,2017-03-18,377,frozen_train_only,True,train
T0SEVT4K,2017-03-19,2017-03-18,377,frozen_train_only,True,train
36VPT9RZ,2017-03-19,2017-03-18,377,frozen_train_only,True,train
R2RL1Y49,2017-03-19,2017-03-18,377,frozen_train_only,True,train
7Q7SA3EK,2017-03-19,2017-03-18,377,frozen_train_only,True,train
6JI36HIE,2017-03-19,2017-03-18,377,frozen_train_only,True,train
B5CBSTM5,2017-03-19,2017-03-18,377,frozen_train_only,True,train
SNBYNW8H,2017-03-19,2017-03-18,377,frozen_train_only,True,train
IEN6RBZI,2017-03-19,2017-03-18,377,frozen_train_only,True,train
9P026O47,2017-03-19,2017-03-18,377,frozen_train_only,True,train
AJLNEUVY,2017-03-19,2017-03-18,377,frozen_train_only,True,train
LJIAOC0Q,2017-03-19,2017-03-18,377,frozen_train_only,True,train
2BYD4WQ7,2017-03-20,2017-03-19,393,frozen_train_only,True,train
HP6DSCMH,2017-03-20,2017-03-19,393,frozen_train_only,True,train
FM4S93O6,2017-03-20,2017-03-19,393,frozen_train_only,True,train
GGPSSI5Q,2017-03-20,2017-03-19,393,frozen_train_only,True,train
4D95LU0H,2017-03-20,2017-03-19,393,frozen_train_only,True,train
KA79LTFF,2017-03-20,2017-03-19,393,frozen_train_only,True,train
OBBVVO9O,2017-03-20,2017-03-19,393,frozen_train_only,True,train
83HX5CIJ,2017-03-20,2017-03-19,393,frozen_train_only,True,train
SGV1FR3O,2017-03-20,2017-03-19,393,frozen_train_only,True,train
TJ6U9HZ3,2017-03-20,2017-03-19,393,frozen_train_only,True,train
1N99TLIA,2017-03-20,2017-03-19,393,frozen_train_only,True,train
JYE2QFGE,2017-03-20,2017-03-19,393,frozen_train_only,True,train
IEOMRMWW,2017-03-20,2017-03-19,393,frozen_train_only,True,train
ZW7N89K3,2017-03-20,2017-03-19,393,frozen_train_only,True,train
MIU04JC2,2017-03-20,2017-03-19,393,frozen_train_only,True,train
VF2OKZY5,2017-03-20,2017-03-19,393,frozen_train_only,True,train
QSBKLWSW,2017-03-20,2017-03-19,393,frozen_train_only,True,train
0GTJE2VQ,2017-03-20,2017-03-19,393,frozen_train_only,True,train
H91G4MYP,2017-03-20,2017-03-19,393,frozen_train_only,True,train
DDBH2FPP,2017-03-21,2017-03-20,420,frozen_train_only,True,train
N8F2PFQP,2017-03-21,2017-03-20,420,frozen_train_only,True,train
WELHHO3U,2017-03-21,2017-03-20,420,frozen_train_only,True,train
CUAYGT78,2017-03-21,2017-03-20,420,frozen_train_only,True,train
9KDR9PQX,2017-03-21,2017-03-20,420,frozen_train_only,True,train
8A5HA974,2017-03-21,2017-03-20,420,frozen_train_only,True,train
M1L0IWB6,2017-03-21,2017-03-20,420,frozen_train_only,True,train
I2U6MKUT,2017-03-21,2017-03-20,420,frozen_train_only,True,train
RK6UFTI8,2017-03-21,2017-03-20,420,frozen_train_only,True,train
ECOU1XXZ,2017-03-22,2017-03-21,445,frozen_train_only,True,train
OTDDPHWJ,2017-03-22,2017-03-21,445,frozen_train_only,True,train
20N9WSRC,2017-03-22,2017-03-21,445,frozen_train_only,True,train
IJ4GXGCU,2017-03-22,2017-03-21,445,frozen_train_only,True,train
U0G8KIPB,2017-03-22,2017-03-21,445,frozen_train_only,True,train
2YVVZN5L,2017-03-22,2017-03-21,445,frozen_train_only,True,train
TGW7OYMD,2017-03-22,2017-03-21,445,frozen_train_only,True,train
XJ9RQU4K,2017-03-22,2017-03-21,445,frozen_train_only,True,train
4TRMURKI,2017-03-22,2017-03-21,445,frozen_train_only,True,train
TJXY9DQG,2017-03-22,2017-03-21,445,frozen_train_only,True,train
DV9ZB9KL,2017-03-22,2017-03-21,445,frozen_train_only,True,train
J712QVSG,2017-03-22,2017-03-21,445,frozen_train_only,True,train
LCBVIPRA,2017-03-22,2017-03-21,445,frozen_train_only,True,train
88R08IL1,2017-03-22,2017-03-21,445,frozen_train_only,True,train
WNMF0OHM,2017-03-23,2017-03-22,457,frozen_train_only,True,train
I0D1O3GX,2017-03-23,2017-03-22,457,frozen_train_only,True,train
7LNGJB3S,2017-03-23,2017-03-22,457,frozen_train_only,True,train
AVD2WQZY,2017-03-23,2017-03-22,457,frozen_train_only,True,train
UD9V38LV,2017-03-23,2017-03-22,457,frozen_train_only,True,train
JMTO8BPQ,2017-03-23,2017-03-22,457,frozen_train_only,True,train
06YBVWXZ,2017-03-23,2017-03-22,457,frozen_train_only,True,train
1VCAS7FL,2017-03-23,2017-03-22,457,frozen_train_only,True,train
G2TASA8C,2017-03-23,2017-03-22,457,frozen_train_only,True,train
CRW2CCMB,2017-03-23,2017-03-22,457,frozen_train_only,True,train
7FER10E1,2017-03-23,2017-03-22,457,frozen_train_only,True,train
K96NUCWR,2017-03-23,2017-03-22,457,frozen_train_only,True,train
SE609QTE,2017-03-23,2017-03-22,457,frozen_train_only,True,train
CT9XECID,2017-03-23,2017-03-22,457,frozen_train_only,True,train
SUO8VZQ8,2017-03-23,2017-03-22,457,frozen_train_only,True,train
9LX9MAPU,2017-03-23,2017-03-22,457,frozen_train_only,True,train
PHP5V833,2017-03-24,2017-03-23,478,frozen_train_only,True,train
7XEB6TFB,2017-03-24,2017-03-23,478,frozen_train_only,True,train
KV9LW061,2017-03-24,2017-03-23,478,frozen_train_only,True,train
8RZ1A49O,2017-03-24,2017-03-23,478,frozen_train_only,True,train
V4EKF9RF,2017-03-24,2017-03-23,478,frozen_train_only,True,train
VJ1EK4A3,2017-03-24,2017-03-23,478,frozen_train_only,True,train
65B8HSTW,2017-03-24,2017-03-23,478,frozen_train_only,True,train
KIJB458K,2017-03-24,2017-03-23,478,frozen_train_only,True,train
8PHJ7N4E,2017-03-24,2017-03-23,478,frozen_train_only,True,train
EDAJ0YEW,2017-03-24,2017-03-23,478,frozen_train_only,True,train
9X5HUUJ5,2017-03-24,2017-03-23,478,frozen_train_only,True,train
21S1ETXM,2017-03-24,2017-03-23,478,frozen_train_only,True,train
54JFGNXN,2017-03-24,2017-03-23,478,frozen_train_only,True,train
WLXPA3LB,2017-03-24,2017-03-23,478,frozen_train_only,True,train
3WQMBMSN,2017-03-24,2017-03-23,478,frozen_train_only,True,train
XIKWT7HM,2017-03-24,2017-03-23,478,frozen_train_only,True,train
J9QQVBQX,2017-03-24,2017-03-23,478,frozen_train_only,True,train
I51MJ7PP,2017-03-24,2017-03-23,478,frozen_train_only,True,train
V690FQG4,2017-03-24,2017-03-23,478,frozen_train_only,True,train
OSB9S3PI,2017-03-24,2017-03-23,478,frozen_train_only,True,train
JWRSTAU8,2017-03-24,2017-03-23,478,frozen_train_only,True,train
YYAZ4JBY,2017-03-24,2017-03-23,478,frozen_train_only,True,train
8SEGAAT7,2017-03-24,2017-03-23,478,frozen_train_only,True,train
4L36DJTM,2017-03-24,2017-03-23,478,frozen_train_only,True,train
7Z3S4XV9,2017-03-24,2017-03-23,478,frozen_train_only,True,train
SQOW8W0G,2017-03-24,2017-03-23,478,frozen_train_only,True,train
W3LGBNI2,2017-03-24,2017-03-23,478,frozen_train_only,True,train
J2B3UZXA,2017-03-24,2017-03-23,478,frozen_train_only,True,train
VH78FLDN,2017-03-24,2017-03-23,478,frozen_train_only,True,train
KZKMLY96,2017-03-24,2017-03-23,478,frozen_train_only,True,train
9BGKQZ3H,2017-03-25,2017-03-24,494,frozen_train_only,True,train
H6NJKV4F,2017-03-25,2017-03-24,494,frozen_train_only,True,train
L69Q015M,2017-03-25,2017-03-24,494,frozen_train_only,True,train
RX3F3VIU,2017-03-25,2017-03-24,494,frozen_train_only,True,train
R5I9AAFG,2017-03-25,2017-03-24,494,frozen_train_only,True,train
JQ3HJFNA,2017-03-25,2017-03-24,494,frozen_train_only,True,train
XCC1C1GG,2017-03-25,2017-03-24,494,frozen_train_only,True,train
WI1HQSIS,2017-03-25,2017-03-24,494,frozen_train_only,True,train
LCTI4CFV,2017-03-25,2017-03-24,494,frozen_train_only,True,train
8GMDSXYY,2017-03-25,2017-03-24,494,frozen_train_only,True,train
QLTDWAEM,2017-03-25,2017-03-24,494,frozen_train_only,True,train
UB8M6I5R,2017-03-25,2017-03-24,494,frozen_train_only,True,train
EBTJPEEY,2017-03-25,2017-03-24,494,frozen_train_only,True,train
ATW70WX1,2017-03-25,2017-03-24,494,frozen_train_only,True,train
9DBMY3OF,2017-03-25,2017-03-24,494,frozen_train_only,True,train
HRV9DSYF,2017-03-25,2017-03-24,494,frozen_train_only,True,train
MNC7Q3JJ,2017-03-25,2017-03-24,494,frozen_train_only,True,train
E3WWC6FJ,2017-03-25,2017-03-24,494,frozen_train_only,True,train
QKKZQJ46,2017-03-25,2017-03-24,494,frozen_train_only,True,train
M52B4VC5,2017-03-26,2017-03-25,514,frozen_train_only,True,train
Z72Y3C3C,2017-03-26,2017-03-25,514,frozen_train_only,True,train
FQPPZ9NQ,2017-03-26,2017-03-25,514,frozen_train_only,True,train
DUHS8KVY,2017-03-26,2017-03-25,514,frozen_train_only,True,train
M72CT8RN,2017-03-26,2017-03-25,514,frozen_train_only,True,train
XBFTCRLN,2017-03-26,2017-03-25,514,frozen_train_only,True,train
3ZILMRQK,2017-03-26,2017-03-25,514,frozen_train_only,True,train
FZ72CGOI,2017-03-26,2017-03-25,514,frozen_train_only,True,train
72HZ4LDT,2017-03-26,2017-03-25,514,frozen_train_only,True,train
4X3LNCWH,2017-03-26,2017-03-25,514,frozen_train_only,True,train
CMPFB2PS,2017-03-26,2017-03-25,514,frozen_train_only,True,train
61HW4ELT,2017-03-26,2017-03-25,514,frozen_train_only,True,train
F481S8G3,2017-03-26,2017-03-25,514,frozen_train_only,True,train
677XNEFB,2017-03-26,2017-03-25,514,frozen_train_only,True,train
7L0S5EON,2017-03-26,2017-03-25,514,frozen_train_only,True,train
A3D8MRDX,2017-03-26,2017-03-25,514,frozen_train_only,True,train
YE6R6I1K,2017-03-26,2017-03-25,514,frozen_train_only,True,train
JXUXBANJ,2017-03-26,2017-03-25,514,frozen_train_only,True,train
UWPUJESS,2017-03-26,2017-03-25,514,frozen_train_only,True,train
HSTXUOVW,2017-03-26,2017-03-25,514,frozen_train_only,True,train
2ZT298DY,2017-03-26,2017-03-25,514,frozen_train_only,True,train
Z769EPTS,2017-03-26,2017-03-25,514,frozen_train_only,True,train
GOIVV4OG,2017-03-27,2017-03-26,534,frozen_train_only,True,train
CJOU1RYX,2017-03-27,2017-03-26,534,frozen_train_only,True,train
5OVTFUNQ,2017-03-27,2017-03-26,534,frozen_train_only,True,train
0RNYAI6O,2017-03-27,2017-03-26,534,frozen_train_only,True,train
NSI9TMQ1,2017-03-27,2017-03-26,534,frozen_train_only,True,train
2QQD7411,2017-03-27,2017-03-26,534,frozen_train_only,True,train
XR57MBVC,2017-03-27,2017-03-26,534,frozen_train_only,True,train
8BY9YRL9,2017-03-27,2017-03-26,534,frozen_train_only,True,train
7PWQUE7O,2017-03-27,2017-03-26,534,frozen_train_only,True,train
ELCQKUQU,2017-03-27,2017-03-26,534,frozen_train_only,True,train
CVPH0J04,2017-03-27,2017-03-26,534,frozen_train_only,True,train
H8CLNRM2,2017-03-27,2017-03-26,534,frozen_train_only,True,train
MJBD6V39,2017-03-27,2017-03-26,534,frozen_train_only,True,train
GQQ01OO5,2017-03-27,2017-03-26,534,frozen_train_only,True,train
B85LVFR1,2017-03-27,2017-03-26,534,frozen_train_only,True,train
U8XA7JCO,2017-03-27,2017-03-26,534,frozen_train_only,True,train
2GR73FEV,2017-03-27,2017-03-26,534,frozen_train_only,True,train
AV4ZPXE3,2017-03-27,2017-03-26,534,frozen_train_only,True,train
X8QV83G1,2017-03-28,2017-03-27,555,frozen_train_only,True,train
T1ZYZ70B,2017-03-28,2017-03-27,555,frozen_train_only,True,train
RO6QLRCX,2017-03-28,2017-03-27,555,frozen_train_only,True,train
6FT804V9,2017-03-28,2017-03-27,555,frozen_train_only,True,train
SKTAI2GS,2017-03-28,2017-03-27,555,frozen_train_only,True,train
YIGSYPWD,2017-03-28,2017-03-27,555,frozen_train_only,True,train
9IP0C0IR,2017-03-28,2017-03-27,555,frozen_train_only,True,train
E06J9PDT,2017-03-28,2017-03-27,555,frozen_train_only,True,train
3OLESA9M,2017-03-28,2017-03-27,555,frozen_train_only,True,train
3O7PIS8O,2017-03-28,2017-03-27,555,frozen_train_only,True,train
FAV4HHP4,2017-03-28,2017-03-27,555,frozen_train_only,True,train
LOMFB71Q,2017-03-28,2017-03-27,555,frozen_train_only,True,train
C334XDK8,2017-03-28,2017-03-27,555,frozen_train_only,True,train
R707GGNA,2017-03-28,2017-03-27,555,frozen_train_only,True,train
EP81D4IN,2017-03-28,2017-03-27,555,frozen_train_only,True,train
UWZ7DFKY,2017-03-28,2017-03-27,555,frozen_train_only,True,train
7SH51ME1,2017-03-28,2017-03-27,555,frozen_train_only,True,train
QPH1YUAN,2017-03-28,2017-03-27,555,frozen_train_only,True,train
7PV7V1RP,2017-03-28,2017-03-27,555,frozen_train_only,True,train
C2WEF4XH,2017-03-28,2017-03-27,555,frozen_train_only,True,train
5G645WYV,2017-03-28,2017-03-27,555,frozen_train_only,True,train
5M3Z5DS4,2017-03-28,2017-03-27,555,frozen_train_only,True,train
CR20TBUT,2017-03-28,2017-03-27,555,frozen_train_only,True,train
M5E8U8HP,2017-03-28,2017-03-27,555,frozen_train_only,True,train
9VEB4KWV,2017-03-28,2017-03-27,555,frozen_train_only,True,train
9S7VQ79A,2017-03-28,2017-03-27,555,frozen_train_only,True,train
1MQFYGEE,2017-03-29,2017-03-28,583,frozen_train_only,True,train
4G10PCOZ,2017-03-29,2017-03-28,583,frozen_train_only,True,train
DLZYL69K,2017-03-29,2017-03-28,583,frozen_train_only,True,train
KYQ50DTU,2017-03-29,2017-03-28,583,frozen_train_only,True,train
FRIVBOOA,2017-03-29,2017-03-28,583,frozen_train_only,True,train
7ASDRLM5,2017-03-29,2017-03-28,583,frozen_train_only,True,train
0HB6OUIN,2017-03-29,2017-03-28,583,frozen_train_only,True,train
UWK0KA56,2017-03-29,2017-03-28,583,frozen_train_only,True,train
CCVCBR83,2017-03-29,2017-03-28,583,frozen_train_only,True,train
SV2VJ3VH,2017-03-29,2017-03-28,583,frozen_train_only,True,train
ASL3FJZP,2017-03-29,2017-03-28,583,frozen_train_only,True,train
0S4K915N,2017-03-29,2017-03-28,583,frozen_train_only,True,train
8IJOC37Z,2017-03-29,2017-03-28,583,frozen_train_only,True,train
28BIO7F9,2017-03-29,2017-03-28,583,frozen_train_only,True,train
9B5T5QTA,2017-03-29,2017-03-28,583,frozen_train_only,True,train
9ZDFLOKA,2017-03-29,2017-03-28,583,frozen_train_only,True,train
8FXUNDUS,2017-03-29,2017-03-28,583,frozen_train_only,True,train
MLC5KY2R,2017-03-29,2017-03-28,583,frozen_train_only,True,train
98YPUABG,2017-03-29,2017-03-28,583,frozen_train_only,True,train
181X64EU,2017-03-29,2017-03-28,583,frozen_train_only,True,train
XLKL4EI0,2017-03-29,2017-03-28,583,frozen_train_only,True,train
5RUF6451,2017-03-29,2017-03-28,583,frozen_train_only,True,train
G67668KN,2017-03-29,2017-03-28,583,frozen_train_only,True,train
4SAUJMOI,2017-03-30,2017-03-29,600,frozen_train_only,True,train
B2H3P25L,2017-03-30,2017-03-29,600,frozen_train_only,True,train
DF19VWL4,2017-03-30,2017-03-29,600,frozen_train_only,True,train
ZIZXHX09,2017-03-30,2017-03-29,600,frozen_train_only,True,train
70GGNRPB,2017-03-30,2017-03-29,600,frozen_train_only,True,train
0VYX8TN3,2017-03-30,2017-03-29,600,frozen_train_only,True,train
JPJ3A9T8,2017-03-30,2017-03-29,600,frozen_train_only,True,train
1A86ZD0B,2017-03-30,2017-03-29,600,frozen_train_only,True,train
PMQ4M2UX,2017-03-30,2017-03-29,600,frozen_train_only,True,train
OFQCCQ6I,2017-03-30,2017-03-29,600,frozen_train_only,True,train
3Z2BQVQ7,2017-03-30,2017-03-29,600,frozen_train_only,True,train
57FO8KSQ,2017-03-30,2017-03-29,600,frozen_train_only,True,train
3VQOFPW7,2017-03-30,2017-03-29,600,frozen_train_only,True,train
HMKFBTYR,2017-03-30,2017-03-29,600,frozen_train_only,True,train
RMO3I92N,2017-03-30,2017-03-29,600,frozen_train_only,True,train
2AV40FHB,2017-03-30,2017-03-29,600,frozen_train_only,True,train
OUR875IK,2017-03-30,2017-03-29,600,frozen_train_only,True,train
LUFY70BU,2017-03-30,2017-03-29,600,frozen_train_only,True,train
1OUHMFJV,2017-03-30,2017-03-29,600,frozen_train_only,True,train
GMNQUFQZ,2017-03-30,2017-03-29,600,frozen_train_only,True,train
YWF7W7H8,2017-03-30,2017-03-29,600,frozen_train_only,True,train
120BESB3,2017-03-30,2017-03-29,600,frozen_train_only,True,train
HPSSENGT,2017-03-30,2017-03-29,600,frozen_train_only,True,train
8TXOC3S3,2017-03-30,2017-03-29,600,frozen_train_only,True,train
N55VF08D,2017-03-30,2017-03-29,600,frozen_train_only,True,train
265SZR01,2017-03-30,2017-03-29,600,frozen_train_only,True,train
NKO2JRRS,2017-03-30,2017-03-29,600,frozen_train_only,True,train
WW3NDCO2,2017-03-30,2017-03-29,600,frozen_train_only,True,train
DGPI60HG,2017-03-30,2017-03-29,600,frozen_train_only,True,train
06DUY829,2017-03-30,2017-03-29,600,frozen_train_only,True,train
HOG5OE78,2017-03-30,2017-03-29,600,frozen_train_only,True,train
PLM5WEY4,2017-03-30,2017-03-29,600,frozen_train_only,True,train
EWQVZB85,2017-03-30,2017-03-29,600,frozen_train_only,True,train
SFFFNT6B,2017-03-31,2017-03-30,628,frozen_train_only,True,train
99AAJPQN,2017-03-31,2017-03-30,628,frozen_train_only,True,train
JW2FHT1G,2017-03-31,2017-03-30,628,frozen_train_only,True,train
08KE6ZQN,2017-03-31,2017-03-30,628,frozen_train_only,True,train
0WVCRCOU,2017-03-31,2017-03-30,628,frozen_train_only,True,train
V5QIL0HU,2017-03-31,2017-03-30,628,frozen_train_only,True,train
F52YEFJ8,2017-03-31,2017-03-30,628,frozen_train_only,True,train
OZDJFUHH,2017-03-31,2017-03-30,628,frozen_train_only,True,train
BUPUP2TV,2017-03-31,2017-03-30,628,frozen_train_only,True,train
HTQO5XIW,2017-03-31,2017-03-30,628,frozen_train_only,True,train
XCBKZWDX,2017-03-31,2017-03-30,628,frozen_train_only,True,train
W7F056RK,2017-03-31,2017-03-30,628,frozen_train_only,True,train
9LZICBEV,2017-03-31,2017-03-30,628,frozen_train_only,True,train
YAKIMBKC,2017-03-31,2017-03-30,628,frozen_train_only,True,train
FHU2WQ2K,2017-03-31,2017-03-30,628,frozen_train_only,True,train
VF651O1V,2017-03-31,2017-03-30,628,frozen_train_only,True,train
ISHAZTWG,2017-03-31,2017-03-30,628,frozen_train_only,True,train
0XIPT9AX,2017-03-31,2017-03-30,628,frozen_train_only,True,train
UURLD9W8,2017-03-31,2017-03-30,628,frozen_train_only,True,train
Y975VCYM,2017-03-31,2017-03-30,628,frozen_train_only,True,train
OPYWK3XE,2017-03-31,2017-03-30,628,frozen_train_only,True,train
2VTBUOXA,2017-03-31,2017-03-30,628,frozen_train_only,True,train
6YEF304L,2017-03-31,2017-03-30,628,frozen_train_only,True,train
6AALZVSE,2017-03-31,2017-03-30,628,frozen_train_only,True,train
JF9CTPPZ,2017-03-31,2017-03-30,628,frozen_train_only,True,train
LAH7932Y,2017-03-31,2017-03-30,628,frozen_train_only,True,train
CLOSEH5L,2017-03-31,2017-03-30,628,frozen_train_only,True,train
ZT6XPQR0,2017-03-31,2017-03-30,628,frozen_train_only,True,train
MUHI7FIM,2017-03-31,2017-03-30,628,frozen_train_only,True,train
1WSLRC69,2017-03-31,2017-03-30,628,frozen_train_only,True,train
ZZJ4I52J,2017-04-01,2017-03-31,647,frozen_train_only,True,train
IGVGV1O5,2017-04-01,2017-03-31,647,frozen_train_only,True,train
O5OCDKVH,2017-04-01,2017-03-31,647,frozen_train_only,True,train
TNUCQKW6,2017-04-01,2017-03-31,647,frozen_train_only,True,train
T4NRIY5R,2017-04-01,2017-03-31,647,frozen_train_only,True,train
5PA21ZHE,2017-04-01,2017-03-31,647,frozen_train_only,True,train
MCR8YCCY,2017-04-01,2017-03-31,647,frozen_train_only,True,train
N4PVP6C0,2017-04-01,2017-03-31,647,frozen_train_only,True,train
8INCUUGJ,2017-04-01,2017-03-31,647,frozen_train_only,True,train
CKSNW8DU,2017-04-01,2017-03-31,647,frozen_train_only,True,train
JFB4WY8C,2017-04-01,2017-03-31,647,frozen_train_only,True,train
BP7JRV1O,2017-04-01,2017-03-31,647,frozen_train_only,True,train
OREPAY0O,2017-04-01,2017-03-31,647,frozen_train_only,True,train
XBSZ29VJ,2017-04-01,2017-03-31,647,frozen_train_only,True,train
8BRN98H6,2017-04-01,2017-03-31,647,frozen_train_only,True,train
VZS17M7X,2017-04-01,2017-03-31,647,frozen_train_only,True,train
49USIHDH,2017-04-01,2017-03-31,647,frozen_train_only,True,train
A89TBOY5,2017-04-01,2017-03-31,647,frozen_train_only,True,train
26XU4887,2017-04-01,2017-03-31,647,frozen_train_only,True,train
QQTQFG9A,2017-04-01,2017-03-31,647,frozen_train_only,True,train
7O00H1TC,2017-04-01,2017-03-31,647,frozen_train_only,True,train
LGTIXQ46,2017-04-01,2017-03-31,647,frozen_train_only,True,train
KJBYGG1S,2017-04-01,2017-03-31,647,frozen_train_only,True,train
IXBUR07V,2017-04-01,2017-03-31,647,frozen_train_only,True,train
B6UWHOD4,2017-04-01,2017-03-31,647,frozen_train_only,True,train
FJ6QV5XK,2017-04-01,2017-03-31,647,frozen_train_only,True,train
4DUMR5WD,2017-04-01,2017-03-31,647,frozen_train_only,True,train
AW3L4BTT,2017-04-01,2017-03-31,647,frozen_train_only,True,train
RH805ELL,2017-04-01,2017-03-31,647,frozen_train_only,True,train
7RI58VF7,2017-04-02,2017-04-01,666,frozen_train_only,True,train
R15SXOZA,2017-04-02,2017-04-01,666,frozen_train_only,True,train
H00Y9555,2017-04-02,2017-04-01,666,frozen_train_only,True,train
RJYMI03Q,2017-04-02,2017-04-01,666,frozen_train_only,True,train
5PJJCTJ9,2017-04-02,2017-04-01,666,frozen_train_only,True,train
J60KKQ4B,2017-04-02,2017-04-01,666,frozen_train_only,True,train
X2QRD0DC,2017-04-02,2017-04-01,666,frozen_train_only,True,train
4KIZ9WJ0,2017-04-02,2017-04-01,666,frozen_train_only,True,train
6RQCLF28,2017-04-02,2017-04-01,666,frozen_train_only,True,train
T8WC5X1B,2017-04-02,2017-04-01,666,frozen_train_only,True,train
HO6M5P37,2017-04-02,2017-04-01,666,frozen_train_only,True,train
0J21WQH1,2017-04-02,2017-04-01,666,frozen_train_only,True,train
N88UFF5K,2017-04-02,2017-04-01,666,frozen_train_only,True,train
OV08QE7X,2017-04-02,2017-04-01,666,frozen_train_only,True,train
WJLJIWYS,2017-04-02,2017-04-01,666,frozen_train_only,True,train
QJ25CASO,2017-04-02,2017-04-01,666,frozen_train_only,True,train
GJQXUDI3,2017-04-02,2017-04-01,666,frozen_train_only,True,train
OOGOZGGV,2017-04-02,2017-04-01,666,frozen_train_only,True,train
C9XJ9KHD,2017-04-02,2017-04-01,666,frozen_train_only,True,train
IWAKTMEB,2017-04-02,2017-04-01,666,frozen_train_only,True,train
AKT5EF0X,2017-04-02,2017-04-01,666,frozen_train_only,True,purged_train
89064N0X,2017-04-02,2017-04-01,666,frozen_train_only,True,train
V7YVW4U0,2017-04-02,2017-04-01,666,frozen_train_only,True,train
TBJ99S41,2017-04-02,2017-04-01,666,frozen_train_only,True,train
QWLH0WD8,2017-04-02,2017-04-01,666,frozen_train_only,True,train
JZTX4MXK,2017-04-02,2017-04-01,666,frozen_train_only,True,train
4AHNCJ2Y,2017-04-03,2017-04-02,683,frozen_train_only,True,train
JK75NQBD,2017-04-03,2017-04-02,683,frozen_train_only,True,train
U1BDEL90,2017-04-03,2017-04-02,683,frozen_train_only,True,train
A9C9YCSN,2017-04-03,2017-04-02,683,frozen_train_only,True,train
524GC3WL,2017-04-03,2017-04-02,683,frozen_train_only,True,train
T4ZW6SS4,2017-04-03,2017-04-02,683,frozen_train_only,True,train
FH4VP5CL,2017-04-03,2017-04-02,683,frozen_train_only,True,train
K9MMOXUC,2017-04-03,2017-04-02,683,frozen_train_only,True,train
LV5SEMZQ,2017-04-03,2017-04-02,683,frozen_train_only,True,train
50B2JN7F,2017-04-03,2017-04-02,683,frozen_train_only,True,train
JXS3KFKM,2017-04-03,2017-04-02,683,frozen_train_only,True,train
QODSAVWU,2017-04-03,2017-04-02,683,frozen_train_only,True,train
UH3P961U,2017-04-03,2017-04-02,683,frozen_train_only,True,train
3BQTRX5Y,2017-04-03,2017-04-02,683,frozen_train_only,True,train
YTL8VNGT,2017-04-03,2017-04-02,683,frozen_train_only,True,train
BL4SKUCN,2017-04-03,2017-04-02,683,frozen_train_only,True,train
W355HYRD,2017-04-03,2017-04-02,683,frozen_train_only,True,train
5UE0TE1R,2017-04-03,2017-04-02,683,frozen_train_only,True,train
RFNRVNXJ,2017-04-03,2017-04-02,683,frozen_train_only,True,train
UTZDDOU7,2017-04-03,2017-04-02,683,frozen_train_only,True,train
2ZXKC707,2017-04-03,2017-04-02,683,frozen_train_only,True,train
VNCFE4LQ,2017-04-03,2017-04-02,683,frozen_train_only,True,train
28QWFYSP,2017-04-03,2017-04-02,683,frozen_train_only,True,train
VIV0OXU6,2017-04-04,2017-04-03,705,frozen_train_only,True,train
KVF0HK8S,2017-04-04,2017-04-03,705,frozen_train_only,True,train
JLT2LLR3,2017-04-04,2017-04-03,705,frozen_train_only,True,train
2LF1TSPZ,2017-04-04,2017-04-03,705,frozen_train_only,True,train
FBJHTF91,2017-04-04,2017-04-03,705,frozen_train_only,True,train
Z50GQV8I,2017-04-04,2017-04-03,705,frozen_train_only,True,train
O2CPAAF0,2017-04-04,2017-04-03,705,frozen_train_only,True,train
CEOTU8PX,2017-04-04,2017-04-03,705,frozen_train_only,True,train
2S3DHZFO,2017-04-04,2017-04-03,705,frozen_train_only,True,train
ZE1ZKD7Q,2017-04-04,2017-04-03,705,frozen_train_only,True,train
Y9XOOWHS,2017-04-04,2017-04-03,705,frozen_train_only,True,train
5FIGO7XN,2017-04-04,2017-04-03,705,frozen_train_only,True,train
EFO8XWXE,2017-04-04,2017-04-03,705,frozen_train_only,True,train
62R8ERQ0,2017-04-04,2017-04-03,705,frozen_train_only,True,train
HYCELUAD,2017-04-04,2017-04-03,705,frozen_train_only,True,train
MJZP9WYC,2017-04-04,2017-04-03,705,frozen_train_only,True,train
JNYS6BIJ,2017-04-04,2017-04-03,705,frozen_train_only,True,train
LUT9KYJA,2017-04-04,2017-04-03,705,frozen_train_only,True,train
DIWC1AHU,2017-04-04,2017-04-03,705,frozen_train_only,True,train
ILYP3YGW,2017-04-04,2017-04-03,705,frozen_train_only,True,train
0XC4DR3F,2017-04-04,2017-04-03,705,frozen_train_only,True,train
3ZM8BJQO,2017-04-04,2017-04-03,705,frozen_train_only,True,train
AM5J5QPK,2017-04-04,2017-04-03,705,frozen_train_only,True,train
DRFUPEOU,2017-04-04,2017-04-03,705,frozen_train_only,True,train
I19TOSXS,2017-04-04,2017-04-03,705,frozen_train_only,True,train
DWO4HD34,2017-04-04,2017-04-03,705,frozen_train_only,True,train
4YH4JR1Q,2017-04-04,2017-04-03,705,frozen_train_only,True,train
NUA0OE6Z,2017-04-04,2017-04-03,705,frozen_train_only,True,train
GDOHDB6U,2017-04-04,2017-04-03,705,frozen_train_only,True,train
I58DG1XE,2017-04-04,2017-04-03,705,frozen_train_only,True,train
YA3O04NX,2017-04-04,2017-04-03,705,frozen_train_only,True,train
C2X9D7JO,2017-04-04,2017-04-03,705,frozen_train_only,True,train
SBLP2LJB,2017-04-04,2017-04-03,705,frozen_train_only,True,train
3CWKBXEN,2017-04-04,2017-04-03,705,frozen_train_only,True,train
ZG82F4GH,2017-04-04,2017-04-03,705,frozen_train_only,True,train
64KS4KGN,2017-04-04,2017-04-03,705,frozen_train_only,True,train
637HKAFD,2017-04-04,2017-04-03,705,frozen_train_only,True,train
U9E3G8UT,2017-04-05,2017-04-04,720,frozen_train_only,True,train
FB1AO8SL,2017-04-05,2017-04-04,720,frozen_train_only,True,train
79LGX9EX,2017-04-05,2017-04-04,720,frozen_train_only,True,train
LOAYKUEO,2017-04-05,2017-04-04,720,frozen_train_only,True,train
EM4XNIPW,2017-04-05,2017-04-04,720,frozen_train_only,True,train
E6WG7J0I,2017-04-05,2017-04-04,720,frozen_train_only,True,train
37FL55S0,2017-04-05,2017-04-04,720,frozen_train_only,True,train
RSXFS096,2017-04-05,2017-04-04,720,frozen_train_only,True,purged_train
5QSU8PQU,2017-04-05,2017-04-04,720,frozen_train_only,True,train
N58V2ML8,2017-04-05,2017-04-04,720,frozen_train_only,True,train
SFI9TVH3,2017-04-05,2017-04-04,720,frozen_train_only,True,train
0G65AQVC,2017-04-05,2017-04-04,720,frozen_train_only,True,train
F91QWQ1G,2017-04-05,2017-04-04,720,frozen_train_only,True,train
XEP9GSSY,2017-04-05,2017-04-04,720,frozen_train_only,True,purged_train
0000I7AO,2017-04-05,2017-04-04,720,frozen_train_only,True,train
A0VM9Q5M,2017-04-05,2017-04-04,720,frozen_train_only,True,train
P9SDPJJO,2017-04-05,2017-04-04,720,frozen_train_only,True,train
NW6OPA4M,2017-04-05,2017-04-04,720,frozen_train_only,True,train
ZZQB2NPD,2017-04-05,2017-04-04,720,frozen_train_only,True,train
KG5JIU81,2017-04-05,2017-04-04,720,frozen_train_only,True,train
4XGA0K6N,2017-04-05,2017-04-04,720,frozen_train_only,True,train
MV1LBCP5,2017-04-05,2017-04-04,720,frozen_train_only,True,train
UIFIWKNI,2017-04-05,2017-04-04,720,frozen_train_only,True,purged_train
MBGVOGCY,2017-04-05,2017-04-04,720,frozen_train_only,True,train
2WQ5FUPR,2017-04-05,2017-04-04,720,frozen_train_only,True,purged_train
DA6LGJ66,2017-04-05,2017-04-04,720,frozen_train_only,True,train
OJSYLHMZ,2017-04-05,2017-04-04,720,frozen_train_only,True,train
QO6CI3P4,2017-04-05,2017-04-04,720,frozen_train_only,True,train
HJP5X1MT,2017-04-06,2017-04-05,734,frozen_train_only,True,train
JO4MF90Q,2017-04-06,2017-04-05,734,frozen_train_only,True,train
RX95UPUC,2017-04-06,2017-04-05,734,frozen_train_only,True,train
0SMQAD34,2017-04-06,2017-04-05,734,frozen_train_only,True,train
THMEDL51,2017-04-06,2017-04-05,734,frozen_train_only,True,train
94B4785B,2017-04-06,2017-04-05,734,frozen_train_only,True,train
SLN6HHLD,2017-04-06,2017-04-05,734,frozen_train_only,True,train
MU3PM8ON,2017-04-06,2017-04-05,734,frozen_train_only,True,train
E6GVZ30Q,2017-04-06,2017-04-05,734,frozen_train_only,True,train
QVWM8LUB,2017-04-06,2017-04-05,734,frozen_train_only,True,purged_train
7C2HU8OC,2017-04-06,2017-04-05,734,frozen_train_only,True,train
74P8ZFDD,2017-04-06,2017-04-05,734,frozen_train_only,True,train
MB3376Q1,2017-04-06,2017-04-05,734,frozen_train_only,True,train
RSAGMF10,2017-04-06,2017-04-05,734,frozen_train_only,True,train
3N6VGWVS,2017-04-06,2017-04-05,734,frozen_train_only,True,train
KG61YJ92,2017-04-06,2017-04-05,734,frozen_train_only,True,train
Z4A1R9CJ,2017-04-06,2017-04-05,734,frozen_train_only,True,train
I6ZWBDU6,2017-04-06,2017-04-05,734,frozen_train_only,True,train
3DB2J8UR,2017-04-06,2017-04-05,734,frozen_train_only,True,train
6ER2KL7X,2017-04-06,2017-04-05,734,frozen_train_only,True,train
CBTC7BHL,2017-04-06,2017-04-05,734,frozen_train_only,True,train
93JCG10L,2017-04-06,2017-04-05,734,frozen_train_only,True,train
X9BUD48V,2017-04-07,2017-04-06,757,frozen_train_only,True,train
TQLJOZBP,2017-04-07,2017-04-06,757,frozen_train_only,True,train
9IE6GBXM,2017-04-07,2017-04-06,757,frozen_train_only,True,train
BG2656VA,2017-04-07,2017-04-06,757,frozen_train_only,True,train
JXBUN5MY,2017-04-07,2017-04-06,757,frozen_train_only,True,train
7TJEHAED,2017-04-07,2017-04-06,757,frozen_train_only,True,train
QPOE9V6Y,2017-04-07,2017-04-06,757,frozen_train_only,True,train
ULJM9JGL,2017-04-07,2017-04-06,757,frozen_train_only,True,train
PYY9M6Q4,2017-04-07,2017-04-06,757,frozen_train_only,True,train
WAF692K8,2017-04-07,2017-04-06,757,frozen_train_only,True,train
0UDLH6I3,2017-04-07,2017-04-06,757,frozen_train_only,True,train
WUGE2QUO,2017-04-07,2017-04-06,757,frozen_train_only,True,train
XBLA9VO6,2017-04-07,2017-04-06,757,frozen_train_only,True,train
QL7H3WQZ,2017-04-07,2017-04-06,757,frozen_train_only,True,train
DXBLA2BS,2017-04-07,2017-04-06,757,frozen_train_only,True,train
EYW0QD8A,2017-04-07,2017-04-06,757,frozen_train_only,True,train
NXWNJ7U5,2017-04-07,2017-04-06,757,frozen_train_only,True,train
8LVFBGN4,2017-04-07,2017-04-06,757,frozen_train_only,True,train
SUQNORF2,2017-04-07,2017-04-06,757,frozen_train_only,True,train
3M03SX77,2017-04-07,2017-04-06,757,frozen_train_only,True,train
C7Y0UUIN,2017-04-07,2017-04-06,757,frozen_train_only,True,train
DI6H5ERU,2017-04-07,2017-04-06,757,frozen_train_only,True,train
SQZ293C0,2017-04-07,2017-04-06,757,frozen_train_only,True,train
2SGRE4VE,2017-04-07,2017-04-06,757,frozen_train_only,True,train
AMKR98V4,2017-04-07,2017-04-06,757,frozen_train_only,True,train
DESFU690,2017-04-07,2017-04-06,757,frozen_train_only,True,train
V8HMIE7M,2017-04-07,2017-04-06,757,frozen_train_only,True,train
91JBU17E,2017-04-07,2017-04-06,757,frozen_train_only,True,train
4MMQZHCK,2017-04-07,2017-04-06,757,frozen_train_only,True,train
RSKU2ZHM,2017-04-07,2017-04-06,757,frozen_train_only,True,train
8LTQ9ESQ,2017-04-08,2017-04-07,780,frozen_train_only,True,train
EBBIJKLT,2017-04-08,2017-04-07,780,frozen_train_only,True,train
8RIKWACO,2017-04-08,2017-04-07,780,frozen_train_only,True,train
U3394VAL,2017-04-08,2017-04-07,780,frozen_train_only,True,train
G58AHYTW,2017-04-08,2017-04-07,780,frozen_train_only,True,train
KK7L97V7,2017-04-08,2017-04-07,780,frozen_train_only,True,train
GWRPJWRO,2017-04-08,2017-04-07,780,frozen_train_only,True,train
GNKFTK7J,2017-04-08,2017-04-07,780,frozen_train_only,True,train
UEL6CAP9,2017-04-08,2017-04-07,780,frozen_train_only,True,train
2FEA30KT,2017-04-08,2017-04-07,780,frozen_train_only,True,train
P2VXL7MO,2017-04-08,2017-04-07,780,frozen_train_only,True,train
YT7QY06V,2017-04-08,2017-04-07,780,frozen_train_only,True,train
L66MAMK5,2017-04-08,2017-04-07,780,frozen_train_only,True,train
RGYBSSEK,2017-04-08,2017-04-07,780,frozen_train_only,True,train
5KC9ZGBX,2017-04-08,2017-04-07,780,frozen_train_only,True,train
AYIPNQFR,2017-04-08,2017-04-07,780,frozen_train_only,True,train
Q1MP64HG,2017-04-08,2017-04-07,780,frozen_train_only,True,train
XGD6BFD6,2017-04-08,2017-04-07,780,frozen_train_only,True,train
1IH166HI,2017-04-08,2017-04-07,780,frozen_train_only,True,train
BK85705L,2017-04-08,2017-04-07,780,frozen_train_only,True,train
77MKNCO3,2017-04-08,2017-04-07,780,frozen_train_only,True,train
OB7TAJOZ,2017-04-08,2017-04-07,780,frozen_train_only,True,train
DU0E2LMZ,2017-04-08,2017-04-07,780,frozen_train_only,True,train
1B4CL153,2017-04-08,2017-04-07,780,frozen_train_only,True,train
93X2W24Q,2017-04-09,2017-04-08,797,frozen_train_only,True,train
U0E9CRX5,2017-04-09,2017-04-08,797,frozen_train_only,True,train
I7KV29LC,2017-04-09,2017-04-08,797,frozen_train_only,True,train
NNM6GN1J,2017-04-09,2017-04-08,797,frozen_train_only,True,train
D1UDLFVY,2017-04-09,2017-04-08,797,frozen_train_only,True,train
M8WP93D4,2017-04-09,2017-04-08,797,frozen_train_only,True,train
3GPAFD3X,2017-04-09,2017-04-08,797,frozen_train_only,True,train
XUQ7RS1Q,2017-04-09,2017-04-08,797,frozen_train_only,True,train
UFGI9P05,2017-04-09,2017-04-08,797,frozen_train_only,True,train
RDQZ245F,2017-04-09,2017-04-08,797,frozen_train_only,True,train
JA2CDNVM,2017-04-09,2017-04-08,797,frozen_train_only,True,train
R0XAJA2I,2017-04-09,2017-04-08,797,frozen_train_only,True,train
BU1B6PHK,2017-04-09,2017-04-08,797,frozen_train_only,True,train
C3918FWQ,2017-04-09,2017-04-08,797,frozen_train_only,True,purged_train
8GBXTWXE,2017-04-09,2017-04-08,797,frozen_train_only,True,train
Z29AX2KB,2017-04-09,2017-04-08,797,frozen_train_only,True,train
E733YMVH,2017-04-09,2017-04-08,797,frozen_train_only,True,train
Y35ES8UY,2017-04-09,2017-04-08,797,frozen_train_only,True,train
QDRYCR05,2017-04-09,2017-04-08,797,frozen_train_only,True,train
TYWS7KJR,2017-04-09,2017-04-08,797,frozen_train_only,True,train
X22G55Y5,2017-04-09,2017-04-08,797,frozen_train_only,True,train
X7FZMKZW,2017-04-09,2017-04-08,797,frozen_train_only,True,train
72WE0PUH,2017-04-09,2017-04-08,797,frozen_train_only,True,train
HLGGWYP1,2017-04-09,2017-04-08,797,frozen_train_only,True,train
RU3OP2BA,2017-04-09,2017-04-08,797,frozen_train_only,True,train
YXOM4S7G,2017-04-10,2017-04-09,815,frozen_train_only,True,train
JPH5WS60,2017-04-10,2017-04-09,815,frozen_train_only,True,train
O1TDG6YN,2017-04-10,2017-04-09,815,frozen_train_only,True,train
4INFXLM5,2017-04-10,2017-04-09,815,frozen_train_only,True,train
LIZMTGH2,2017-04-10,2017-04-09,815,frozen_train_only,True,train
04LU4OPA,2017-04-10,2017-04-09,815,frozen_train_only,True,train
T1I8GE75,2017-04-10,2017-04-09,815,frozen_train_only,True,train
2HU581DM,2017-04-10,2017-04-09,815,frozen_train_only,True,train
75S7S74S,2017-04-10,2017-04-09,815,frozen_train_only,True,train
VTVF5TBV,2017-04-10,2017-04-09,815,frozen_train_only,True,train
6AC2ATXU,2017-04-10,2017-04-09,815,frozen_train_only,True,train
F4J6AVPQ,2017-04-10,2017-04-09,815,frozen_train_only,True,train
NFTSU7RW,2017-04-10,2017-04-09,815,frozen_train_only,True,train
NCUXZU3S,2017-04-10,2017-04-09,815,frozen_train_only,True,train
YGNVLLUR,2017-04-10,2017-04-09,815,frozen_train_only,True,train
O08NQM1J,2017-04-10,2017-04-09,815,frozen_train_only,True,train
5OJ4IRW4,2017-04-10,2017-04-09,815,frozen_train_only,True,train
ZLY8SZXO,2017-04-10,2017-04-09,815,frozen_train_only,True,train
DCC85LZO,2017-04-10,2017-04-09,815,frozen_train_only,True,train
ZVWUL0LL,2017-04-10,2017-04-09,815,frozen_train_only,True,train
4R5LIB5F,2017-04-10,2017-04-09,815,frozen_train_only,True,train
P010EEZF,2017-04-10,2017-04-09,815,frozen_train_only,True,train
7AL9GWK6,2017-04-10,2017-04-09,815,frozen_train_only,True,train
RHXY2M2W,2017-04-10,2017-04-09,815,frozen_train_only,True,train
R7SESFM0,2017-04-10,2017-04-09,815,frozen_train_only,True,train
X501NN9P,2017-04-10,2017-04-09,815,frozen_train_only,True,train
AUDYTWRK,2017-04-10,2017-04-09,815,frozen_train_only,True,train
EUKD4Z0V,2017-04-10,2017-04-09,815,frozen_train_only,True,train
KPUHKYWU,2017-04-10,2017-04-09,815,frozen_train_only,True,train
B0KF3NFK,2017-04-10,2017-04-09,815,frozen_train_only,True,train
70M5V003,2017-04-10,2017-04-09,815,frozen_train_only,True,train
OC66D0JA,2017-04-10,2017-04-09,815,frozen_train_only,True,train
KE7SZLG7,2017-04-11,2017-04-10,837,frozen_train_only,True,train
XYZ39YT2,2017-04-11,2017-04-10,837,frozen_train_only,True,train
O4LNS6IC,2017-04-11,2017-04-10,837,frozen_train_only,True,train
UKIM9XIZ,2017-04-11,2017-04-10,837,frozen_train_only,True,train
5Z0ACVAM,2017-04-11,2017-04-10,837,frozen_train_only,True,train
DIAR4IM7,2017-04-11,2017-04-10,837,frozen_train_only,True,train
30YWHJV8,2017-04-11,2017-04-10,837,frozen_train_only,True,train
ABXW1X4U,2017-04-11,2017-04-10,837,frozen_train_only,True,train
SZ1H1L8I,2017-04-11,2017-04-10,837,frozen_train_only,True,train
IR03B656,2017-04-11,2017-04-10,837,frozen_train_only,True,train
6NZROTHF,2017-04-11,2017-04-10,837,frozen_train_only,True,train
IFIIB8Y6,2017-04-11,2017-04-10,837,frozen_train_only,True,train
R2CS85YJ,2017-04-11,2017-04-10,837,frozen_train_only,True,train
8EAINY61,2017-04-11,2017-04-10,837,frozen_train_only,True,train
T23MHC9C,2017-04-11,2017-04-10,837,frozen_train_only,True,train
D30QC4EE,2017-04-11,2017-04-10,837,frozen_train_only,True,train
JHIX3ODA,2017-04-11,2017-04-10,837,frozen_train_only,True,train
BPUE8GTU,2017-04-11,2017-04-10,837,frozen_train_only,True,train
2DOJKFNW,2017-04-11,2017-04-10,837,frozen_train_only,True,train
0PSKGNYE,2017-04-11,2017-04-10,837,frozen_train_only,True,train
J75N0QYA,2017-04-11,2017-04-10,837,frozen_train_only,True,train
SDS8SAZC,2017-04-11,2017-04-10,837,frozen_train_only,True,train
1426E8W6,2017-04-11,2017-04-10,837,frozen_train_only,True,train
3BFBN8JW,2017-04-11,2017-04-10,837,frozen_train_only,True,train
W1GERPB9,2017-04-11,2017-04-10,837,frozen_train_only,True,train
922DHXBA,2017-04-11,2017-04-10,837,frozen_train_only,True,train
L36WU4AH,2017-04-11,2017-04-10,837,frozen_train_only,True,train
2K8H292S,2017-04-12,2017-04-11,858,frozen_train_only,True,train
XNHGOHPW,2017-04-12,2017-04-11,858,frozen_train_only,True,train
GAM8C5ET,2017-04-12,2017-04-11,858,frozen_train_only,True,train
BHT7UEDJ,2017-04-12,2017-04-11,858,frozen_train_only,True,train
7PAVX9CP,2017-04-12,2017-04-11,858,frozen_train_only,True,train
IVW8MQGN,2017-04-12,2017-04-11,858,frozen_train_only,True,train
1VHUPB8X,2017-04-12,2017-04-11,858,frozen_train_only,True,train
G5FN7I7T,2017-04-12,2017-04-11,858,frozen_train_only,True,train
OHVPXBSR,2017-04-12,2017-04-11,858,frozen_train_only,True,train
GHY9QZKG,2017-04-12,2017-04-11,858,frozen_train_only,True,train
M9RGVU1F,2017-04-12,2017-04-11,858,frozen_train_only,True,train
JBBJL4C2,2017-04-12,2017-04-11,858,frozen_train_only,True,train
HMI6RBK9,2017-04-12,2017-04-11,858,frozen_train_only,True,train
2EKGLB0Q,2017-04-12,2017-04-11,858,frozen_train_only,True,train
NBYPJR21,2017-04-12,2017-04-11,858,frozen_train_only,True,train
HYPZOTY8,2017-04-12,2017-04-11,858,frozen_train_only,True,train
31I0SB7T,2017-04-12,2017-04-11,858,frozen_train_only,True,train
UIDAJBAI,2017-04-12,2017-04-11,858,frozen_train_only,True,train
VO3C2LE4,2017-04-12,2017-04-11,858,frozen_train_only,True,train
UC7JT39Q,2017-04-12,2017-04-11,858,frozen_train_only,True,train
F1LLBOUV,2017-04-12,2017-04-11,858,frozen_train_only,True,train
7H9J8W50,2017-04-12,2017-04-11,858,frozen_train_only,True,train
8O03S3U3,2017-04-12,2017-04-11,858,frozen_train_only,True,train
TGQN6HTN,2017-04-12,2017-04-11,858,frozen_train_only,True,train
CPJK2600,2017-04-12,2017-04-11,858,frozen_train_only,True,train
TLXS1NB8,2017-04-12,2017-04-11,858,frozen_train_only,True,train
TRR34NSR,2017-04-12,2017-04-11,858,frozen_train_only,True,train
F2KINGVU,2017-04-12,2017-04-11,858,frozen_train_only,True,train
Q169CIK6,2017-04-12,2017-04-11,858,frozen_train_only,True,train
1QWG9VM6,2017-04-12,2017-04-11,858,frozen_train_only,True,train
8OHCCD42,2017-04-13,2017-04-12,879,frozen_train_only,True,train
QBCK25DV,2017-04-13,2017-04-12,879,frozen_train_only,True,train
8IEVY30X,2017-04-13,2017-04-12,879,frozen_train_only,True,train
6444O6DK,2017-04-13,2017-04-12,879,frozen_train_only,True,train
GNL7T2JP,2017-04-13,2017-04-12,879,frozen_train_only,True,train
V9YR14KW,2017-04-13,2017-04-12,879,frozen_train_only,True,train
24LP4J8U,2017-04-13,2017-04-12,879,frozen_train_only,True,train
37LTMWB0,2017-04-13,2017-04-12,879,frozen_train_only,True,train
8BH9RNZI,2017-04-13,2017-04-12,879,frozen_train_only,True,train
2ZU519Y6,2017-04-13,2017-04-12,879,frozen_train_only,True,train
ZESI2PFU,2017-04-13,2017-04-12,879,frozen_train_only,True,train
X8T4XLTY,2017-04-13,2017-04-12,879,frozen_train_only,True,train
OS2CD01K,2017-04-13,2017-04-12,879,frozen_train_only,True,train
JNKDEAG9,2017-04-13,2017-04-12,879,frozen_train_only,True,train
7MGVL7FC,2017-04-13,2017-04-12,879,frozen_train_only,True,train
IFJ2AE9R,2017-04-13,2017-04-12,879,frozen_train_only,True,train
HEDUIEUN,2017-04-13,2017-04-12,879,frozen_train_only,True,train
D3OST43E,2017-04-13,2017-04-12,879,frozen_train_only,True,train
9537WTHG,2017-04-13,2017-04-12,879,frozen_train_only,True,train
6PMHI9G4,2017-04-13,2017-04-12,879,frozen_train_only,True,train
H3ITKE4I,2017-04-13,2017-04-12,879,frozen_train_only,True,train
4RPUMZ9M,2017-04-13,2017-04-12,879,frozen_train_only,True,train
U9RFE81I,2017-04-13,2017-04-12,879,frozen_train_only,True,purged_train
4T2XENE2,2017-04-13,2017-04-12,879,frozen_train_only,True,train
LIFA0JYO,2017-04-13,2017-04-12,879,frozen_train_only,True,train
JQ8V4I1K,2017-04-13,2017-04-12,879,frozen_train_only,True,train
N5CCEEOY,2017-04-13,2017-04-12,879,frozen_train_only,True,train
C0SNGBJU,2017-04-13,2017-04-12,879,frozen_train_only,True,train
VN6JB8HU,2017-04-13,2017-04-12,879,frozen_train_only,True,train
JK4IB77I,2017-04-13,2017-04-12,879,frozen_train_only,True,train
XMEYATKB,2017-04-14,2017-04-13,899,frozen_train_only,True,train
IUDDK8Q0,2017-04-14,2017-04-13,899,frozen_train_only,True,train
YQXAY03C,2017-04-14,2017-04-13,899,frozen_train_only,True,train
QKQ5N9Z1,2017-04-14,2017-04-13,899,frozen_train_only,True,train
RZRRMWTH,2017-04-14,2017-04-13,899,frozen_train_only,True,train
JS9SCCJ3,2017-04-14,2017-04-13,899,frozen_train_only,True,train
WOBZWEPI,2017-04-14,2017-04-13,899,frozen_train_only,True,train
HBIQF55L,2017-04-14,2017-04-13,899,frozen_train_only,True,purged_train
V5XB0UPL,2017-04-14,2017-04-13,899,frozen_train_only,True,train
QW9JMUTD,2017-04-14,2017-04-13,899,frozen_train_only,True,train
7ODLTF4W,2017-04-14,2017-04-13,899,frozen_train_only,True,train
RUCPPMPY,2017-04-14,2017-04-13,899,frozen_train_only,True,train
SJHD5TFA,2017-04-14,2017-04-13,899,frozen_train_only,True,train
2B0QVPBT,2017-04-14,2017-04-13,899,frozen_train_only,True,train
YIZ1VQ3U,2017-04-14,2017-04-13,899,frozen_train_only,True,train
FMNSL9TP,2017-04-14,2017-04-13,899,frozen_train_only,True,train
8ZU8D508,2017-04-14,2017-04-13,899,frozen_train_only,True,train
NVDVFYGE,2017-04-14,2017-04-13,899,frozen_train_only,True,train
QQH0YV1W,2017-04-14,2017-04-13,899,frozen_train_only,True,train
IUNX2OMX,2017-04-14,2017-04-13,899,frozen_train_only,True,train
6WODV6KD,2017-04-14,2017-04-13,899,frozen_train_only,True,train
RTZFPWVN,2017-04-14,2017-04-13,899,frozen_train_only,True,train
VYDCTUAU,2017-04-14,2017-04-13,899,frozen_train_only,True,train
KYFONJP5,2017-04-14,2017-04-13,899,frozen_train_only,True,train
ANXSK3QV,2017-04-14,2017-04-13,899,frozen_train_only,True,train
7I6OHUE4,2017-04-15,2017-04-14,917,frozen_train_only,True,train
AY9NWO78,2017-04-15,2017-04-14,917,frozen_train_only,True,train
BEP06EN5,2017-04-15,2017-04-14,917,frozen_train_only,True,train
8H95X3AP,2017-04-15,2017-04-14,917,frozen_train_only,True,train
P7LVKDC9,2017-04-15,2017-04-14,917,frozen_train_only,True,train
QRVHBQSF,2017-04-15,2017-04-14,917,frozen_train_only,True,train
8KH8XJRE,2017-04-15,2017-04-14,917,frozen_train_only,True,train
YZ4AIQQR,2017-04-15,2017-04-14,917,frozen_train_only,True,train
R8CW1D6X,2017-04-15,2017-04-14,917,frozen_train_only,True,train
68KYNPDQ,2017-04-15,2017-04-14,917,frozen_train_only,True,train
9B0HGLRU,2017-04-15,2017-04-14,917,frozen_train_only,True,train
TN59K8NP,2017-04-15,2017-04-14,917,frozen_train_only,True,purged_train
3OBMD08T,2017-04-15,2017-04-14,917,frozen_train_only,True,train
5FWBETTO,2017-04-15,2017-04-14,917,frozen_train_only,True,train
UDTQF84C,2017-04-15,2017-04-14,917,frozen_train_only,True,train
35IRGXY3,2017-04-15,2017-04-14,917,frozen_train_only,True,train
YHRVQVPV,2017-04-15,2017-04-14,917,frozen_train_only,True,train
0PGJNCD7,2017-04-16,2017-04-15,940,frozen_train_only,True,train
7X7YIWJO,2017-04-16,2017-04-15,940,frozen_train_only,True,purged_train
2IO3IJPO,2017-04-16,2017-04-15,940,frozen_train_only,True,train
WCSJBX3N,2017-04-16,2017-04-15,940,frozen_train_only,True,train
FCNYDFK3,2017-04-16,2017-04-15,940,frozen_train_only,True,train
3Y26MZHI,2017-04-16,2017-04-15,940,frozen_train_only,True,train
P0BMLVSL,2017-04-16,2017-04-15,940,frozen_train_only,True,purged_train
QK5BW61U,2017-04-16,2017-04-15,940,frozen_train_only,True,purged_train
J3SZACNW,2017-04-16,2017-04-15,940,frozen_train_only,True,train
5SNTPPOV,2017-04-16,2017-04-15,940,frozen_train_only,True,train
D7F2AWWW,2017-04-16,2017-04-15,940,frozen_train_only,True,train
FUL5V96O,2017-04-16,2017-04-15,940,frozen_train_only,True,train
BWIWI1PC,2017-04-16,2017-04-15,940,frozen_train_only,True,train
GYBIACTC,2017-04-16,2017-04-15,940,frozen_train_only,True,train
VD6BP6T2,2017-04-16,2017-04-15,940,frozen_train_only,True,train
QA9XE19H,2017-04-16,2017-04-15,940,frozen_train_only,True,train
8ZYPSX66,2017-04-16,2017-04-15,940,frozen_train_only,True,train
0AN86YDG,2017-04-16,2017-04-15,940,frozen_train_only,True,train
VKXZ36VE,2017-04-16,2017-04-15,940,frozen_train_only,True,train
OJYFSZ2O,2017-04-16,2017-04-15,940,frozen_train_only,True,train
YGL1F8K1,2017-04-16,2017-04-15,940,frozen_train_only,True,train
C1WGTTYF,2017-04-16,2017-04-15,940,frozen_train_only,True,train
1OZWGQK9,2017-04-16,2017-04-15,940,frozen_train_only,True,train
EXICVP8C,2017-04-17,2017-04-16,965,frozen_train_only,True,train
DLXFY70W,2017-04-17,2017-04-16,965,frozen_train_only,True,train
GO7UM9AV,2017-04-17,2017-04-16,965,frozen_train_only,True,train
F5ITRBMX,2017-04-17,2017-04-16,965,frozen_train_only,True,purged_train
8KFFRJSS,2017-04-17,2017-04-16,965,frozen_train_only,True,train
38VRB2P1,2017-04-17,2017-04-16,965,frozen_train_only,True,train
9CGD5QSZ,2017-04-17,2017-04-16,965,frozen_train_only,True,train
UPZRAO84,2017-04-17,2017-04-16,965,frozen_train_only,True,train
BPCWRG9P,2017-04-17,2017-04-16,965,frozen_train_only,True,train
JE5085VJ,2017-04-17,2017-04-16,965,frozen_train_only,True,train
P5MLWDXX,2017-04-17,2017-04-16,965,frozen_train_only,True,train
IJ7AUTVC,2017-04-17,2017-04-16,965,frozen_train_only,True,train
84T104O7,2017-04-17,2017-04-16,965,frozen_train_only,True,train
0GXXCA37,2017-04-17,2017-04-16,965,frozen_train_only,True,train
9PCWAYWC,2017-04-17,2017-04-16,965,frozen_train_only,True,train
OJ0C7S3T,2017-04-17,2017-04-16,965,frozen_train_only,True,train
3VMC6PGJ,2017-04-17,2017-04-16,965,frozen_train_only,True,train
E2MWXGNG,2017-04-17,2017-04-16,965,frozen_train_only,True,train
QZ2E9TSL,2017-04-17,2017-04-16,965,frozen_train_only,True,purged_train
L3AYCTGW,2017-04-17,2017-04-16,965,frozen_train_only,True,train
IZ02GW0R,2017-04-17,2017-04-16,965,frozen_train_only,True,train
5AI9WG6M,2017-04-17,2017-04-16,965,frozen_train_only,True,train
Q1DFFYB5,2017-04-17,2017-04-16,965,frozen_train_only,True,train
XWZG5VPL,2017-04-17,2017-04-16,965,frozen_train_only,True,train
30FHAEJZ,2017-04-17,2017-04-16,965,frozen_train_only,True,train
AZOXWEKL,2017-04-17,2017-04-16,965,frozen_train_only,True,train
2NKZR4IM,2017-04-17,2017-04-16,965,frozen_train_only,True,train
3PPB3Q04,2017-04-17,2017-04-16,965,frozen_train_only,True,train
610UUEAG,2017-04-17,2017-04-16,965,frozen_train_only,True,train
FIYSM4E1,2017-04-17,2017-04-16,965,frozen_train_only,True,train
BCUR8B2A,2017-04-17,2017-04-16,965,frozen_train_only,True,train
8PGDRAH2,2017-04-17,2017-04-16,965,frozen_train_only,True,train
G1C9IG0T,2017-04-17,2017-04-16,965,frozen_train_only,True,train
G4B4Z525,2017-04-17,2017-04-16,965,frozen_train_only,True,train
J9SE3QJD,2017-04-17,2017-04-16,965,frozen_train_only,True,train
JORFI81C,2017-04-17,2017-04-16,965,frozen_train_only,True,train
GET2JILL,2017-04-17,2017-04-16,965,frozen_train_only,True,train
E3HJPDFZ,2017-04-17,2017-04-16,965,frozen_train_only,True,train
Q22714T0,2017-04-18,2017-04-17,979,frozen_train_only,True,train
FCGE8U5M,2017-04-18,2017-04-17,979,frozen_train_only,True,train
ROQBT7TM,2017-04-18,2017-04-17,979,frozen_train_only,True,train
WLFLY0BD,2017-04-18,2017-04-17,979,frozen_train_only,True,train
8S649LDO,2017-04-18,2017-04-17,979,frozen_train_only,True,train
JR7SC0S2,2017-04-18,2017-04-17,979,frozen_train_only,True,purged_train
MFGCEDXE,2017-04-18,2017-04-17,979,frozen_train_only,True,train
Y9Y4TXD9,2017-04-18,2017-04-17,979,frozen_train_only,True,train
ZKOGIB6R,2017-04-18,2017-04-17,979,frozen_train_only,True,train
Z353E8FR,2017-04-18,2017-04-17,979,frozen_train_only,True,train
IKJSXBY0,2017-04-18,2017-04-17,979,frozen_train_only,True,train
5SYJS0HS,2017-04-18,2017-04-17,979,frozen_train_only,True,train
UXOQQR39,2017-04-18,2017-04-17,979,frozen_train_only,True,train
J5DF2ZO1,2017-04-18,2017-04-17,979,frozen_train_only,True,train
HGF361RQ,2017-04-18,2017-04-17,979,frozen_train_only,True,train
9B8SPYAF,2017-04-18,2017-04-17,979,frozen_train_only,True,train
VTLI5HIE,2017-04-18,2017-04-17,979,frozen_train_only,True,train
N60UJ28O,2017-04-18,2017-04-17,979,frozen_train_only,True,train
R102IPTH,2017-04-18,2017-04-17,979,frozen_train_only,True,train
C9O4E52T,2017-04-18,2017-04-17,979,frozen_train_only,True,purged_train
CJP7LWRK,2017-04-18,2017-04-17,979,frozen_train_only,True,train
NHE1CETW,2017-04-18,2017-04-17,979,frozen_train_only,True,train
1O1GVZEU,2017-04-18,2017-04-17,979,frozen_train_only,True,train
2OQB2KPY,2017-04-18,2017-04-17,979,frozen_train_only,True,train
KK4VW0ZM,2017-04-18,2017-04-17,979,frozen_train_only,True,train
JHLG51ZI,2017-04-18,2017-04-17,979,frozen_train_only,True,train
TS4CB9TH,2017-04-18,2017-04-17,979,frozen_train_only,True,train
BH40KWV5,2017-04-18,2017-04-17,979,frozen_train_only,True,train
MMVHAEI3,2017-04-18,2017-04-17,979,frozen_train_only,True,train
PGRIPWHY,2017-04-18,2017-04-17,979,frozen_train_only,True,train
0VXUZU7P,2017-04-19,2017-04-18,1004,frozen_train_only,True,train
7B21SGQ8,2017-04-19,2017-04-18,1004,frozen_train_only,True,train
I6TVFB6J,2017-04-19,2017-04-18,1004,frozen_train_only,True,train
PHAFVDFO,2017-04-19,2017-04-18,1004,frozen_train_only,True,train
I6O855AE,2017-04-19,2017-04-18,1004,frozen_train_only,True,train
OUIK8VX3,2017-04-19,2017-04-18,1004,frozen_train_only,True,train
RYO875D0,2017-04-19,2017-04-18,1004,frozen_train_only,True,train
O5S6WEM7,2017-04-19,2017-04-18,1004,frozen_train_only,True,train
DJ2FHO68,2017-04-19,2017-04-18,1004,frozen_train_only,True,purged_train
5LHNRZD3,2017-04-19,2017-04-18,1004,frozen_train_only,True,train
URIKPDOJ,2017-04-19,2017-04-18,1004,frozen_train_only,True,train
U1J4YN0I,2017-04-19,2017-04-18,1004,frozen_train_only,True,train
QBUJF4I7,2017-04-19,2017-04-18,1004,frozen_train_only,True,train
99QIJAAP,2017-04-19,2017-04-18,1004,frozen_train_only,True,train
K127AFNP,2017-04-19,2017-04-18,1004,frozen_train_only,True,train
4K7PRO1B,2017-04-19,2017-04-18,1004,frozen_train_only,True,train
AYB7DWUH,2017-04-19,2017-04-18,1004,frozen_train_only,True,train
6CKXLPAR,2017-04-19,2017-04-18,1004,frozen_train_only,True,train
FQ2F717F,2017-04-19,2017-04-18,1004,frozen_train_only,True,purged_train
2SBP68CP,2017-04-19,2017-04-18,1004,frozen_train_only,True,train
LPGOTIM2,2017-04-20,2017-04-19,1026,frozen_train_only,True,train
LW8485Y2,2017-04-20,2017-04-19,1026,frozen_train_only,True,purged_train
UKLAKXP2,2017-04-20,2017-04-19,1026,frozen_train_only,True,train
4LLWRSBJ,2017-04-20,2017-04-19,1026,frozen_train_only,True,train
YYJILFBU,2017-04-20,2017-04-19,1026,frozen_train_only,True,train
AWVSWBQV,2017-04-20,2017-04-19,1026,frozen_train_only,True,train
VORZHQ40,2017-04-20,2017-04-19,1026,frozen_train_only,True,train
5QD09R7U,2017-04-20,2017-04-19,1026,frozen_train_only,True,train
ETISD84I,2017-04-20,2017-04-19,1026,frozen_train_only,True,train
K0T5LJ3E,2017-04-20,2017-04-19,1026,frozen_train_only,True,train
D5YLWCFW,2017-04-20,2017-04-19,1026,frozen_train_only,True,train
ZALE38AC,2017-04-20,2017-04-19,1026,frozen_train_only,True,train
T7MVQ9SX,2017-04-20,2017-04-19,1026,frozen_train_only,True,train
GTEFJL6U,2017-04-20,2017-04-19,1026,frozen_train_only,True,train
D7MYDHMF,2017-04-20,2017-04-19,1026,frozen_train_only,True,train
XAE858UJ,2017-04-20,2017-04-19,1026,frozen_train_only,True,train
WTCU9X9M,2017-04-20,2017-04-19,1026,frozen_train_only,True,train
0IF5FH68,2017-04-20,2017-04-19,1026,frozen_train_only,True,purged_train
QUGPSHY8,2017-04-20,2017-04-19,1026,frozen_train_only,True,train
QNFO4GX8,2017-04-20,2017-04-19,1026,frozen_train_only,True,train
H1NFMTJ4,2017-04-20,2017-04-19,1026,frozen_train_only,True,train
AUJ21SKT,2017-04-20,2017-04-19,1026,frozen_train_only,True,train
XIXNILOP,2017-04-20,2017-04-19,1026,frozen_train_only,True,train
M645P7NW,2017-04-20,2017-04-19,1026,frozen_train_only,True,train
UPAGB68Z,2017-04-20,2017-04-19,1026,frozen_train_only,True,train
7TCCYDR3,2017-04-20,2017-04-19,1026,frozen_train_only,True,train
H5662N5X,2017-04-20,2017-04-19,1026,frozen_train_only,True,train
07BT6PBZ,2017-04-20,2017-04-19,1026,frozen_train_only,True,train
N7FJ13VQ,2017-04-20,2017-04-19,1026,frozen_train_only,True,train
9UYDTR0R,2017-04-20,2017-04-19,1026,frozen_train_only,True,train
JOLRMB6X,2017-04-20,2017-04-19,1026,frozen_train_only,True,train
K8DHOJWM,2017-04-20,2017-04-19,1026,frozen_train_only,True,train
NKBIYNK5,2017-04-20,2017-04-19,1026,frozen_train_only,True,train
8MXI6J6N,2017-04-21,2017-04-20,1049,frozen_train_only,True,train
HRLYABOS,2017-04-21,2017-04-20,1049,frozen_train_only,True,purged_train
BTLXFPUB,2017-04-21,2017-04-20,1049,frozen_train_only,True,train
W7GVZL28,2017-04-21,2017-04-20,1049,frozen_train_only,True,train
HK1JJKQL,2017-04-21,2017-04-20,1049,frozen_train_only,True,train
D5TGHX3Y,2017-04-21,2017-04-20,1049,frozen_train_only,True,purged_train
HBXLK0B6,2017-04-21,2017-04-20,1049,frozen_train_only,True,train
PZ6TGFY6,2017-04-21,2017-04-20,1049,frozen_train_only,True,train
ETADSAC3,2017-04-21,2017-04-20,1049,frozen_train_only,True,train
8W206MO5,2017-04-21,2017-04-20,1049,frozen_train_only,True,train
Z9SY11HK,2017-04-21,2017-04-20,1049,frozen_train_only,True,train
6YIW81M9,2017-04-21,2017-04-20,1049,frozen_train_only,True,train
0XI051FP,2017-04-21,2017-04-20,1049,frozen_train_only,True,train
TBPGQYF8,2017-04-21,2017-04-20,1049,frozen_train_only,True,train
7CC38V2J,2017-04-21,2017-04-20,1049,frozen_train_only,True,train
PC2V729V,2017-04-21,2017-04-20,1049,frozen_train_only,True,train
7AOZ2F9R,2017-04-21,2017-04-20,1049,frozen_train_only,True,train
7I7BZHHT,2017-04-21,2017-04-20,1049,frozen_train_only,True,train
79DYTU8Y,2017-04-21,2017-04-20,1049,frozen_train_only,True,train
V4HYSJS2,2017-04-21,2017-04-20,1049,frozen_train_only,True,train
1L6M83Q5,2017-04-21,2017-04-20,1049,frozen_train_only,True,train
POFA8BWL,2017-04-21,2017-04-20,1049,frozen_train_only,True,train
AKXBF6IQ,2017-04-21,2017-04-20,1049,frozen_train_only,True,train
VD94D677,2017-04-21,2017-04-20,1049,frozen_train_only,True,train
EBUJQ571,2017-04-21,2017-04-20,1049,frozen_train_only,True,purged_train
Z2M1XXEK,2017-04-21,2017-04-20,1049,frozen_train_only,True,train
RBOI8DLQ,2017-04-21,2017-04-20,1049,frozen_train_only,True,train
OI6UHCTN,2017-04-21,2017-04-20,1049,frozen_train_only,True,train
LTOKXFP1,2017-04-21,2017-04-20,1049,frozen_train_only,True,train
JV6PZSN6,2017-04-22,2017-04-21,1064,frozen_train_only,True,train
9EGAFG1B,2017-04-22,2017-04-21,1064,frozen_train_only,True,train
VPSJHIAA,2017-04-22,2017-04-21,1064,frozen_train_only,True,train
MJF4D19K,2017-04-22,2017-04-21,1064,frozen_train_only,True,train
JR4WED6G,2017-04-22,2017-04-21,1064,frozen_train_only,True,train
GC4YH9D0,2017-04-22,2017-04-21,1064,frozen_train_only,True,purged_train
2ZUL1AAV,2017-04-22,2017-04-21,1064,frozen_train_only,True,train
8CUN8O4Z,2017-04-22,2017-04-21,1064,frozen_train_only,True,train
AMX2BM39,2017-04-22,2017-04-21,1064,frozen_train_only,True,train
FK3NS3EW,2017-04-22,2017-04-21,1064,frozen_train_only,True,train
3AB31BUU,2017-04-22,2017-04-21,1064,frozen_train_only,True,train
ZQ7TYNUV,2017-04-22,2017-04-21,1064,frozen_train_only,True,train
2PCPSBP9,2017-04-22,2017-04-21,1064,frozen_train_only,True,train
E223LSRZ,2017-04-22,2017-04-21,1064,frozen_train_only,True,train
SW75F1Q1,2017-04-22,2017-04-21,1064,frozen_train_only,True,train
0Z6MNUF2,2017-04-22,2017-04-21,1064,frozen_train_only,True,train
HWD8ELR9,2017-04-22,2017-04-21,1064,frozen_train_only,True,train
XJI41C0L,2017-04-22,2017-04-21,1064,frozen_train_only,True,train
9FWCMMM3,2017-04-22,2017-04-21,1064,frozen_train_only,True,train
XPDLW6F0,2017-04-22,2017-04-21,1064,frozen_train_only,True,train
NCL2AJUL,2017-04-23,2017-04-22,1086,frozen_train_only,True,purged_train
1E2LYCWP,2017-04-23,2017-04-22,1086,frozen_train_only,True,train
NZPZ87IX,2017-04-23,2017-04-22,1086,frozen_train_only,True,train
SDJDM8RI,2017-04-23,2017-04-22,1086,frozen_train_only,True,purged_train
O64JQPJ2,2017-04-23,2017-04-22,1086,frozen_train_only,True,train
I18DIO6O,2017-04-23,2017-04-22,1086,frozen_train_only,True,train
8W464DG6,2017-04-23,2017-04-22,1086,frozen_train_only,True,train
FI5OA7O6,2017-04-23,2017-04-22,1086,frozen_train_only,True,train
AT6SDVJ5,2017-04-23,2017-04-22,1086,frozen_train_only,True,purged_train
YDBPPU6J,2017-04-23,2017-04-22,1086,frozen_train_only,True,train
L6PCVRJS,2017-04-23,2017-04-22,1086,frozen_train_only,True,train
UO6R0X7G,2017-04-23,2017-04-22,1086,frozen_train_only,True,train
PC38XXQN,2017-04-23,2017-04-22,1086,frozen_train_only,True,purged_train
7EBT21IA,2017-04-23,2017-04-22,1086,frozen_train_only,True,train
M7W3E298,2017-04-23,2017-04-22,1086,frozen_train_only,True,train
MCRDLBIE,2017-04-23,2017-04-22,1086,frozen_train_only,True,train
JW4K9O5H,2017-04-23,2017-04-22,1086,frozen_train_only,True,train
FX54MQFC,2017-04-23,2017-04-22,1086,frozen_train_only,True,train
A2C5O4EN,2017-04-23,2017-04-22,1086,frozen_train_only,True,train
79G6725X,2017-04-23,2017-04-22,1086,frozen_train_only,True,train
GM6C1UK3,2017-04-23,2017-04-22,1086,frozen_train_only,True,train
6VET70WX,2017-04-23,2017-04-22,1086,frozen_train_only,True,train
UQO59R6N,2017-04-23,2017-04-22,1086,frozen_train_only,True,purged_train
HEOTZFII,2017-04-23,2017-04-22,1086,frozen_train_only,True,train
8V4PEF5D,2017-04-23,2017-04-22,1086,frozen_train_only,True,train
7RJMI3GC,2017-04-23,2017-04-22,1086,frozen_train_only,True,train
2ZEFCKS3,2017-04-23,2017-04-22,1086,frozen_train_only,True,purged_train
3EGE42CM,2017-04-23,2017-04-22,1086,frozen_train_only,True,train
APWT2PFU,2017-04-23,2017-04-22,1086,frozen_train_only,True,train
SUT0ZGFM,2017-04-23,2017-04-22,1086,frozen_train_only,True,train
PTCP8RP4,2017-04-23,2017-04-22,1086,frozen_train_only,True,train
QRFKRSKS,2017-04-23,2017-04-22,1086,frozen_train_only,True,purged_train
J82TWNI7,2017-04-23,2017-04-22,1086,frozen_train_only,True,purged_train
DSIX9DGZ,2017-04-23,2017-04-22,1086,frozen_train_only,True,train
64WCPKZ1,2017-04-23,2017-04-22,1086,frozen_train_only,True,train
D3G7ER0D,2017-04-23,2017-04-22,1086,frozen_train_only,True,train
LITG1BL1,2017-04-23,2017-04-22,1086,frozen_train_only,True,train
7FKONHLX,2017-04-24,2017-04-23,1102,frozen_train_only,True,train
S439SXI1,2017-04-24,2017-04-23,1102,frozen_train_only,True,purged_train
SG1T9M5F,2017-04-24,2017-04-23,1102,frozen_train_only,True,train
SLP4PTFK,2017-04-24,2017-04-23,1102,frozen_train_only,True,train
X3S5O9LJ,2017-04-24,2017-04-23,1102,frozen_train_only,True,train
ZA6AJ0N1,2017-04-24,2017-04-23,1102,frozen_train_only,True,purged_train
QGBMWIO6,2017-04-24,2017-04-23,1102,frozen_train_only,True,train
T361XRAQ,2017-04-24,2017-04-23,1102,frozen_train_only,True,train
GWRN1R49,2017-04-24,2017-04-23,1102,frozen_train_only,True,train
Q0KYIEKA,2017-04-24,2017-04-23,1102,frozen_train_only,True,train
2K7R3QHZ,2017-04-24,2017-04-23,1102,frozen_train_only,True,purged_train
WUWOHRX2,2017-04-24,2017-04-23,1102,frozen_train_only,True,train
2OPR77CI,2017-04-24,2017-04-23,1102,frozen_train_only,True,train
EO481IOJ,2017-04-24,2017-04-23,1102,frozen_train_only,True,train
1VIKWVHD,2017-04-24,2017-04-23,1102,frozen_train_only,True,purged_train
UOXKC4UG,2017-04-24,2017-04-23,1102,frozen_train_only,True,purged_train
RDF2R9F8,2017-04-24,2017-04-23,1102,frozen_train_only,True,train
196BHHOS,2017-04-24,2017-04-23,1102,frozen_train_only,True,train
EYZ1MNSS,2017-04-25,2017-04-24,1127,frozen_train_only,True,train
KFVI73X6,2017-04-25,2017-04-24,1127,frozen_train_only,True,train
88R4UBAN,2017-04-25,2017-04-24,1127,frozen_train_only,True,train
08EX3XKE,2017-04-25,2017-04-24,1127,frozen_train_only,True,train
4DK84UMX,2017-04-25,2017-04-24,1127,frozen_train_only,True,train
735GFCU0,2017-04-25,2017-04-24,1127,frozen_train_only,True,train
2L8LJJRJ,2017-04-25,2017-04-24,1127,frozen_train_only,True,purged_train
2EO70V27,2017-04-25,2017-04-24,1127,frozen_train_only,True,train
7KU6B599,2017-04-25,2017-04-24,1127,frozen_train_only,True,purged_train
PNBSQPBR,2017-04-25,2017-04-24,1127,frozen_train_only,True,train
S87Y1DOY,2017-04-25,2017-04-24,1127,frozen_train_only,True,train
EUE812O3,2017-04-25,2017-04-24,1127,frozen_train_only,True,train
OBE9NAIO,2017-04-25,2017-04-24,1127,frozen_train_only,True,train
7CTCDP9S,2017-04-25,2017-04-24,1127,frozen_train_only,True,train
XE84LNAS,2017-04-25,2017-04-24,1127,frozen_train_only,True,train
QRW4NKCY,2017-04-25,2017-04-24,1127,frozen_train_only,True,purged_train
RD0L0NJG,2017-04-25,2017-04-24,1127,frozen_train_only,True,train
PEPOKEFV,2017-04-26,2017-04-25,1143,frozen_train_only,True,purged_train
M16WB7N8,2017-04-26,2017-04-25,1143,frozen_train_only,True,purged_train
JHVY8I1M,2017-04-26,2017-04-25,1143,frozen_train_only,True,train
E59MLGMH,2017-04-26,2017-04-25,1143,frozen_train_only,True,train
VGIIK8MS,2017-04-26,2017-04-25,1143,frozen_train_only,True,train
BTM58SCH,2017-04-26,2017-04-25,1143,frozen_train_only,True,purged_train
HVVED5ZC,2017-04-26,2017-04-25,1143,frozen_train_only,True,purged_train
HE5988NI,2017-04-26,2017-04-25,1143,frozen_train_only,True,purged_train
N5QER189,2017-04-26,2017-04-25,1143,frozen_train_only,True,train
AEMTQ0GH,2017-04-26,2017-04-25,1143,frozen_train_only,True,train
3KSHTB4P,2017-04-26,2017-04-25,1143,frozen_train_only,True,train
XPJQBSLV,2017-04-26,2017-04-25,1143,frozen_train_only,True,train
ZZI8GUEM,2017-04-26,2017-04-25,1143,frozen_train_only,True,train
HBWY3B48,2017-04-26,2017-04-25,1143,frozen_train_only,True,train
ZBAMKTFX,2017-04-26,2017-04-25,1143,frozen_train_only,True,purged_train
SICU0A7Z,2017-04-26,2017-04-25,1143,frozen_train_only,True,train
H7GBGRSO,2017-04-26,2017-04-25,1143,frozen_train_only,True,train
RLAGB32O,2017-04-26,2017-04-25,1143,frozen_train_only,True,train
NYLCZ28K,2017-04-26,2017-04-25,1143,frozen_train_only,True,purged_train
3LO8XJBY,2017-04-26,2017-04-25,1143,frozen_train_only,True,train
YMMQA65I,2017-04-26,2017-04-25,1143,frozen_train_only,True,train
I8A539VV,2017-04-26,2017-04-25,1143,frozen_train_only,True,train
DJF1XMC4,2017-04-27,2017-04-26,1153,frozen_train_only,True,train
NCDZRUZD,2017-04-27,2017-04-26,1153,frozen_train_only,True,train
UXNB9OIB,2017-04-27,2017-04-26,1153,frozen_train_only,True,train
XWW6KUG0,2017-04-27,2017-04-26,1153,frozen_train_only,True,train
ZXUNLSOB,2017-04-27,2017-04-26,1153,frozen_train_only,True,train
MZILPLUE,2017-04-27,2017-04-26,1153,frozen_train_only,True,train
MUYUSTKF,2017-04-27,2017-04-26,1153,frozen_train_only,True,purged_train
7QIU2BCK,2017-04-27,2017-04-26,1153,frozen_train_only,True,purged_train
F749HRQ5,2017-04-27,2017-04-26,1153,frozen_train_only,True,train
5ICV1IBY,2017-04-27,2017-04-26,1153,frozen_train_only,True,purged_train
H1O491SG,2017-04-27,2017-04-26,1153,frozen_train_only,True,purged_train
ODIX25WY,2017-04-27,2017-04-26,1153,frozen_train_only,True,purged_train
IRBQH4FY,2017-04-27,2017-04-26,1153,frozen_train_only,True,train
ZKVVWZ8T,2017-04-27,2017-04-26,1153,frozen_train_only,True,train
ZTT02VDQ,2017-04-27,2017-04-26,1153,frozen_train_only,True,train
SAGXC5PF,2017-04-27,2017-04-26,1153,frozen_train_only,True,purged_train
J5QLUH5O,2017-04-27,2017-04-26,1153,frozen_train_only,True,train
GIIKA5B9,2017-04-27,2017-04-26,1153,frozen_train_only,True,train
WX8KQPCM,2017-04-27,2017-04-26,1153,frozen_train_only,True,train
0CSJCW8I,2017-04-27,2017-04-26,1153,frozen_train_only,True,train
0WRMY7IX,2017-04-27,2017-04-26,1153,frozen_train_only,True,train
N6185PK0,2017-04-27,2017-04-26,1153,frozen_train_only,True,train
FQ4QOS8U,2017-04-28,2017-04-27,1172,frozen_train_only,True,train
XW9U35NQ,2017-04-28,2017-04-27,1172,frozen_train_only,True,purged_train
066V2ZGP,2017-04-28,2017-04-27,1172,frozen_train_only,True,purged_train
YUH42UOF,2017-04-28,2017-04-27,1172,frozen_train_only,True,train
XZF4GG94,2017-04-28,2017-04-27,1172,frozen_train_only,True,train
QAKLPDKQ,2017-04-28,2017-04-27,1172,frozen_train_only,True,train
731TOWDY,2017-04-28,2017-04-27,1172,frozen_train_only,True,train
KOI7M0RU,2017-04-28,2017-04-27,1172,frozen_train_only,True,purged_train
KXY0TY2K,2017-04-28,2017-04-27,1172,frozen_train_only,True,train
UNSJJUY4,2017-04-28,2017-04-27,1172,frozen_train_only,True,purged_train
XNO6DQPU,2017-04-28,2017-04-27,1172,frozen_train_only,True,train
A2HLNPEL,2017-04-28,2017-04-27,1172,frozen_train_only,True,train
NENHRB3K,2017-04-28,2017-04-27,1172,frozen_train_only,True,train
PE3CL3ME,2017-04-28,2017-04-27,1172,frozen_train_only,True,train
IE6TPFU9,2017-04-29,2017-04-28,1192,frozen_train_only,True,train
WWTJ5PNC,2017-04-29,2017-04-28,1192,frozen_train_only,True,train
DH9CHQ02,2017-04-29,2017-04-28,1192,frozen_train_only,True,train
S2ZN5NLA,2017-04-29,2017-04-28,1192,frozen_train_only,True,train
NEM0GXXH,2017-04-29,2017-04-28,1192,frozen_train_only,True,train
E8LO9APO,2017-04-29,2017-04-28,1192,frozen_train_only,True,train
EQZGV36H,2017-04-29,2017-04-28,1192,frozen_train_only,True,purged_train
FZ1TTF0X,2017-04-29,2017-04-28,1192,frozen_train_only,True,train
DG6RIZ6R,2017-04-29,2017-04-28,1192,frozen_train_only,True,purged_train
DH6L7VA6,2017-04-29,2017-04-28,1192,frozen_train_only,True,train
9SBO74M5,2017-04-30,2017-04-29,1213,frozen_train_only,True,purged_train
WHHVN372,2017-04-30,2017-04-29,1213,frozen_train_only,True,purged_train
PJKAJVUG,2017-04-30,2017-04-29,1213,frozen_train_only,True,train
FWTNRN0L,2017-04-30,2017-04-29,1213,frozen_train_only,True,purged_train
TTNORNQI,2017-04-30,2017-04-29,1213,frozen_train_only,True,purged_train
BGQ2F0HA,2017-04-30,2017-04-29,1213,frozen_train_only,True,train
CY33L07I,2017-04-30,2017-04-29,1213,frozen_train_only,True,train
JGXLR3H3,2017-04-30,2017-04-29,1213,frozen_train_only,True,purged_train
ZNFFFJ1T,2017-04-30,2017-04-29,1213,frozen_train_only,True,purged_train
T5JO33V3,2017-04-30,2017-04-29,1213,frozen_train_only,True,purged_train
V7Y78MPU,2017-04-30,2017-04-29,1213,frozen_train_only,True,purged_train
CNO8JPLA,2017-04-30,2017-04-29,1213,frozen_train_only,True,train
Y5OTY9O5,2017-04-30,2017-04-29,1213,frozen_train_only,True,train
I81SUA2R,2017-04-30,2017-04-29,1213,frozen_train_only,True,purged_train
2UHH7PD3,2017-04-30,2017-04-29,1213,frozen_train_only,True,train
AZZEZKBN,2017-05-01,2017-04-30,1233,frozen_train_only,True,train
443ATESI,2017-05-01,2017-04-30,1233,frozen_train_only,True,purged_train
4UN65HWV,2017-05-01,2017-04-30,1233,frozen_train_only,True,purged_train
E5NRH4BP,2017-05-01,2017-04-30,1233,frozen_train_only,True,train
NK438B9U,2017-05-01,2017-04-30,1233,frozen_train_only,True,train
KCTYAQOR,2017-05-01,2017-04-30,1233,frozen_train_only,True,purged_train
RCNTHN0E,2017-05-01,2017-04-30,1233,frozen_train_only,True,purged_train
ZIFDD41D,2017-05-01,2017-04-30,1233,frozen_train_only,True,purged_train
A5BVV5P8,2017-05-01,2017-04-30,1233,frozen_train_only,True,train
JQNSK78U,2017-05-01,2017-04-30,1233,frozen_train_only,True,train
C3OOZUTI,2017-05-01,2017-04-30,1233,frozen_train_only,True,train
FI0I7E73,2017-05-01,2017-04-30,1233,frozen_train_only,True,train
523458T9,2017-05-01,2017-04-30,1233,frozen_train_only,True,train
7FY0HBH7,2017-05-01,2017-04-30,1233,frozen_train_only,True,train
GAIFPSU2,2017-05-01,2017-04-30,1233,frozen_train_only,True,train
GBSK2HX8,2017-05-02,2017-05-01,1253,frozen_train_only,True,train
59FN87JP,2017-05-02,2017-05-01,1253,frozen_train_only,True,train
OJ92D9QU,2017-05-02,2017-05-01,1253,frozen_train_only,True,purged_train
GYKFAK7W,2017-05-02,2017-05-01,1253,frozen_train_only,True,train
GXBV5VYA,2017-05-02,2017-05-01,1253,frozen_train_only,True,train
VXWUALY5,2017-05-02,2017-05-01,1253,frozen_train_only,True,train
IUDG3PF0,2017-05-02,2017-05-01,1253,frozen_train_only,True,purged_train
DNUTJO70,2017-05-02,2017-05-01,1253,frozen_train_only,True,train
I631R5DT,2017-05-02,2017-05-01,1253,frozen_train_only,True,train
V9XJAZPC,2017-05-02,2017-05-01,1253,frozen_train_only,True,train
OJPTGB57,2017-05-02,2017-05-01,1253,frozen_train_only,True,train
QYTGB5LA,2017-05-02,2017-05-01,1253,frozen_train_only,True,purged_train
UCNEMT8P,2017-05-02,2017-05-01,1253,frozen_train_only,True,purged_train
7DDJHUWU,2017-05-02,2017-05-01,1253,frozen_train_only,True,train
KOFE244J,2017-05-03,2017-05-02,1282,frozen_train_only,True,purged_train
D3JR6WFQ,2017-05-03,2017-05-02,1282,frozen_train_only,True,train
OJMME9V9,2017-05-03,2017-05-02,1282,frozen_train_only,True,purged_train
79IN4OVP,2017-05-03,2017-05-02,1282,frozen_train_only,True,purged_train
2NPSMBLK,2017-05-03,2017-05-02,1282,frozen_train_only,True,purged_train
NLKPA1KP,2017-05-03,2017-05-02,1282,frozen_train_only,True,purged_train
38EYB40T,2017-05-03,2017-05-02,1282,frozen_train_only,True,train
3FZVCDW0,2017-05-03,2017-05-02,1282,frozen_train_only,True,train
2NTWE1G4,2017-05-03,2017-05-02,1282,frozen_train_only,True,train
SHGSBZU8,2017-05-03,2017-05-02,1282,frozen_train_only,True,train
AETY0W6G,2017-05-03,2017-05-02,1282,frozen_train_only,True,train
A7F5O29R,2017-05-03,2017-05-02,1282,frozen_train_only,True,purged_train
MIYAP26S,2017-05-03,2017-05-02,1282,frozen_train_only,True,train
IEZCZAKT,2017-05-03,2017-05-02,1282,frozen_train_only,True,train
PDMWTS8O,2017-05-04,2017-05-03,1296,frozen_train_only,True,train
OPEICJES,2017-05-04,2017-05-03,1296,frozen_train_only,True,train
10UN7LA8,2017-05-04,2017-05-03,1296,frozen_train_only,True,train
C2W2VHJY,2017-05-04,2017-05-03,1296,frozen_train_only,True,purged_train
Z032GGRE,2017-05-04,2017-05-03,1296,frozen_train_only,True,purged_train
I8WTUMTA,2017-05-04,2017-05-03,1296,frozen_train_only,True,purged_train
P05J08B4,2017-05-04,2017-05-03,1296,frozen_train_only,True,train
GVCMT0GZ,2017-05-04,2017-05-03,1296,frozen_train_only,True,purged_train
58SGEGN8,2017-05-04,2017-05-03,1296,frozen_train_only,True,train
LZLXBQ0I,2017-05-04,2017-05-03,1296,frozen_train_only,True,purged_train
1L2S3CMT,2017-05-04,2017-05-03,1296,frozen_train_only,True,purged_train
CE852VBF,2017-05-04,2017-05-03,1296,frozen_train_only,True,purged_train
KTX7ETCE,2017-05-04,2017-05-03,1296,frozen_train_only,True,purged_train
JEPAVEO7,2017-05-04,2017-05-03,1296,frozen_train_only,True,train
4T9CQH5J,2017-05-04,2017-05-03,1296,frozen_train_only,True,purged_train
51T70SQX,2017-05-04,2017-05-03,1296,frozen_train_only,True,train
SUYF0EN7,2017-05-04,2017-05-03,1296,frozen_train_only,True,purged_train
S2D060YF,2017-05-04,2017-05-03,1296,frozen_train_only,True,purged_train
DE5WRZ6B,2017-05-04,2017-05-03,1296,frozen_train_only,True,purged_train
N6CXTO48,2017-05-04,2017-05-03,1296,frozen_train_only,True,train
4Z7B0OQB,2017-05-05,2017-05-04,1324,frozen_train_only,True,purged_train
70TRVHOM,2017-05-05,2017-05-04,1324,frozen_train_only,True,purged_train
0G0S9TB8,2017-05-05,2017-05-04,1324,frozen_train_only,True,purged_train
U43RA5W8,2017-05-05,2017-05-04,1324,frozen_train_only,True,train
SOE904XE,2017-05-05,2017-05-04,1324,frozen_train_only,True,purged_train
C64JTLGO,2017-05-05,2017-05-04,1324,frozen_train_only,True,train
F9XJYM9F,2017-05-05,2017-05-04,1324,frozen_train_only,True,purged_train
XWN6WWOD,2017-05-05,2017-05-04,1324,frozen_train_only,True,purged_train
17MPPMM0,2017-05-05,2017-05-04,1324,frozen_train_only,True,train
FV6PHMQW,2017-05-05,2017-05-04,1324,frozen_train_only,True,train
NX2K0HQ9,2017-05-05,2017-05-04,1324,frozen_train_only,True,purged_train
T5GZDRDE,2017-05-05,2017-05-04,1324,frozen_train_only,True,train
91G2ZW58,2017-05-05,2017-05-04,1324,frozen_train_only,True,train
H2PEIFZH,2017-05-05,2017-05-04,1324,frozen_train_only,True,train
V8M89S4W,2017-05-05,2017-05-04,1324,frozen_train_only,True,train
5QR02PQI,2017-05-05,2017-05-04,1324,frozen_train_only,True,train
WB974HS4,2017-05-05,2017-05-04,1324,frozen_train_only,True,purged_train
L6VDDXFV,2017-05-05,2017-05-04,1324,frozen_train_only,True,train
B0MOQZVN,2017-05-05,2017-05-04,1324,frozen_train_only,True,train
09C4GR2W,2017-05-05,2017-05-04,1324,frozen_train_only,True,purged_train
6YN4FZHL,2017-05-05,2017-05-04,1324,frozen_train_only,True,purged_train
45CION64,2017-05-05,2017-05-04,1324,frozen_train_only,True,purged_train
BSQRXW4X,2017-05-05,2017-05-04,1324,frozen_train_only,True,train
PYEQPW42,2017-05-06,2017-05-05,1353,frozen_train_only,True,train
5NW73ZRY,2017-05-06,2017-05-05,1353,frozen_train_only,True,train
0P8NFYML,2017-05-06,2017-05-05,1353,frozen_train_only,True,train
1Y9KPBXY,2017-05-06,2017-05-05,1353,frozen_train_only,True,purged_train
0AR9HD16,2017-05-06,2017-05-05,1353,frozen_train_only,True,purged_train
Q72BVH8T,2017-05-06,2017-05-05,1353,frozen_train_only,True,train
OH7VVUY0,2017-05-06,2017-05-05,1353,frozen_train_only,True,train
4DPSFUEC,2017-05-06,2017-05-05,1353,frozen_train_only,True,train
BB7JH1C4,2017-05-06,2017-05-05,1353,frozen_train_only,True,train
FLJCJ7IE,2017-05-06,2017-05-05,1353,frozen_train_only,True,train
7T109BBY,2017-05-06,2017-05-05,1353,frozen_train_only,True,train
4JVY843T,2017-05-06,2017-05-05,1353,frozen_train_only,True,train
INI33ALF,2017-05-06,2017-05-05,1353,frozen_train_only,True,train
D3M1KUQ2,2017-05-06,2017-05-05,1353,frozen_train_only,True,train
NOO83M87,2017-05-06,2017-05-05,1353,frozen_train_only,True,purged_train
8G9Q7NXD,2017-05-06,2017-05-05,1353,frozen_train_only,True,purged_train
IRCBYH9Z,2017-05-07,2017-05-06,1386,frozen_train_only,True,purged_train
559PYA0L,2017-05-07,2017-05-06,1386,frozen_train_only,True,train
237L2CSV,2017-05-07,2017-05-06,1386,frozen_train_only,True,train
AS7MJ0S1,2017-05-07,2017-05-06,1386,frozen_train_only,True,train
INAEAAI9,2017-05-07,2017-05-06,1386,frozen_train_only,True,purged_train
1XNXJUQM,2017-05-07,2017-05-06,1386,frozen_train_only,True,purged_train
Z64MQTF2,2017-05-07,2017-05-06,1386,frozen_train_only,True,purged_train
BM0QXHMH,2017-05-07,2017-05-06,1386,frozen_train_only,True,purged_train
ARY1F1KN,2017-05-07,2017-05-06,1386,frozen_train_only,True,train
XPCDFUDY,2017-05-07,2017-05-06,1386,frozen_train_only,True,purged_train
VDOUNMRC,2017-05-07,2017-05-06,1386,frozen_train_only,True,purged_train
TEKCKT3V,2017-05-07,2017-05-06,1386,frozen_train_only,True,purged_train
1WJT7CM8,2017-05-07,2017-05-06,1386,frozen_train_only,True,purged_train
96A1GDXO,2017-05-07,2017-05-06,1386,frozen_train_only,True,purged_train
AAU2IQFW,2017-05-07,2017-05-06,1386,frozen_train_only,True,purged_train
PRHL94PK,2017-05-07,2017-05-06,1386,frozen_train_only,True,purged_train
3WC1FUFP,2017-05-08,2017-05-07,1403,frozen_train_only,True,train
SHG8Y43V,2017-05-08,2017-05-07,1403,frozen_train_only,True,train
1O2ZN81M,2017-05-08,2017-05-07,1403,frozen_train_only,True,train
J6T6BTJI,2017-05-08,2017-05-07,1403,frozen_train_only,True,purged_train
0WO582AV,2017-05-08,2017-05-07,1403,frozen_train_only,True,purged_train
JTTLDM4E,2017-05-08,2017-05-07,1403,frozen_train_only,True,purged_train
8KQH5XI1,2017-05-08,2017-05-07,1403,frozen_train_only,True,purged_train
1Q5XFO8D,2017-05-08,2017-05-07,1403,frozen_train_only,True,purged_train
A3PNPLTG,2017-05-08,2017-05-07,1403,frozen_train_only,True,train
03CWYGC9,2017-05-08,2017-05-07,1403,frozen_train_only,True,purged_train
FSEF5ZR9,2017-05-08,2017-05-07,1403,frozen_train_only,True,purged_train
N23C5EKK,2017-05-08,2017-05-07,1403,frozen_train_only,True,train
S9K81CWS,2017-05-08,2017-05-07,1403,frozen_train_only,True,purged_train
PJ00PLEU,2017-05-08,2017-05-07,1403,frozen_train_only,True,train
3F8AA8RT,2017-05-08,2017-05-07,1403,frozen_train_only,True,purged_train
4NAHJMYM,2017-05-08,2017-05-07,1403,frozen_train_only,True,purged_train
6KVOMBDJ,2017-05-08,2017-05-07,1403,frozen_train_only,True,train
TFS5SYN2,2017-05-08,2017-05-07,1403,frozen_train_only,True,train
N7KJ821I,2017-05-08,2017-05-07,1403,frozen_train_only,True,purged_train
YCKKT5ME,2017-05-08,2017-05-07,1403,frozen_train_only,True,purged_train
HI2E8TBI,2017-05-08,2017-05-07,1403,frozen_train_only,True,train
Q54L8P6I,2017-05-08,2017-05-07,1403,frozen_train_only,True,train
XSB7IN6X,2017-05-09,2017-05-08,1431,frozen_train_only,True,purged_train
FQW15KC4,2017-05-09,2017-05-08,1431,frozen_train_only,True,train
G17H7YXA,2017-05-09,2017-05-08,1431,frozen_train_only,True,purged_train
XOE5EU8U,2017-05-09,2017-05-08,1431,frozen_train_only,True,purged_train
WEB7LYK0,2017-05-09,2017-05-08,1431,frozen_train_only,True,train
N4Z3QYK7,2017-05-09,2017-05-08,1431,frozen_train_only,True,train
JECCHO49,2017-05-09,2017-05-08,1431,frozen_train_only,True,train
QUOU67L5,2017-05-09,2017-05-08,1431,frozen_train_only,True,purged_train
SSZHMEE3,2017-05-09,2017-05-08,1431,frozen_train_only,True,train
WUE92JFJ,2017-05-09,2017-05-08,1431,frozen_train_only,True,train
EYNZMBI0,2017-05-09,2017-05-08,1431,frozen_train_only,True,purged_train
LPOOKZCQ,2017-05-09,2017-05-08,1431,frozen_train_only,True,purged_train
OCHUEK3V,2017-05-09,2017-05-08,1431,frozen_train_only,True,train
DU0DYV80,2017-05-09,2017-05-08,1431,frozen_train_only,True,train
3C5KXGO6,2017-05-09,2017-05-08,1431,frozen_train_only,True,train
95532CI0,2017-05-09,2017-05-08,1431,frozen_train_only,True,train
Q0MRZHN7,2017-05-09,2017-05-08,1431,frozen_train_only,True,train
WAN7I53E,2017-05-09,2017-05-08,1431,frozen_train_only,True,train
6C1DLYBH,2017-05-09,2017-05-08,1431,frozen_train_only,True,purged_train
ZC3UEHXG,2017-05-09,2017-05-08,1431,frozen_train_only,True,train
HJBVO8T4,2017-05-09,2017-05-08,1431,frozen_train_only,True,train
5CJQB25J,2017-05-09,2017-05-08,1431,frozen_train_only,True,purged_train
O22S564Y,2017-05-09,2017-05-08,1431,frozen_train_only,True,train
UO62J3M0,2017-05-09,2017-05-08,1431,frozen_train_only,True,train
KLZ95C62,2017-05-10,2017-05-09,1459,frozen_train_only,True,purged_train
ROBBKT4T,2017-05-10,2017-05-09,1459,frozen_train_only,True,purged_train
FPTY1B79,2017-05-10,2017-05-09,1459,frozen_train_only,True,train
AP3405RD,2017-05-10,2017-05-09,1459,frozen_train_only,True,train
AVZ1BG3K,2017-05-10,2017-05-09,1459,frozen_train_only,True,train
FXLA39YR,2017-05-10,2017-05-09,1459,frozen_train_only,True,purged_train
Q9GJ1LJT,2017-05-10,2017-05-09,1459,frozen_train_only,True,purged_train
P9VFKNR0,2017-05-10,2017-05-09,1459,frozen_train_only,True,purged_train
WQ5WIP35,2017-05-10,2017-05-09,1459,frozen_train_only,True,train
X5YVW7O5,2017-05-10,2017-05-09,1459,frozen_train_only,True,train
DWCDI7Q2,2017-05-10,2017-05-09,1459,frozen_train_only,True,train
XH01XH1F,2017-05-10,2017-05-09,1459,frozen_train_only,True,purged_train
U48PDN1F,2017-05-10,2017-05-09,1459,frozen_train_only,True,purged_train
QO0MQUOY,2017-05-10,2017-05-09,1459,frozen_train_only,True,purged_train
UMMMBBS6,2017-05-10,2017-05-09,1459,frozen_train_only,True,purged_train
53ZXALR1,2017-05-10,2017-05-09,1459,frozen_train_only,True,purged_train
VQUCVSOL,2017-05-10,2017-05-09,1459,frozen_train_only,True,train
2NN7T8LG,2017-05-10,2017-05-09,1459,frozen_train_only,True,train
SLCWM9BH,2017-05-10,2017-05-09,1459,frozen_train_only,True,purged_train
974QGNBZ,2017-05-10,2017-05-09,1459,frozen_train_only,True,train
T8E8EDZS,2017-05-10,2017-05-09,1459,frozen_train_only,True,purged_train
9C2RRH1Q,2017-05-10,2017-05-09,1459,frozen_train_only,True,purged_train
H26RG9KC,2017-05-10,2017-05-09,1459,frozen_train_only,True,train
R034IT17,2017-05-10,2017-05-09,1459,frozen_train_only,True,train
H6CG7TPM,2017-05-10,2017-05-09,1459,frozen_train_only,True,train
KV1EXWQG,2017-05-11,2017-05-10,1487,frozen_train_only,True,purged_train
P4GX3HZH,2017-05-11,2017-05-10,1487,frozen_train_only,True,train
GACP1E2I,2017-05-11,2017-05-10,1487,frozen_train_only,True,purged_train
ASW97JK3,2017-05-11,2017-05-10,1487,frozen_train_only,True,train
XBYJ3NUR,2017-05-11,2017-05-10,1487,frozen_train_only,True,train
4Q2GV039,2017-05-11,2017-05-10,1487,frozen_train_only,True,purged_train
ZA1YVJQC,2017-05-11,2017-05-10,1487,frozen_train_only,True,purged_train
59XUUWAQ,2017-05-11,2017-05-10,1487,frozen_train_only,True,purged_train
GGXEKX47,2017-05-11,2017-05-10,1487,frozen_train_only,True,purged_train
N00L26DN,2017-05-11,2017-05-10,1487,frozen_train_only,True,train
8JP05QQR,2017-05-11,2017-05-10,1487,frozen_train_only,True,purged_train
0BG8WJSX,2017-05-11,2017-05-10,1487,frozen_train_only,True,train
ZQVUQ5CJ,2017-05-11,2017-05-10,1487,frozen_train_only,True,train
ZFVG8LP2,2017-05-11,2017-05-10,1487,frozen_train_only,True,train
P2ST849C,2017-05-11,2017-05-10,1487,frozen_train_only,True,train
6CPBVF9F,2017-05-11,2017-05-10,1487,frozen_train_only,True,purged_train
6ID18IJX,2017-05-11,2017-05-10,1487,frozen_train_only,True,purged_train
WSPM5X5V,2017-05-12,2017-05-11,1513,frozen_train_only,True,train
7SF3PMMY,2017-05-12,2017-05-11,1513,frozen_train_only,True,train
CZF82O5B,2017-05-12,2017-05-11,1513,frozen_train_only,True,train
BLLYPR3S,2017-05-12,2017-05-11,1513,frozen_train_only,True,purged_train
6VLA3FDQ,2017-05-12,2017-05-11,1513,frozen_train_only,True,purged_train
YL98GKZF,2017-05-12,2017-05-11,1513,frozen_train_only,True,purged_train
G43QQLLF,2017-05-12,2017-05-11,1513,frozen_train_only,True,train
1DZNTUSA,2017-05-12,2017-05-11,1513,frozen_train_only,True,train
G5Z0FWAX,2017-05-12,2017-05-11,1513,frozen_train_only,True,purged_train
Z3FOWY9N,2017-05-12,2017-05-11,1513,frozen_train_only,True,train
S4OLFL40,2017-05-12,2017-05-11,1513,frozen_train_only,True,train
LPY6VIZV,2017-05-12,2017-05-11,1513,frozen_train_only,True,purged_train
QQ96SPTU,2017-05-12,2017-05-11,1513,frozen_train_only,True,purged_train
5YLCW6L5,2017-05-12,2017-05-11,1513,frozen_train_only,True,purged_train
IQ8MEPW9,2017-05-12,2017-05-11,1513,frozen_train_only,True,train
AZX4XC81,2017-05-12,2017-05-11,1513,frozen_train_only,True,purged_train
GO4G2L4X,2017-05-12,2017-05-11,1513,frozen_train_only,True,train
9HKP3RBS,2017-05-12,2017-05-11,1513,frozen_train_only,True,purged_train
ER3G544S,2017-05-12,2017-05-11,1513,frozen_train_only,True,purged_train
YQFF7GFK,2017-05-12,2017-05-11,1513,frozen_train_only,True,purged_train
1D1EJE8U,2017-05-12,2017-05-11,1513,frozen_train_only,True,train
5BAGWGAG,2017-05-12,2017-05-11,1513,frozen_train_only,True,purged_train
V1ROZMCX,2017-05-13,2017-05-12,1533,frozen_train_only,True,train
CEQ3J96G,2017-05-13,2017-05-12,1533,frozen_train_only,True,purged_train
P96S0ATV,2017-05-13,2017-05-12,1533,frozen_train_only,True,train
GXKR6EG9,2017-05-13,2017-05-12,1533,frozen_train_only,True,train
XA4PGIHG,2017-05-13,2017-05-12,1533,frozen_train_only,True,purged_train
INBSL1I4,2017-05-13,2017-05-12,1533,frozen_train_only,True,purged_train
4N2KE2ER,2017-05-13,2017-05-12,1533,frozen_train_only,True,purged_train
UJSFG18F,2017-05-13,2017-05-12,1533,frozen_train_only,True,purged_train
R9TWUEAT,2017-05-13,2017-05-12,1533,frozen_train_only,True,purged_train
3K97S8L9,2017-05-13,2017-05-12,1533,frozen_train_only,True,train
QWR1O5R9,2017-05-13,2017-05-12,1533,frozen_train_only,True,train
0MZIJDPM,2017-05-13,2017-05-12,1533,frozen_train_only,True,purged_train
FNQYVW3T,2017-05-13,2017-05-12,1533,frozen_train_only,True,train
CO6JN5NH,2017-05-13,2017-05-12,1533,frozen_train_only,True,purged_train
D6XIVDQF,2017-05-13,2017-05-12,1533,frozen_train_only,True,purged_train
CQXYCHKN,2017-05-13,2017-05-12,1533,frozen_train_only,True,train
TWXUDY78,2017-05-13,2017-05-12,1533,frozen_train_only,True,purged_train
OPL7DH0Q,2017-05-13,2017-05-12,1533,frozen_train_only,True,purged_train
5VKRCTJE,2017-05-13,2017-05-12,1533,frozen_train_only,True,purged_train
7DDD3NZ2,2017-05-13,2017-05-12,1533,frozen_train_only,True,train
QL97HH1Y,2017-05-13,2017-05-12,1533,frozen_train_only,True,train
9KN4MG14,2017-05-14,2017-05-13,1554,frozen_train_only,True,purged_train
4V3TLIGG,2017-05-14,2017-05-13,1554,frozen_train_only,True,train
BWRNVTNR,2017-05-14,2017-05-13,1554,frozen_train_only,True,purged_train
0H4AHJRI,2017-05-14,2017-05-13,1554,frozen_train_only,True,train
S9WJ9NAS,2017-05-14,2017-05-13,1554,frozen_train_only,True,train
BCA3ICIO,2017-05-14,2017-05-13,1554,frozen_train_only,True,purged_train
F914VHA3,2017-05-14,2017-05-13,1554,frozen_train_only,True,purged_train
1CZU97OX,2017-05-14,2017-05-13,1554,frozen_train_only,True,purged_train
4BPA17HF,2017-05-14,2017-05-13,1554,frozen_train_only,True,train
LAOGNZOU,2017-05-14,2017-05-13,1554,frozen_train_only,True,train
V3KGPHH9,2017-05-14,2017-05-13,1554,frozen_train_only,True,train
RNH95U0V,2017-05-14,2017-05-13,1554,frozen_train_only,True,purged_train
ZJ1BOSNL,2017-05-14,2017-05-13,1554,frozen_train_only,True,train
0X1AY1FM,2017-05-14,2017-05-13,1554,frozen_train_only,True,train
D821LEQV,2017-05-14,2017-05-13,1554,frozen_train_only,True,purged_train
B1O27MFD,2017-05-14,2017-05-13,1554,frozen_train_only,True,purged_train
UOUG01WG,2017-05-14,2017-05-13,1554,frozen_train_only,True,train
3X2HOUYU,2017-05-14,2017-05-13,1554,frozen_train_only,True,purged_train
V135X5B7,2017-05-14,2017-05-13,1554,frozen_train_only,True,train
WUXGF870,2017-05-14,2017-05-13,1554,frozen_train_only,True,train
ENE1HNL3,2017-05-15,2017-05-14,1575,frozen_train_only,True,train
C8SWZNON,2017-05-15,2017-05-14,1575,frozen_train_only,True,train
EXMA7FRC,2017-05-15,2017-05-14,1575,frozen_train_only,True,train
8H1VRXAK,2017-05-15,2017-05-14,1575,frozen_train_only,True,purged_train
10QXTLQX,2017-05-15,2017-05-14,1575,frozen_train_only,True,train
5BRZKG6Y,2017-05-15,2017-05-14,1575,frozen_train_only,True,purged_train
BHV4K3VV,2017-05-15,2017-05-14,1575,frozen_train_only,True,train
BOHWQ1B3,2017-05-15,2017-05-14,1575,frozen_train_only,True,purged_train
K4KNZQY6,2017-05-15,2017-05-14,1575,frozen_train_only,True,purged_train
9WUD1Q5D,2017-05-15,2017-05-14,1575,frozen_train_only,True,purged_train
KAPP0SBT,2017-05-15,2017-05-14,1575,frozen_train_only,True,purged_train
XSWTUMGY,2017-05-15,2017-05-14,1575,frozen_train_only,True,purged_train
KS9B13NQ,2017-05-15,2017-05-14,1575,frozen_train_only,True,purged_train
S983P5KR,2017-05-15,2017-05-14,1575,frozen_train_only,True,purged_train
K0ZYCW3U,2017-05-15,2017-05-14,1575,frozen_train_only,True,train
SFCT64YG,2017-05-15,2017-05-14,1575,frozen_train_only,True,purged_train
DUM5AP8P,2017-05-15,2017-05-14,1575,frozen_train_only,True,train
RNV54AZ7,2017-05-15,2017-05-14,1575,frozen_train_only,True,train
AVNVFAIR,2017-05-15,2017-05-14,1575,frozen_train_only,True,purged_train
TEJBT5CP,2017-05-15,2017-05-14,1575,frozen_train_only,True,train
UFALPP82,2017-05-15,2017-05-14,1575,frozen_train_only,True,purged_train
NHA6MNJF,2017-05-15,2017-05-14,1575,frozen_train_only,True,purged_train
S3UOGUU5,2017-05-15,2017-05-14,1575,frozen_train_only,True,train
TSRHYEOQ,2017-05-16,2017-05-15,1603,frozen_train_only,True,purged_train
K44WX2BT,2017-05-16,2017-05-15,1603,frozen_train_only,True,purged_train
XD6R8R5B,2017-05-16,2017-05-15,1603,frozen_train_only,True,train
CEGQ4V9F,2017-05-16,2017-05-15,1603,frozen_train_only,True,train
58DMWXXI,2017-05-16,2017-05-15,1603,frozen_train_only,True,train
8GYJOE85,2017-05-16,2017-05-15,1603,frozen_train_only,True,purged_train
KJP1JFKX,2017-05-16,2017-05-15,1603,frozen_train_only,True,train
LGK00C12,2017-05-16,2017-05-15,1603,frozen_train_only,True,purged_train
1F950BGI,2017-05-16,2017-05-15,1603,frozen_train_only,True,train
1KV8WY84,2017-05-16,2017-05-15,1603,frozen_train_only,True,train
FN080GSV,2017-05-16,2017-05-15,1603,frozen_train_only,True,purged_train
XR3BL1JL,2017-05-16,2017-05-15,1603,frozen_train_only,True,purged_train
YD38G676,2017-05-16,2017-05-15,1603,frozen_train_only,True,train
4AS1VXQM,2017-05-16,2017-05-15,1603,frozen_train_only,True,purged_train
UW6FSSDK,2017-05-16,2017-05-15,1603,frozen_train_only,True,purged_train
GYC77KNM,2017-05-16,2017-05-15,1603,frozen_train_only,True,purged_train
HS58SPS7,2017-05-17,2017-05-16,1627,frozen_train_only,True,train
5BGYQS4R,2017-05-17,2017-05-16,1627,frozen_train_only,True,purged_train
YMS8IG4L,2017-05-17,2017-05-16,1627,frozen_train_only,True,train
NISR8D1V,2017-05-17,2017-05-16,1627,frozen_train_only,True,purged_train
T4MF2SMF,2017-05-17,2017-05-16,1627,frozen_train_only,True,train
G6PDDHMN,2017-05-17,2017-05-16,1627,frozen_train_only,True,train
S2GG93I6,2017-05-17,2017-05-16,1627,frozen_train_only,True,purged_train
I99AI8C5,2017-05-17,2017-05-16,1627,frozen_train_only,True,purged_train
8W87JE97,2017-05-17,2017-05-16,1627,frozen_train_only,True,purged_train
RQM0PS59,2017-05-17,2017-05-16,1627,frozen_train_only,True,purged_train
483NKH0E,2017-05-17,2017-05-16,1627,frozen_train_only,True,purged_train
G6QI40AT,2017-05-17,2017-05-16,1627,frozen_train_only,True,train
UQY5TEE8,2017-05-17,2017-05-16,1627,frozen_train_only,True,purged_train
AXHNVQPQ,2017-05-17,2017-05-16,1627,frozen_train_only,True,purged_train
N2KXGJO3,2017-05-17,2017-05-16,1627,frozen_train_only,True,purged_train
DDP76LIP,2017-05-17,2017-05-16,1627,frozen_train_only,True,train
43AH1M09,2017-05-18,2017-05-17,1655,frozen_train_only,True,train
852ZZB90,2017-05-18,2017-05-17,1655,frozen_train_only,True,train
V2GGEAOC,2017-05-18,2017-05-17,1655,frozen_train_only,True,purged_train
0Y8HO91H,2017-05-18,2017-05-17,1655,frozen_train_only,True,purged_train
PNUBACZM,2017-05-18,2017-05-17,1655,frozen_train_only,True,train
DPT11UGS,2017-05-18,2017-05-17,1655,frozen_train_only,True,purged_train
GQFRHJF6,2017-05-18,2017-05-17,1655,frozen_train_only,True,purged_train
S8ALJKKH,2017-05-18,2017-05-17,1655,frozen_train_only,True,purged_train
L71FBIF7,2017-05-18,2017-05-17,1655,frozen_train_only,True,purged_train
HU6IS6Q2,2017-05-18,2017-05-17,1655,frozen_train_only,True,train
UXFEJC9Q,2017-05-18,2017-05-17,1655,frozen_train_only,True,train
D4Z6IL8W,2017-05-18,2017-05-17,1655,frozen_train_only,True,train
5FG7S674,2017-05-18,2017-05-17,1655,frozen_train_only,True,purged_train
KJXB9Q7O,2017-05-18,2017-05-17,1655,frozen_train_only,True,train
KN3H2R4V,2017-05-18,2017-05-17,1655,frozen_train_only,True,train
20QTAZ1L,2017-05-18,2017-05-17,1655,frozen_train_only,True,train
NJCI3Y9S,2017-05-18,2017-05-17,1655,frozen_train_only,True,train
OATOYNX2,2017-05-19,2017-05-18,1684,frozen_train_only,True,train
GAH11YHT,2017-05-19,2017-05-18,1684,frozen_train_only,True,train
FT8227WB,2017-05-19,2017-05-18,1684,frozen_train_only,True,train
0XHTFQE8,2017-05-19,2017-05-18,1684,frozen_train_only,True,purged_train
6I76NXTK,2017-05-19,2017-05-18,1684,frozen_train_only,True,purged_train
0FLFT1R4,2017-05-19,2017-05-18,1684,frozen_train_only,True,purged_train
QX4VN0WB,2017-05-19,2017-05-18,1684,frozen_train_only,True,purged_train
14V0RQBV,2017-05-19,2017-05-18,1684,frozen_train_only,True,purged_train
2G82J8WD,2017-05-19,2017-05-18,1684,frozen_train_only,True,purged_train
00KY25OA,2017-05-19,2017-05-18,1684,frozen_train_only,True,train
QDDD0L2Y,2017-05-19,2017-05-18,1684,frozen_train_only,True,train
6TN4T6HN,2017-05-19,2017-05-18,1684,frozen_train_only,True,train
VA2JJZXD,2017-05-19,2017-05-18,1684,frozen_train_only,True,purged_train
MQY3YOQS,2017-05-19,2017-05-18,1684,frozen_train_only,True,train
3YWITFR5,2017-05-19,2017-05-18,1684,frozen_train_only,True,purged_train
BEKQZ411,2017-05-19,2017-05-18,1684,frozen_train_only,True,purged_train
PK0T5N02,2017-05-19,2017-05-18,1684,frozen_train_only,True,train
DTSCBNCX,2017-05-19,2017-05-18,1684,frozen_train_only,True,purged_train
TUDKP25E,2017-05-20,2017-05-19,1706,frozen_train_only,True,purged_train
E1OBRLYZ,2017-05-20,2017-05-19,1706,frozen_train_only,True,train
913RPKAD,2017-05-20,2017-05-19,1706,frozen_train_only,True,train
NJC209SC,2017-05-20,2017-05-19,1706,frozen_train_only,True,purged_train
MMUC1AXI,2017-05-20,2017-05-19,1706,frozen_train_only,True,purged_train
X66G66ZA,2017-05-20,2017-05-19,1706,frozen_train_only,True,purged_train
PI2PHSBE,2017-05-20,2017-05-19,1706,frozen_train_only,True,purged_train
CYKC7RXH,2017-05-20,2017-05-19,1706,frozen_train_only,True,purged_train
WXRWSVTT,2017-05-20,2017-05-19,1706,frozen_train_only,True,purged_train
81NOKKSW,2017-05-20,2017-05-19,1706,frozen_train_only,True,purged_train
CP3JY4PE,2017-05-20,2017-05-19,1706,frozen_train_only,True,purged_train
K2683261,2017-05-20,2017-05-19,1706,frozen_train_only,True,purged_train
MPCJV2LA,2017-05-20,2017-05-19,1706,frozen_train_only,True,purged_train
0DDBDPJU,2017-05-20,2017-05-19,1706,frozen_train_only,True,purged_train
RXIQFV8D,2017-05-20,2017-05-19,1706,frozen_train_only,True,purged_train
5RGYU88R,2017-05-20,2017-05-19,1706,frozen_train_only,True,train
F3P73EG4,2017-05-20,2017-05-19,1706,frozen_train_only,True,purged_train
CRLWCEMY,2017-05-20,2017-05-19,1706,frozen_train_only,True,train
3590U14O,2017-05-20,2017-05-19,1706,frozen_train_only,True,purged_train
CFOYAHQ1,2017-05-20,2017-05-19,1706,frozen_train_only,True,train
IQ5ASHI1,2017-05-21,2017-05-20,1740,frozen_train_only,True,purged_train
G378ZBNC,2017-05-21,2017-05-20,1740,frozen_train_only,True,purged_train
6ZVC87CV,2017-05-21,2017-05-20,1740,frozen_train_only,True,purged_train
4Y1DYANE,2017-05-21,2017-05-20,1740,frozen_train_only,True,train
PGYBGBU3,2017-05-21,2017-05-20,1740,frozen_train_only,True,purged_train
GQPQ6XBD,2017-05-21,2017-05-20,1740,frozen_train_only,True,train
G4KL8QWY,2017-05-21,2017-05-20,1740,frozen_train_only,True,train
GIVVPRQQ,2017-05-21,2017-05-20,1740,frozen_train_only,True,purged_train
JF178AXO,2017-05-21,2017-05-20,1740,frozen_train_only,True,purged_train
43NBMRFY,2017-05-21,2017-05-20,1740,frozen_train_only,True,purged_train
UQ67214Z,2017-05-21,2017-05-20,1740,frozen_train_only,True,purged_train
HDITQL1S,2017-05-21,2017-05-20,1740,frozen_train_only,True,purged_train
1WPONGOS,2017-05-21,2017-05-20,1740,frozen_train_only,True,purged_train
UF0S02A4,2017-05-21,2017-05-20,1740,frozen_train_only,True,train
ZG1DFNPW,2017-05-21,2017-05-20,1740,frozen_train_only,True,purged_train
SS9FXCS2,2017-05-21,2017-05-20,1740,frozen_train_only,True,purged_train
SHE8LB0Y,2017-05-21,2017-05-20,1740,frozen_train_only,True,purged_train
9D6NTQ16,2017-05-21,2017-05-20,1740,frozen_train_only,True,purged_train
59N6QWQM,2017-05-21,2017-05-20,1740,frozen_train_only,True,train
ZHKJIJA1,2017-05-21,2017-05-20,1740,frozen_train_only,True,purged_train
SDL8MJ4R,2017-05-21,2017-05-20,1740,frozen_train_only,True,train
G86OKJFV,2017-05-22,2017-05-21,1754,frozen_train_only,True,train
HUCB9WIQ,2017-05-22,2017-05-21,1754,frozen_train_only,True,purged_train
R8CMI00I,2017-05-22,2017-05-21,1754,frozen_train_only,True,train
T7HHH8HK,2017-05-22,2017-05-21,1754,frozen_train_only,True,purged_train
407NLHJH,2017-05-22,2017-05-21,1754,frozen_train_only,True,train
KD63LC6D,2017-05-22,2017-05-21,1754,frozen_train_only,True,purged_train
TB27K4GC,2017-05-22,2017-05-21,1754,frozen_train_only,True,purged_train
VN8YFKTN,2017-05-22,2017-05-21,1754,frozen_train_only,True,train
NFFS1KSK,2017-05-22,2017-05-21,1754,frozen_train_only,True,train
V1T47SKL,2017-05-22,2017-05-21,1754,frozen_train_only,True,train
LFPY1Z14,2017-05-22,2017-05-21,1754,frozen_train_only,True,purged_train
M6IGBW79,2017-05-22,2017-05-21,1754,frozen_train_only,True,purged_train
2QGI573A,2017-05-23,2017-05-22,1795,frozen_train_only,True,train
QW4QPPSY,2017-05-23,2017-05-22,1795,frozen_train_only,True,purged_train
99L2TNR5,2017-05-23,2017-05-22,1795,frozen_train_only,True,purged_train
J8Y1OGY2,2017-05-23,2017-05-22,1795,frozen_train_only,True,train
7SJD7M9K,2017-05-23,2017-05-22,1795,frozen_train_only,True,purged_train
OKNOWHS3,2017-05-23,2017-05-22,1795,frozen_train_only,True,purged_train
VO8WTDHE,2017-05-23,2017-05-22,1795,frozen_train_only,True,train
5FX5TX9L,2017-05-23,2017-05-22,1795,frozen_train_only,True,purged_train
TLT4JJ0U,2017-05-23,2017-05-22,1795,frozen_train_only,True,purged_train
RA77E84P,2017-05-23,2017-05-22,1795,frozen_train_only,True,purged_train
7U225819,2017-05-23,2017-05-22,1795,frozen_train_only,True,purged_train
075SHVO3,2017-05-23,2017-05-22,1795,frozen_train_only,True,purged_train
HHNFD7DX,2017-05-23,2017-05-22,1795,frozen_train_only,True,purged_train
PA55AGYL,2017-05-23,2017-05-22,1795,frozen_train_only,True,train
V93ZA48C,2017-05-24,2017-05-23,1820,frozen_train_only,True,purged_train
TR3TXXHF,2017-05-24,2017-05-23,1820,frozen_train_only,True,purged_train
SURL8H49,2017-05-24,2017-05-23,1820,frozen_train_only,True,purged_train
POXC3DA1,2017-05-24,2017-05-23,1820,frozen_train_only,True,purged_train
KMGXUADZ,2017-05-24,2017-05-23,1820,frozen_train_only,True,purged_train
X5IZZ69D,2017-05-24,2017-05-23,1820,frozen_train_only,True,train
X58FLJ8K,2017-05-24,2017-05-23,1820,frozen_train_only,True,purged_train
IDBXD4OU,2017-05-24,2017-05-23,1820,frozen_train_only,True,purged_train
TDNJDFU6,2017-05-24,2017-05-23,1820,frozen_train_only,True,purged_train
KIMUGBN5,2017-05-24,2017-05-23,1820,frozen_train_only,True,purged_train
7U81B9AQ,2017-05-24,2017-05-23,1820,frozen_train_only,True,purged_train
WGSS08LF,2017-05-24,2017-05-23,1820,frozen_train_only,True,purged_train
WC8KQJV9,2017-05-24,2017-05-23,1820,frozen_train_only,True,purged_train
FENOSL5C,2017-05-24,2017-05-23,1820,frozen_train_only,True,purged_train
PQ3CLZ2N,2017-05-24,2017-05-23,1820,frozen_train_only,True,purged_train
N4ZJ2PJT,2017-05-24,2017-05-23,1820,frozen_train_only,True,purged_train
32A5TJ6D,2017-05-25,2017-05-24,1846,frozen_train_only,True,purged_train
HZCF65PU,2017-05-25,2017-05-24,1846,frozen_train_only,True,purged_train
TCTLOMKP,2017-05-25,2017-05-24,1846,frozen_train_only,True,train
O0NCMYX9,2017-05-25,2017-05-24,1846,frozen_train_only,True,train
HELQUZNO,2017-05-25,2017-05-24,1846,frozen_train_only,True,purged_train
V7DHDF8V,2017-05-25,2017-05-24,1846,frozen_train_only,True,purged_train
A3OROHUS,2017-05-25,2017-05-24,1846,frozen_train_only,True,purged_train
CXYWGOPF,2017-05-25,2017-05-24,1846,frozen_train_only,True,purged_train
DLQTM07N,2017-05-25,2017-05-24,1846,frozen_train_only,True,purged_train
SUXDAQNV,2017-05-25,2017-05-24,1846,frozen_train_only,True,purged_train
ZT2NKCV5,2017-05-25,2017-05-24,1846,frozen_train_only,True,train
I4YPNNTU,2017-05-25,2017-05-24,1846,frozen_train_only,True,purged_train
KOYW9WIV,2017-05-25,2017-05-24,1846,frozen_train_only,True,purged_train
JRAAPD3L,2017-05-25,2017-05-24,1846,frozen_train_only,True,purged_train
21JDZDNJ,2017-05-25,2017-05-24,1846,frozen_train_only,True,purged_train
EP0H3SJO,2017-05-25,2017-05-24,1846,frozen_train_only,True,purged_train
GIP11NY3,2017-05-25,2017-05-24,1846,frozen_train_only,True,purged_train
7X1D49TU,2017-05-25,2017-05-24,1846,frozen_train_only,True,purged_train
PDXFONE0,2017-05-25,2017-05-24,1846,frozen_train_only,True,train
77WSI0TH,2017-05-25,2017-05-24,1846,frozen_train_only,True,purged_train
DJDVV89L,2017-05-25,2017-05-24,1846,frozen_train_only,True,train
CYSF0YQN,2017-05-26,2017-05-25,1871,frozen_train_only,True,purged_train
HEK08UMI,2017-05-26,2017-05-25,1871,frozen_train_only,True,purged_train
GRRY4DQR,2017-05-26,2017-05-25,1871,frozen_train_only,True,purged_train
S3JAC8GQ,2017-05-26,2017-05-25,1871,frozen_train_only,True,purged_train
E3JP7HCX,2017-05-26,2017-05-25,1871,frozen_train_only,True,purged_train
FF5G00YD,2017-05-26,2017-05-25,1871,frozen_train_only,True,purged_train
5975TDTI,2017-05-26,2017-05-25,1871,frozen_train_only,True,train
GZU4ZSFE,2017-05-26,2017-05-25,1871,frozen_train_only,True,purged_train
E4KL4NGF,2017-05-26,2017-05-25,1871,frozen_train_only,True,purged_train
QCH2R1VO,2017-05-26,2017-05-25,1871,frozen_train_only,True,purged_train
SH6F6COK,2017-05-26,2017-05-25,1871,frozen_train_only,True,purged_train
KOJ4SQ1T,2017-05-26,2017-05-25,1871,frozen_train_only,True,purged_train
DMUQAWQH,2017-05-26,2017-05-25,1871,frozen_train_only,True,train
C2RL3DUQ,2017-05-26,2017-05-25,1871,frozen_train_only,True,purged_train
2LTS2CL8,2017-05-26,2017-05-25,1871,frozen_train_only,True,train
113O9JCA,2017-05-26,2017-05-25,1871,frozen_train_only,True,purged_train
54XWHO19,2017-05-26,2017-05-25,1871,frozen_train_only,True,purged_train
09RN3MHV,2017-05-26,2017-05-25,1871,frozen_train_only,True,purged_train
YW14K7PE,2017-05-26,2017-05-25,1871,frozen_train_only,True,purged_train
9UYUV724,2017-05-26,2017-05-25,1871,frozen_train_only,True,purged_train
UZI6MKVR,2017-05-27,2017-05-26,1905,frozen_train_only,True,purged_train
N1H9ILZ9,2017-05-27,2017-05-26,1905,frozen_train_only,True,purged_train
V8RYC18P,2017-05-27,2017-05-26,1905,frozen_train_only,True,purged_train
5OQELHMF,2017-05-27,2017-05-26,1905,frozen_train_only,True,purged_train
NCF4DT7H,2017-05-27,2017-05-26,1905,frozen_train_only,True,train
L9WWFYQW,2017-05-27,2017-05-26,1905,frozen_train_only,True,purged_train
AR2T4LAR,2017-05-27,2017-05-26,1905,frozen_train_only,True,purged_train
GPC8PLM7,2017-05-27,2017-05-26,1905,frozen_train_only,True,purged_train
YA822MOB,2017-05-27,2017-05-26,1905,frozen_train_only,True,purged_train
JBCQ1ODR,2017-05-27,2017-05-26,1905,frozen_train_only,True,purged_train
M26BSX5S,2017-05-27,2017-05-26,1905,frozen_train_only,True,purged_train
PLYYX5CD,2017-05-27,2017-05-26,1905,frozen_train_only,True,purged_train
JP2EY6QU,2017-05-27,2017-05-26,1905,frozen_train_only,True,purged_train
48INT6OA,2017-05-27,2017-05-26,1905,frozen_train_only,True,purged_train
EVDMSM4N,2017-05-27,2017-05-26,1905,frozen_train_only,True,purged_train
9FH4OP4U,2017-05-27,2017-05-26,1905,frozen_train_only,True,purged_train
N128I4H8,2017-05-27,2017-05-26,1905,frozen_train_only,True,train
8NKLCSES,2017-05-27,2017-05-26,1905,frozen_train_only,True,train
1ZMWMU21,2017-05-27,2017-05-26,1905,frozen_train_only,True,purged_train
R617R51D,2017-05-27,2017-05-26,1905,frozen_train_only,True,purged_train
W8E2YLNY,2017-05-27,2017-05-26,1905,frozen_train_only,True,purged_train
TX9VFL4J,2017-05-27,2017-05-26,1905,frozen_train_only,True,purged_train
5ELX1QYM,2017-05-27,2017-05-26,1905,frozen_train_only,True,train
RTQVKK41,2017-05-27,2017-05-26,1905,frozen_train_only,True,purged_train
9DEDEQ5O,2017-05-27,2017-05-26,1905,frozen_train_only,True,purged_train
Z8JLMCOM,2017-05-27,2017-05-26,1905,frozen_train_only,True,train
1O58TWRZ,2017-05-28,2017-05-27,1938,frozen_train_only,True,purged_train
RHOZIG9P,2017-05-28,2017-05-27,1938,frozen_train_only,True,train
52Q1PYGW,2017-05-28,2017-05-27,1938,frozen_train_only,True,train
56ZJUSNG,2017-05-28,2017-05-27,1938,frozen_train_only,True,train
Y92RU9V8,2017-05-28,2017-05-27,1938,frozen_train_only,True,train
SXV6VZVC,2017-05-28,2017-05-27,1938,frozen_train_only,True,purged_train
BGY307FC,2017-05-28,2017-05-27,1938,frozen_train_only,True,purged_train
BAN0BVHW,2017-05-28,2017-05-27,1938,frozen_train_only,True,purged_train
GV9G96Z1,2017-05-28,2017-05-27,1938,frozen_train_only,True,purged_train
Z75R686C,2017-05-28,2017-05-27,1938,frozen_train_only,True,purged_train
12GLKKV4,2017-05-28,2017-05-27,1938,frozen_train_only,True,train
VDD7H92Q,2017-05-28,2017-05-27,1938,frozen_train_only,True,train
83JP1K4E,2017-05-28,2017-05-27,1938,frozen_train_only,True,purged_train
ME3H0RUJ,2017-05-28,2017-05-27,1938,frozen_train_only,True,purged_train
W8E76HJG,2017-05-28,2017-05-27,1938,frozen_train_only,True,train
IMB2N710,2017-05-28,2017-05-27,1938,frozen_train_only,True,purged_train
OJBBZHM4,2017-05-29,2017-05-28,1960,frozen_train_only,True,train
2PQORQGO,2017-05-29,2017-05-28,1960,frozen_train_only,True,purged_train
I3RW4OMF,2017-05-29,2017-05-28,1960,frozen_train_only,True,purged_train
LG8ZAMCB,2017-05-29,2017-05-28,1960,frozen_train_only,True,train
XJ8UTM6B,2017-05-29,2017-05-28,1960,frozen_train_only,True,train
CVGTFBZE,2017-05-29,2017-05-28,1960,frozen_train_only,True,purged_train
RW02HG5P,2017-05-29,2017-05-28,1960,frozen_train_only,True,train
7W8CQJ2Z,2017-05-29,2017-05-28,1960,frozen_train_only,True,train
M03IHS3P,2017-05-29,2017-05-28,1960,frozen_train_only,True,purged_train
GX3SHSEA,2017-05-29,2017-05-28,1960,frozen_train_only,True,purged_train
9KTHISLX,2017-05-29,2017-05-28,1960,frozen_train_only,True,purged_train
Q808L4HZ,2017-05-29,2017-05-28,1960,frozen_train_only,True,purged_train
IWQP4M72,2017-05-29,2017-05-28,1960,frozen_train_only,True,purged_train
3GOXMQPF,2017-05-29,2017-05-28,1960,frozen_train_only,True,purged_train
1WZ5N86Q,2017-05-29,2017-05-28,1960,frozen_train_only,True,purged_train
C3QK8M7F,2017-05-29,2017-05-28,1960,frozen_train_only,True,train
9BXXDYH9,2017-05-29,2017-05-28,1960,frozen_train_only,True,purged_train
4X3H9YD5,2017-05-29,2017-05-28,1960,frozen_train_only,True,purged_train
K83L4L0I,2017-05-29,2017-05-28,1960,frozen_train_only,True,train
E9C7WXQL,2017-05-29,2017-05-28,1960,frozen_train_only,True,purged_train
AAVJHH3M,2017-05-29,2017-05-28,1960,frozen_train_only,True,train
NEVHU7GV,2017-05-30,2017-05-29,1983,frozen_train_only,True,purged_train
POLWB0UX,2017-05-30,2017-05-29,1983,frozen_train_only,True,train
ZSHK2ZXD,2017-05-30,2017-05-29,1983,frozen_train_only,True,train
PF7GFMLQ,2017-05-30,2017-05-29,1983,frozen_train_only,True,purged_train
LKMZWCKQ,2017-05-30,2017-05-29,1983,frozen_train_only,True,purged_train
3D6ZHLF0,2017-05-30,2017-05-29,1983,frozen_train_only,True,purged_train
3R8PJCCW,2017-05-30,2017-05-29,1983,frozen_train_only,True,purged_train
CPWTJ2WC,2017-05-30,2017-05-29,1983,frozen_train_only,True,train
QZLWUJEJ,2017-05-30,2017-05-29,1983,frozen_train_only,True,train
NDVZAHYA,2017-05-30,2017-05-29,1983,frozen_train_only,True,purged_train
1R8VKE8O,2017-05-30,2017-05-29,1983,frozen_train_only,True,purged_train
LNX7ULEG,2017-05-30,2017-05-29,1983,frozen_train_only,True,purged_train
42N0IWF8,2017-05-30,2017-05-29,1983,frozen_train_only,True,train
N60TC14O,2017-05-31,2017-05-30,2014,frozen_train_only,True,purged_train
V6YYDG56,2017-05-31,2017-05-30,2014,frozen_train_only,True,train
S1AU0IZX,2017-05-31,2017-05-30,2014,frozen_train_only,True,train
GFXKHCEM,2017-05-31,2017-05-30,2014,frozen_train_only,True,purged_train
YH2NHVXC,2017-05-31,2017-05-30,2014,frozen_train_only,True,purged_train
JSNPH01N,2017-05-31,2017-05-30,2014,frozen_train_only,True,train
CQDULMXS,2017-05-31,2017-05-30,2014,frozen_train_only,True,purged_train
VKM187MX,2017-05-31,2017-05-30,2014,frozen_train_only,True,train
4IUJNFPF,2017-05-31,2017-05-30,2014,frozen_train_only,True,purged_train
ZE7PM90V,2017-05-31,2017-05-30,2014,frozen_train_only,True,purged_train
CAAYFKK8,2017-05-31,2017-05-30,2014,frozen_train_only,True,train
NQZNAEYQ,2017-05-31,2017-05-30,2014,frozen_train_only,True,purged_train
J47DPNB5,2017-05-31,2017-05-30,2014,frozen_train_only,True,purged_train
37B8ES7X,2017-05-31,2017-05-30,2014,frozen_train_only,True,train
KYABDCKE,2017-05-31,2017-05-30,2014,frozen_train_only,True,purged_train
3CP9VXC1,2017-05-31,2017-05-30,2014,frozen_train_only,True,purged_train
9XGT3451,2017-05-31,2017-05-30,2014,frozen_train_only,True,purged_train
AG0H8IAZ,2017-05-31,2017-05-30,2014,frozen_train_only,True,purged_train
28FTXKAB,2017-05-31,2017-05-30,2014,frozen_train_only,True,purged_train
ROUOR5L0,2017-05-31,2017-05-30,2014,frozen_train_only,True,purged_train
QPMZ5RG0,2017-05-31,2017-05-30,2014,frozen_train_only,True,purged_train
2PMIYAFN,2017-05-31,2017-05-30,2014,frozen_train_only,True,train
CRWE8FRT,2017-05-31,2017-05-30,2014,frozen_train_only,True,purged_train
FC1LS6PY,2017-05-31,2017-05-30,2014,frozen_train_only,True,train
6FI9HAX7,2017-05-31,2017-05-30,2014,frozen_train_only,True,train
JL86Q0B4,2017-05-31,2017-05-30,2014,frozen_train_only,True,train
Y2A8EUBM,2017-05-31,2017-05-30,2014,frozen_train_only,True,purged_train
C2MKJA8V,2017-05-31,2017-05-30,2014,frozen_train_only,True,train
IJ4Y77D9,2017-05-31,2017-05-30,2014,frozen_train_only,True,purged_train
CGCPVYNI,2017-06-01,2017-05-31,2038,frozen_train_only,True,train
ST8ZOXKI,2017-06-01,2017-05-31,2038,frozen_train_only,True,train
P07OGZ3F,2017-06-01,2017-05-31,2038,frozen_train_only,True,purged_train
0DLEXLEV,2017-06-01,2017-05-31,2038,frozen_train_only,True,purged_train
27UN3UX8,2017-06-01,2017-05-31,2038,frozen_train_only,True,train
NR5D7201,2017-06-01,2017-05-31,2038,frozen_train_only,True,purged_train
LKBS2IJC,2017-06-01,2017-05-31,2038,frozen_train_only,True,train
MFO940S8,2017-06-01,2017-05-31,2038,frozen_train_only,True,purged_train
5O0597PP,2017-06-01,2017-05-31,2038,frozen_train_only,True,purged_train
C4FEG98K,2017-06-01,2017-05-31,2038,frozen_train_only,True,train
EKH5O1HH,2017-06-01,2017-05-31,2038,frozen_train_only,True,train
BZ9C1LQT,2017-06-01,2017-05-31,2038,frozen_train_only,True,purged_train
ZT6D57ED,2017-06-01,2017-05-31,2038,frozen_train_only,True,purged_train
NKERMTB8,2017-06-01,2017-05-31,2038,frozen_train_only,True,purged_train
Q67320CY,2017-06-01,2017-05-31,2038,frozen_train_only,True,purged_train
K5NFTQRI,2017-06-01,2017-05-31,2038,frozen_train_only,True,purged_train
IJ7B896N,2017-06-01,2017-05-31,2038,frozen_train_only,True,purged_train
8KBVRQHD,2017-06-01,2017-05-31,2038,frozen_train_only,True,purged_train
AGZ87JFX,2017-06-01,2017-05-31,2038,frozen_train_only,True,purged_train
OBGCQ1BK,2017-06-01,2017-05-31,2038,frozen_train_only,True,purged_train
K05LLUU4,2017-06-01,2017-05-31,2038,frozen_train_only,True,purged_train
9WISPXZW,2017-06-01,2017-05-31,2038,frozen_train_only,True,train
4ZGA57SX,2017-06-01,2017-05-31,2038,frozen_train_only,True,purged_train
6ONKN1IM,2017-06-01,2017-05-31,2038,frozen_train_only,True,purged_train
JVIIWJDL,2017-06-01,2017-05-31,2038,frozen_train_only,True,purged_train
W8M8XI8Y,2017-06-01,2017-05-31,2038,frozen_train_only,True,purged_train
MELHF0ZP,2017-06-02,2017-06-01,2055,frozen_train_only,True,purged_train
6SV2WYK4,2017-06-02,2017-06-01,2055,frozen_train_only,True,purged_train
6JEAYHOE,2017-06-02,2017-06-01,2055,frozen_train_only,True,train
IKQSEYPT,2017-06-02,2017-06-01,2055,frozen_train_only,True,train
ZN0FWO0L,2017-06-02,2017-06-01,2055,frozen_train_only,True,purged_train
CPL37MZC,2017-06-02,2017-06-01,2055,frozen_train_only,True,purged_train
GM68OLDH,2017-06-02,2017-06-01,2055,frozen_train_only,True,purged_train
W604BPPE,2017-06-02,2017-06-01,2055,frozen_train_only,True,purged_train
GIJ14130,2017-06-02,2017-06-01,2055,frozen_train_only,True,purged_train
CUA83384,2017-06-02,2017-06-01,2055,frozen_train_only,True,purged_train
ZGQI86AQ,2017-06-02,2017-06-01,2055,frozen_train_only,True,purged_train
L8NLCWFS,2017-06-02,2017-06-01,2055,frozen_train_only,True,purged_train
UPHLXZ3M,2017-06-02,2017-06-01,2055,frozen_train_only,True,purged_train
JDFQYP5L,2017-06-02,2017-06-01,2055,frozen_train_only,True,purged_train
06AIY3IS,2017-06-02,2017-06-01,2055,frozen_train_only,True,purged_train
4LQAN2JX,2017-06-02,2017-06-01,2055,frozen_train_only,True,purged_train
84QGC91P,2017-06-02,2017-06-01,2055,frozen_train_only,True,purged_train
98MASV7P,2017-06-02,2017-06-01,2055,frozen_train_only,True,purged_train
QFBBRJL5,2017-06-02,2017-06-01,2055,frozen_train_only,True,purged_train
XCGW5K0N,2017-06-02,2017-06-01,2055,frozen_train_only,True,purged_train
UUF8Z53N,2017-06-02,2017-06-01,2055,frozen_train_only,True,purged_train
J6MIKNYJ,2017-06-02,2017-06-01,2055,frozen_train_only,True,purged_train
3W4AWYSK,2017-06-03,2017-06-02,2081,frozen_train_only,True,purged_train
VBN5T6F8,2017-06-03,2017-06-02,2081,frozen_train_only,True,purged_train
W1J3L0EU,2017-06-03,2017-06-02,2081,frozen_train_only,True,train
45CMXP2K,2017-06-03,2017-06-02,2081,frozen_train_only,True,purged_train
6OJAC85F,2017-06-03,2017-06-02,2081,frozen_train_only,True,purged_train
K94WM7M4,2017-06-03,2017-06-02,2081,frozen_train_only,True,purged_train
31KRB7R2,2017-06-03,2017-06-02,2081,frozen_train_only,True,purged_train
5PG1KSKD,2017-06-03,2017-06-02,2081,frozen_train_only,True,purged_train
LDAXEBR0,2017-06-03,2017-06-02,2081,frozen_train_only,True,train
NGTMVX1C,2017-06-03,2017-06-02,2081,frozen_train_only,True,train
SFBHZLHK,2017-06-03,2017-06-02,2081,frozen_train_only,True,purged_train
13PPMGNM,2017-06-03,2017-06-02,2081,frozen_train_only,True,purged_train
6GY8Q8F0,2017-06-03,2017-06-02,2081,frozen_train_only,True,purged_train
5JIXFMFY,2017-06-03,2017-06-02,2081,frozen_train_only,True,purged_train
JBY30BSR,2017-06-03,2017-06-02,2081,frozen_train_only,True,purged_train
69XL3JMB,2017-06-03,2017-06-02,2081,frozen_train_only,True,purged_train
DYWMK8OF,2017-06-03,2017-06-02,2081,frozen_train_only,True,purged_train
GG8XQD8Z,2017-06-03,2017-06-02,2081,frozen_train_only,True,purged_train
URT8A7OQ,2017-06-03,2017-06-02,2081,frozen_train_only,True,purged_train
LGO0XF4X,2017-06-03,2017-06-02,2081,frozen_train_only,True,purged_train
Y46OEBEH,2017-06-03,2017-06-02,2081,frozen_train_only,True,train
G54JJCMX,2017-06-04,2017-06-03,2100,frozen_train_only,True,purged_train
BPQ0358T,2017-06-04,2017-06-03,2100,frozen_train_only,True,purged_train
EPH7L4K0,2017-06-04,2017-06-03,2100,frozen_train_only,True,purged_train
SMU4542Q,2017-06-04,2017-06-03,2100,frozen_train_only,True,purged_train
E884CL8B,2017-06-04,2017-06-03,2100,frozen_train_only,True,train
4K8N65EM,2017-06-04,2017-06-03,2100,frozen_train_only,True,purged_train
KVTBYOVD,2017-06-04,2017-06-03,2100,frozen_train_only,True,train
ZA6CBQAL,2017-06-04,2017-06-03,2100,frozen_train_only,True,train
Y6YZXVTF,2017-06-04,2017-06-03,2100,frozen_train_only,True,purged_train
SHETLR3T,2017-06-04,2017-06-03,2100,frozen_train_only,True,purged_train
EL03YRD0,2017-06-04,2017-06-03,2100,frozen_train_only,True,purged_train
3KZUBSRU,2017-06-04,2017-06-03,2100,frozen_train_only,True,purged_train
FA6JQ4V2,2017-06-04,2017-06-03,2100,frozen_train_only,True,purged_train
N7WUBQR0,2017-06-04,2017-06-03,2100,frozen_train_only,True,purged_train
9KJ89VHI,2017-06-04,2017-06-03,2100,frozen_train_only,True,purged_train
N3CN7GCZ,2017-06-04,2017-06-03,2100,frozen_train_only,True,purged_train
KAHKF9H1,2017-06-04,2017-06-03,2100,frozen_train_only,True,train
P4UJ64QM,2017-06-04,2017-06-03,2100,frozen_train_only,True,purged_train
IHF5GR01,2017-06-04,2017-06-03,2100,frozen_train_only,True,train
81DUFIPO,2017-06-04,2017-06-03,2100,frozen_train_only,True,purged_train
58K44TMD,2017-06-04,2017-06-03,2100,frozen_train_only,True,train
EEBOSTAA,2017-06-04,2017-06-03,2100,frozen_train_only,True,train
9DDHZUZB,2017-06-04,2017-06-03,2100,frozen_train_only,True,train
IWLEND3K,2017-06-05,2017-06-04,2126,frozen_train_only,True,purged_train
VICY80KW,2017-06-05,2017-06-04,2126,frozen_train_only,True,purged_train
H35AXY3M,2017-06-05,2017-06-04,2126,frozen_train_only,True,train
1UHFKBP6,2017-06-05,2017-06-04,2126,frozen_train_only,True,purged_train
VF7DWQIH,2017-06-05,2017-06-04,2126,frozen_train_only,True,purged_train
C7NW3JB2,2017-06-05,2017-06-04,2126,frozen_train_only,True,purged_train
SUABQAC0,2017-06-05,2017-06-04,2126,frozen_train_only,True,train
6JWA8DFJ,2017-06-05,2017-06-04,2126,frozen_train_only,True,purged_train
OEBJXZN6,2017-06-05,2017-06-04,2126,frozen_train_only,True,purged_train
QMUBRAT2,2017-06-05,2017-06-04,2126,frozen_train_only,True,purged_train
W5P1OLUL,2017-06-05,2017-06-04,2126,frozen_train_only,True,purged_train
JP4H1WG4,2017-06-05,2017-06-04,2126,frozen_train_only,True,purged_train
580XZTEO,2017-06-05,2017-06-04,2126,frozen_train_only,True,train
MASS6JEE,2017-06-05,2017-06-04,2126,frozen_train_only,True,purged_train
XNC9UMYH,2017-06-05,2017-06-04,2126,frozen_train_only,True,purged_train
AUEAKRQV,2017-06-05,2017-06-04,2126,frozen_train_only,True,purged_train
08Q8A6M9,2017-06-05,2017-06-04,2126,frozen_train_only,True,train
6F8IL0XV,2017-06-05,2017-06-04,2126,frozen_train_only,True,purged_train
NTHLG5DT,2017-06-05,2017-06-04,2126,frozen_train_only,True,purged_train
Y5OZ7VOF,2017-06-05,2017-06-04,2126,frozen_train_only,True,train
9HLQVY37,2017-06-05,2017-06-04,2126,frozen_train_only,True,train
8C3LOLPY,2017-06-05,2017-06-04,2126,frozen_train_only,True,purged_train
QMJHLT1V,2017-06-05,2017-06-04,2126,frozen_train_only,True,purged_train
Q5JU0LZJ,2017-06-05,2017-06-04,2126,frozen_train_only,True,purged_train
IRODLEGG,2017-06-05,2017-06-04,2126,frozen_train_only,True,purged_train
HTA6XLY3,2017-06-05,2017-06-04,2126,frozen_train_only,True,purged_train
XW7J3TI2,2017-06-05,2017-06-04,2126,frozen_train_only,True,purged_train
1BV5JLZV,2017-06-05,2017-06-04,2126,frozen_train_only,True,purged_train
84D18IA1,2017-06-05,2017-06-04,2126,frozen_train_only,True,purged_train
41IM8V9E,2017-06-05,2017-06-04,2126,frozen_train_only,True,purged_train
NXFAXN16,2017-06-06,2017-06-05,2148,frozen_train_only,True,purged_train
FXXEZ5U2,2017-06-06,2017-06-05,2148,frozen_train_only,True,purged_train
3F81XLI7,2017-06-06,2017-06-05,2148,frozen_train_only,True,purged_train
ID4LC9V5,2017-06-06,2017-06-05,2148,frozen_train_only,True,purged_train
IPQFYK0E,2017-06-06,2017-06-05,2148,frozen_train_only,True,train
UU0F81HS,2017-06-06,2017-06-05,2148,frozen_train_only,True,purged_train
7SBDZJF4,2017-06-06,2017-06-05,2148,frozen_train_only,True,purged_train
7UI7YX03,2017-06-06,2017-06-05,2148,frozen_train_only,True,purged_train
BNYWSG6W,2017-06-06,2017-06-05,2148,frozen_train_only,True,purged_train
RC1YCAEP,2017-06-06,2017-06-05,2148,frozen_train_only,True,purged_train
H6TY7RBJ,2017-06-06,2017-06-05,2148,frozen_train_only,True,purged_train
MU6NOSH1,2017-06-06,2017-06-05,2148,frozen_train_only,True,train
OFIORN0G,2017-06-06,2017-06-05,2148,frozen_train_only,True,train
PMHOZRJN,2017-06-06,2017-06-05,2148,frozen_train_only,True,purged_train
7Z3Q8UYS,2017-06-06,2017-06-05,2148,frozen_train_only,True,purged_train
YT9PLSVL,2017-06-06,2017-06-05,2148,frozen_train_only,True,purged_train
BQINW2LB,2017-06-06,2017-06-05,2148,frozen_train_only,True,purged_train
BLFMYCVF,2017-06-06,2017-06-05,2148,frozen_train_only,True,purged_train
379SDV6Y,2017-06-06,2017-06-05,2148,frozen_train_only,True,purged_train
FE2AE2YO,2017-06-06,2017-06-05,2148,frozen_train_only,True,train
2756CEOQ,2017-06-06,2017-06-05,2148,frozen_train_only,True,purged_train
Z4CFFZAW,2017-06-06,2017-06-05,2148,frozen_train_only,True,purged_train
I967JINR,2017-06-06,2017-06-05,2148,frozen_train_only,True,purged_train
IE18U4NO,2017-06-06,2017-06-05,2148,frozen_train_only,True,purged_train
JNIMHE7Y,2017-06-07,2017-06-06,2174,frozen_train_only,True,purged_train
KUKJQX9Y,2017-06-07,2017-06-06,2174,frozen_train_only,True,purged_train
QCIG6H19,2017-06-07,2017-06-06,2174,frozen_train_only,True,purged_train
R7IIOFBH,2017-06-07,2017-06-06,2174,frozen_train_only,True,purged_train
Q7ST5E1W,2017-06-07,2017-06-06,2174,frozen_train_only,True,purged_train
6MTURF7Q,2017-06-07,2017-06-06,2174,frozen_train_only,True,train
MWT1ZV0Y,2017-06-07,2017-06-06,2174,frozen_train_only,True,train
B7Q6Q7S2,2017-06-07,2017-06-06,2174,frozen_train_only,True,purged_train
3DYZN86H,2017-06-07,2017-06-06,2174,frozen_train_only,True,purged_train
QYKTG5QA,2017-06-07,2017-06-06,2174,frozen_train_only,True,purged_train
67CKCI5G,2017-06-07,2017-06-06,2174,frozen_train_only,True,purged_train
2O1IK8VR,2017-06-07,2017-06-06,2174,frozen_train_only,True,train
N8NQK8K7,2017-06-07,2017-06-06,2174,frozen_train_only,True,purged_train
V93EX6XU,2017-06-07,2017-06-06,2174,frozen_train_only,True,purged_train
5QNUZYIL,2017-06-08,2017-06-07,2191,frozen_train_only,True,train
WX63AIMZ,2017-06-08,2017-06-07,2191,frozen_train_only,True,train
09P7O0LQ,2017-06-08,2017-06-07,2191,frozen_train_only,True,purged_train
GYS3APR7,2017-06-08,2017-06-07,2191,frozen_train_only,True,purged_train
9VF00HWL,2017-06-08,2017-06-07,2191,frozen_train_only,True,purged_train
UTJGDR3K,2017-06-08,2017-06-07,2191,frozen_train_only,True,purged_train
MD0SRXG4,2017-06-08,2017-06-07,2191,frozen_train_only,True,train
E0ITYYTG,2017-06-08,2017-06-07,2191,frozen_train_only,True,purged_train
PGK5K24U,2017-06-08,2017-06-07,2191,frozen_train_only,True,purged_train
X46ZXX2S,2017-06-08,2017-06-07,2191,frozen_train_only,True,purged_train
4QP55BTO,2017-06-08,2017-06-07,2191,frozen_train_only,True,train
G6X1B2K5,2017-06-08,2017-06-07,2191,frozen_train_only,True,purged_train
0YCAS0B9,2017-06-08,2017-06-07,2191,frozen_train_only,True,purged_train
6UZVABQR,2017-06-08,2017-06-07,2191,frozen_train_only,True,purged_train
9NTDQ8ZC,2017-06-08,2017-06-07,2191,frozen_train_only,True,purged_train
FCCI80H2,2017-06-08,2017-06-07,2191,frozen_train_only,True,train
ALQRAPZR,2017-06-08,2017-06-07,2191,frozen_train_only,True,train
7SPRU76Q,2017-06-08,2017-06-07,2191,frozen_train_only,True,purged_train
JEMEGXUG,2017-06-08,2017-06-07,2191,frozen_train_only,True,purged_train
GVHIFUN1,2017-06-08,2017-06-07,2191,frozen_train_only,True,train
RBB3C85Q,2017-06-08,2017-06-07,2191,frozen_train_only,True,train
WFP9J5J7,2017-06-08,2017-06-07,2191,frozen_train_only,True,purged_train
8I4915WD,2017-06-08,2017-06-07,2191,frozen_train_only,True,purged_train
L831D7DF,2017-06-08,2017-06-07,2191,frozen_train_only,True,purged_train
839DCVT2,2017-06-08,2017-06-07,2191,frozen_train_only,True,purged_train
EJ0EF8S1,2017-06-08,2017-06-07,2191,frozen_train_only,True,train
0ORRC53X,2017-06-08,2017-06-07,2191,frozen_train_only,True,purged_train
3QTN3F5T,2017-06-09,2017-06-08,2209,frozen_train_only,True,purged_train
SY6BWRRO,2017-06-09,2017-06-08,2209,frozen_train_only,True,purged_train
JW5SYMNS,2017-06-09,2017-06-08,2209,frozen_train_only,True,purged_train
VP2CW520,2017-06-09,2017-06-08,2209,frozen_train_only,True,purged_train
2F0RUQ0B,2017-06-09,2017-06-08,2209,frozen_train_only,True,purged_train
XUP62FUM,2017-06-09,2017-06-08,2209,frozen_train_only,True,purged_train
MUIT1E0M,2017-06-09,2017-06-08,2209,frozen_train_only,True,train
D7XNUYJD,2017-06-09,2017-06-08,2209,frozen_train_only,True,purged_train
ORG6MXKF,2017-06-09,2017-06-08,2209,frozen_train_only,True,train
VS4UFFLH,2017-06-09,2017-06-08,2209,frozen_train_only,True,purged_train
VUYQCXTY,2017-06-09,2017-06-08,2209,frozen_train_only,True,purged_train
YFJKP42F,2017-06-09,2017-06-08,2209,frozen_train_only,True,train
OES8ZX7B,2017-06-09,2017-06-08,2209,frozen_train_only,True,purged_train
V9FD3EYK,2017-06-09,2017-06-08,2209,frozen_train_only,True,purged_train
3C9CWV6J,2017-06-10,2017-06-09,2225,frozen_train_only,True,train
NDGQ0H91,2017-06-10,2017-06-09,2225,frozen_train_only,True,train
OU9O62Y7,2017-06-10,2017-06-09,2225,frozen_train_only,True,purged_train
LFQCLMMG,2017-06-10,2017-06-09,2225,frozen_train_only,True,purged_train
3ZG0719M,2017-06-10,2017-06-09,2225,frozen_train_only,True,purged_train
EMIAKHPF,2017-06-10,2017-06-09,2225,frozen_train_only,True,purged_train
MKEVYIDI,2017-06-10,2017-06-09,2225,frozen_train_only,True,train
IFNT8NLL,2017-06-10,2017-06-09,2225,frozen_train_only,True,purged_train
EWRVDN3U,2017-06-10,2017-06-09,2225,frozen_train_only,True,purged_train
WEGC0W05,2017-06-10,2017-06-09,2225,frozen_train_only,True,train
HZ283240,2017-06-10,2017-06-09,2225,frozen_train_only,True,purged_train
3J1W4LM0,2017-06-10,2017-06-09,2225,frozen_train_only,True,train
1RIY3IBH,2017-06-10,2017-06-09,2225,frozen_train_only,True,train
6NZH6X7G,2017-06-10,2017-06-09,2225,frozen_train_only,True,train
DJ2GWNGZ,2017-06-10,2017-06-09,2225,frozen_train_only,True,purged_train
S02S3TVE,2017-06-10,2017-06-09,2225,frozen_train_only,True,train
34YT99YN,2017-06-10,2017-06-09,2225,frozen_train_only,True,purged_train
N33B6LND,2017-06-10,2017-06-09,2225,frozen_train_only,True,purged_train
C7NBDKVV,2017-06-10,2017-06-09,2225,frozen_train_only,True,purged_train
9YVSYSE8,2017-06-11,2017-06-10,2246,frozen_train_only,True,purged_train
VUF34IPC,2017-06-11,2017-06-10,2246,frozen_train_only,True,purged_train
ONUWPAJM,2017-06-11,2017-06-10,2246,frozen_train_only,True,purged_train
A50JWKFS,2017-06-11,2017-06-10,2246,frozen_train_only,True,purged_train
JP72AC6I,2017-06-11,2017-06-10,2246,frozen_train_only,True,purged_train
9SZTURAF,2017-06-11,2017-06-10,2246,frozen_train_only,True,purged_train
LB8UE159,2017-06-11,2017-06-10,2246,frozen_train_only,True,train
QYWZZ16B,2017-06-11,2017-06-10,2246,frozen_train_only,True,train
IJNOVBGU,2017-06-11,2017-06-10,2246,frozen_train_only,True,purged_train
KYL4UFG5,2017-06-11,2017-06-10,2246,frozen_train_only,True,purged_train
QFBITAKR,2017-06-11,2017-06-10,2246,frozen_train_only,True,purged_train
VSZ4UVVN,2017-06-11,2017-06-10,2246,frozen_train_only,True,purged_train
31C5DVJT,2017-06-11,2017-06-10,2246,frozen_train_only,True,purged_train
EG3KHGPL,2017-06-11,2017-06-10,2246,frozen_train_only,True,train
LSJ2A8ZX,2017-06-11,2017-06-10,2246,frozen_train_only,True,purged_train
9D06AK8T,2017-06-11,2017-06-10,2246,frozen_train_only,True,purged_train
PPXIWYMT,2017-06-11,2017-06-10,2246,frozen_train_only,True,purged_train
YWKJW726,2017-06-11,2017-06-10,2246,frozen_train_only,True,purged_train
ZVT9J7V1,2017-06-11,2017-06-10,2246,frozen_train_only,True,train
NOBIC0PD,2017-06-12,2017-06-11,2282,frozen_train_only,True,purged_train
UKECBJV5,2017-06-12,2017-06-11,2282,frozen_train_only,True,purged_train
UWVT8M2Y,2017-06-12,2017-06-11,2282,frozen_train_only,True,purged_train
FU00L2Y2,2017-06-12,2017-06-11,2282,frozen_train_only,True,purged_train
518D68L9,2017-06-12,2017-06-11,2282,frozen_train_only,True,train
AOZKTGZG,2017-06-12,2017-06-11,2282,frozen_train_only,True,purged_train
TKN1L8EX,2017-06-12,2017-06-11,2282,frozen_train_only,True,purged_train
9GQ6HQLK,2017-06-12,2017-06-11,2282,frozen_train_only,True,purged_train
0RL4RHQJ,2017-06-12,2017-06-11,2282,frozen_train_only,True,train
ZE9WX1Q9,2017-06-12,2017-06-11,2282,frozen_train_only,True,purged_train
QY6MB3QJ,2017-06-12,2017-06-11,2282,frozen_train_only,True,purged_train
RUYLZD4O,2017-06-12,2017-06-11,2282,frozen_train_only,True,train
BOVKZHAZ,2017-06-12,2017-06-11,2282,frozen_train_only,True,purged_train
3X5BD9NU,2017-06-12,2017-06-11,2282,frozen_train_only,True,train
YT8YYRTU,2017-06-12,2017-06-11,2282,frozen_train_only,True,purged_train
6V7OMXY5,2017-06-12,2017-06-11,2282,frozen_train_only,True,purged_train
0TR3RU8A,2017-06-12,2017-06-11,2282,frozen_train_only,True,purged_train
GTOKTXRA,2017-06-12,2017-06-11,2282,frozen_train_only,True,purged_train
PBJ01MRE,2017-06-12,2017-06-11,2282,frozen_train_only,True,purged_train
L2NXQFPN,2017-06-12,2017-06-11,2282,frozen_train_only,True,train
0XWCTQL2,2017-06-12,2017-06-11,2282,frozen_train_only,True,purged_train
SY72RAK2,2017-06-12,2017-06-11,2282,frozen_train_only,True,purged_train
38YQ4771,2017-06-13,2017-06-12,2302,frozen_train_only,True,purged_train
K7FBRQCA,2017-06-13,2017-06-12,2302,frozen_train_only,True,purged_train
F4V2FXK0,2017-06-13,2017-06-12,2302,frozen_train_only,True,train
FZNEISTX,2017-06-13,2017-06-12,2302,frozen_train_only,True,purged_train
S34T8KPW,2017-06-13,2017-06-12,2302,frozen_train_only,True,purged_train
5F40OSXS,2017-06-13,2017-06-12,2302,frozen_train_only,True,train
AILF7GOP,2017-06-13,2017-06-12,2302,frozen_train_only,True,purged_train
LMJINVRQ,2017-06-13,2017-06-12,2302,frozen_train_only,True,purged_train
MHPI0ZW1,2017-06-13,2017-06-12,2302,frozen_train_only,True,purged_train
WJ81WITC,2017-06-13,2017-06-12,2302,frozen_train_only,True,purged_train
AIAX4W1O,2017-06-13,2017-06-12,2302,frozen_train_only,True,purged_train
DFSRHCXU,2017-06-13,2017-06-12,2302,frozen_train_only,True,purged_train
1VFUCUWA,2017-06-13,2017-06-12,2302,frozen_train_only,True,purged_train
3IIDRUGI,2017-06-13,2017-06-12,2302,frozen_train_only,True,purged_train
3VLKZISJ,2017-06-13,2017-06-12,2302,frozen_train_only,True,train
2GN2TRVV,2017-06-13,2017-06-12,2302,frozen_train_only,True,purged_train
9C9GO9XO,2017-06-13,2017-06-12,2302,frozen_train_only,True,purged_train
ULES5Z21,2017-06-13,2017-06-12,2302,frozen_train_only,True,train
IITSDWWL,2017-06-13,2017-06-12,2302,frozen_train_only,True,train
8GYH6R9J,2017-06-13,2017-06-12,2302,frozen_train_only,True,train
8X890G2T,2017-06-14,2017-06-13,2320,frozen_train_only,True,train
74YVUL52,2017-06-14,2017-06-13,2320,frozen_train_only,True,purged_train
HH4I6PAY,2017-06-14,2017-06-13,2320,frozen_train_only,True,purged_train
TAGD6XU9,2017-06-14,2017-06-13,2320,frozen_train_only,True,purged_train
IIREXAQX,2017-06-14,2017-06-13,2320,frozen_train_only,True,train
8GISH3I9,2017-06-14,2017-06-13,2320,frozen_train_only,True,train
6M89XBL0,2017-06-14,2017-06-13,2320,frozen_train_only,True,purged_train
YT2QLCVS,2017-06-14,2017-06-13,2320,frozen_train_only,True,train
4ICL09BD,2017-06-14,2017-06-13,2320,frozen_train_only,True,purged_train
YWWVWOO4,2017-06-14,2017-06-13,2320,frozen_train_only,True,train
8TTFFCIK,2017-06-14,2017-06-13,2320,frozen_train_only,True,train
OG13XT4P,2017-06-14,2017-06-13,2320,frozen_train_only,True,purged_train
ZYRRGSQK,2017-06-14,2017-06-13,2320,frozen_train_only,True,train
0LDX9VLO,2017-06-14,2017-06-13,2320,frozen_train_only,True,purged_train
XFFFWJQH,2017-06-14,2017-06-13,2320,frozen_train_only,True,purged_train
KRSNQKC6,2017-06-15,2017-06-14,2339,frozen_train_only,True,train
YY39ZQNV,2017-06-15,2017-06-14,2339,frozen_train_only,True,purged_train
YHVY1LHH,2017-06-15,2017-06-14,2339,frozen_train_only,True,train
2BG4ZR42,2017-06-15,2017-06-14,2339,frozen_train_only,True,purged_train
QQCIN1M4,2017-06-15,2017-06-14,2339,frozen_train_only,True,train
KIMW6PXN,2017-06-15,2017-06-14,2339,frozen_train_only,True,train
AKFNIQR0,2017-06-15,2017-06-14,2339,frozen_train_only,True,train
D5LEL3HF,2017-06-15,2017-06-14,2339,frozen_train_only,True,purged_train
6X4EEUGA,2017-06-15,2017-06-14,2339,frozen_train_only,True,train
KTSB1KYT,2017-06-15,2017-06-14,2339,frozen_train_only,True,purged_train
RB7IA4JX,2017-06-15,2017-06-14,2339,frozen_train_only,True,train
M4HY664H,2017-06-15,2017-06-14,2339,frozen_train_only,True,purged_train
D2C191IK,2017-06-15,2017-06-14,2339,frozen_train_only,True,train
I2V3EPW7,2017-06-15,2017-06-14,2339,frozen_train_only,True,purged_train
RB8LSFVK,2017-06-15,2017-06-14,2339,frozen_train_only,True,purged_train
7SYJDW4L,2017-06-15,2017-06-14,2339,frozen_train_only,True,purged_train
O7E0302B,2017-06-15,2017-06-14,2339,frozen_train_only,True,purged_train
U11XXNCF,2017-06-15,2017-06-14,2339,frozen_train_only,True,train
73FYEJQV,2017-06-15,2017-06-14,2339,frozen_train_only,True,train
C4CQ8FZL,2017-06-15,2017-06-14,2339,frozen_train_only,True,train
OJ1WKIVY,2017-06-15,2017-06-14,2339,frozen_train_only,True,purged_train
N9ZXCBTU,2017-06-16,2017-06-15,2356,frozen_train_only,True,train
RLHNJZBW,2017-06-16,2017-06-15,2356,frozen_train_only,True,purged_train
GKHTT70P,2017-06-16,2017-06-15,2356,frozen_train_only,True,purged_train
GL8PN4LQ,2017-06-16,2017-06-15,2356,frozen_train_only,True,train
TTVQT1YD,2017-06-16,2017-06-15,2356,frozen_train_only,True,purged_train
NOHEK8PU,2017-06-16,2017-06-15,2356,frozen_train_only,True,purged_train
56AN1DXW,2017-06-16,2017-06-15,2356,frozen_train_only,True,purged_train
WB44DF28,2017-06-16,2017-06-15,2356,frozen_train_only,True,purged_train
DJ60T39C,2017-06-16,2017-06-15,2356,frozen_train_only,True,purged_train
52H2CE10,2017-06-16,2017-06-15,2356,frozen_train_only,True,train
PVDGIYSB,2017-06-16,2017-06-15,2356,frozen_train_only,True,purged_train
F57Z7KJF,2017-06-16,2017-06-15,2356,frozen_train_only,True,train
ZGSQMEQ9,2017-06-16,2017-06-15,2356,frozen_train_only,True,purged_train
FM1RH52B,2017-06-16,2017-06-15,2356,frozen_train_only,True,purged_train
3NM7A8SX,2017-06-16,2017-06-15,2356,frozen_train_only,True,train
1XWQZ1F8,2017-06-17,2017-06-16,2380,frozen_train_only,True,purged_train
LXGNXNX1,2017-06-17,2017-06-16,2380,frozen_train_only,True,purged_train
YQK2K6U5,2017-06-17,2017-06-16,2380,frozen_train_only,True,purged_train
FROU0UKW,2017-06-17,2017-06-16,2380,frozen_train_only,True,purged_train
SD8JJSKT,2017-06-17,2017-06-16,2380,frozen_train_only,True,purged_train
LCWP23CI,2017-06-17,2017-06-16,2380,frozen_train_only,True,train
XQ4FN1KA,2017-06-17,2017-06-16,2380,frozen_train_only,True,purged_train
9BTSKY01,2017-06-17,2017-06-16,2380,frozen_train_only,True,purged_train
CQZSFN7C,2017-06-17,2017-06-16,2380,frozen_train_only,True,purged_train
81LMZHD1,2017-06-17,2017-06-16,2380,frozen_train_only,True,purged_train
1J5Y9X1H,2017-06-17,2017-06-16,2380,frozen_train_only,True,purged_train
6LC0XB2D,2017-06-18,2017-06-17,2400,frozen_train_only,True,purged_train
YKC8JUSY,2017-06-18,2017-06-17,2400,frozen_train_only,True,train
PAQTBHVA,2017-06-18,2017-06-17,2400,frozen_train_only,True,purged_train
JRWBU9BS,2017-06-18,2017-06-17,2400,frozen_train_only,True,train
DXF00KY4,2017-06-18,2017-06-17,2400,frozen_train_only,True,purged_train
K6ZDH79M,2017-06-18,2017-06-17,2400,frozen_train_only,True,purged_train
GKL9QV5B,2017-06-18,2017-06-17,2400,frozen_train_only,True,train
1V3IQVOF,2017-06-18,2017-06-17,2400,frozen_train_only,True,purged_train
BH7EXL5M,2017-06-18,2017-06-17,2400,frozen_train_only,True,train
K0HLZM4Q,2017-06-18,2017-06-17,2400,frozen_train_only,True,purged_train
BTNSR87A,2017-06-18,2017-06-17,2400,frozen_train_only,True,train
L58MN75X,2017-06-18,2017-06-17,2400,frozen_train_only,True,purged_train
SWV0JUQJ,2017-06-18,2017-06-17,2400,frozen_train_only,True,train
910IXBKP,2017-06-18,2017-06-17,2400,frozen_train_only,True,train
NTNYA5PE,2017-06-18,2017-06-17,2400,frozen_train_only,True,purged_train
AHRCT8IP,2017-06-18,2017-06-17,2400,frozen_train_only,True,purged_train
ESH4HX52,2017-06-18,2017-06-17,2400,frozen_train_only,True,purged_train
P8LGQH9G,2017-06-18,2017-06-17,2400,frozen_train_only,True,train
VT1LZKEY,2017-06-18,2017-06-17,2400,frozen_train_only,True,purged_train
0WC2J3UP,2017-06-19,2017-06-18,2419,frozen_train_only,True,purged_train
VWSFZUNS,2017-06-19,2017-06-18,2419,frozen_train_only,True,purged_train
F3UB81V7,2017-06-19,2017-06-18,2419,frozen_train_only,True,purged_train
SEX08VFB,2017-06-19,2017-06-18,2419,frozen_train_only,True,train
FLANUQCV,2017-06-19,2017-06-18,2419,frozen_train_only,True,purged_train
8MKXIQQK,2017-06-19,2017-06-18,2419,frozen_train_only,True,train
NDMY5PPT,2017-06-19,2017-06-18,2419,frozen_train_only,True,purged_train
E4H6CBPJ,2017-06-19,2017-06-18,2419,frozen_train_only,True,purged_train
1FAMR9UR,2017-06-19,2017-06-18,2419,frozen_train_only,True,train
SYJKN818,2017-06-19,2017-06-18,2419,frozen_train_only,True,purged_train
VMTPCY5G,2017-06-19,2017-06-18,2419,frozen_train_only,True,train
CV0BDYMP,2017-06-19,2017-06-18,2419,frozen_train_only,True,purged_train
7DI7A7G7,2017-06-19,2017-06-18,2419,frozen_train_only,True,purged_train
WE7YS7HD,2017-06-19,2017-06-18,2419,frozen_train_only,True,purged_train
4DLOXD13,2017-06-19,2017-06-18,2419,frozen_train_only,True,purged_train
XN63KZRZ,2017-06-19,2017-06-18,2419,frozen_train_only,True,purged_train
WSG25BZ9,2017-06-19,2017-06-18,2419,frozen_train_only,True,purged_train
6GL2LRUH,2017-06-19,2017-06-18,2419,frozen_train_only,True,train
K0G1IB3Q,2017-06-19,2017-06-18,2419,frozen_train_only,True,train
UYJDOT4Q,2017-06-19,2017-06-18,2419,frozen_train_only,True,purged_train
VOSSIXSY,2017-06-19,2017-06-18,2419,frozen_train_only,True,purged_train
ILUMUKG8,2017-06-19,2017-06-18,2419,frozen_train_only,True,purged_train
DYUWF61W,2017-06-19,2017-06-18,2419,frozen_train_only,True,train
NUNQGOUW,2017-06-19,2017-06-18,2419,frozen_train_only,True,purged_train
CKT1GTY2,2017-06-19,2017-06-18,2419,frozen_train_only,True,train
FUHP1IXR,2017-06-19,2017-06-18,2419,frozen_train_only,True,purged_train
TJEEFJG8,2017-06-19,2017-06-18,2419,frozen_train_only,True,purged_train
ABRQIWS9,2017-06-19,2017-06-18,2419,frozen_train_only,True,purged_train
B3K4Z5L0,2017-06-19,2017-06-18,2419,frozen_train_only,True,train
IVCON5CU,2017-06-19,2017-06-18,2419,frozen_train_only,True,purged_train
RQXFD7FW,2017-06-19,2017-06-18,2419,frozen_train_only,True,purged_train
LUP7FYS5,2017-06-20,2017-06-19,2436,frozen_train_only,True,train
REVQ7DSW,2017-06-20,2017-06-19,2436,frozen_train_only,True,purged_train
YSNODM63,2017-06-20,2017-06-19,2436,frozen_train_only,True,train
PN3T4FUG,2017-06-20,2017-06-19,2436,frozen_train_only,True,purged_train
AQ3HBL9S,2017-06-20,2017-06-19,2436,frozen_train_only,True,train
VE4LZ8F5,2017-06-20,2017-06-19,2436,frozen_train_only,True,purged_train
Q5R1PYJS,2017-06-20,2017-06-19,2436,frozen_train_only,True,purged_train
5AOWZ6AG,2017-06-20,2017-06-19,2436,frozen_train_only,True,purged_train
3AIA6RL3,2017-06-20,2017-06-19,2436,frozen_train_only,True,purged_train
OXPNURPT,2017-06-20,2017-06-19,2436,frozen_train_only,True,purged_train
9TRVSW35,2017-06-20,2017-06-19,2436,frozen_train_only,True,purged_train
GTH3VIDW,2017-06-20,2017-06-19,2436,frozen_train_only,True,train
WFNKJ2LT,2017-06-20,2017-06-19,2436,frozen_train_only,True,train
P7GCDFU8,2017-06-20,2017-06-19,2436,frozen_train_only,True,purged_train
O22J2QPD,2017-06-20,2017-06-19,2436,frozen_train_only,True,purged_train
ACOJBA02,2017-06-20,2017-06-19,2436,frozen_train_only,True,train
2FGEGLVU,2017-06-20,2017-06-19,2436,frozen_train_only,True,train
FQB53DQH,2017-06-20,2017-06-19,2436,frozen_train_only,True,train
1C2V9RAO,2017-06-20,2017-06-19,2436,frozen_train_only,True,purged_train
MNTTYFR6,2017-06-20,2017-06-19,2436,frozen_train_only,True,purged_train
7FN6LV2E,2017-06-20,2017-06-19,2436,frozen_train_only,True,purged_train
V8I2CE9V,2017-06-20,2017-06-19,2436,frozen_train_only,True,purged_train
1FXXXLJY,2017-06-20,2017-06-19,2436,frozen_train_only,True,purged_train
NYI5VMXK,2017-06-21,2017-06-20,2455,frozen_train_only,True,purged_train
OJ1NQRDS,2017-06-21,2017-06-20,2455,frozen_train_only,True,purged_train
Z9W748SJ,2017-06-21,2017-06-20,2455,frozen_train_only,True,train
LWX9V7HI,2017-06-21,2017-06-20,2455,frozen_train_only,True,purged_train
PAQOPSR0,2017-06-21,2017-06-20,2455,frozen_train_only,True,train
AFQG21L7,2017-06-21,2017-06-20,2455,frozen_train_only,True,train
RQJKAR7E,2017-06-21,2017-06-20,2455,frozen_train_only,True,train
6BV9IARK,2017-06-21,2017-06-20,2455,frozen_train_only,True,train
NTGU3NYS,2017-06-21,2017-06-20,2455,frozen_train_only,True,purged_train
3F5AAJZB,2017-06-21,2017-06-20,2455,frozen_train_only,True,train
RJH0CL3Z,2017-06-21,2017-06-20,2455,frozen_train_only,True,train
EK0KWGQX,2017-06-21,2017-06-20,2455,frozen_train_only,True,purged_train
K33NPCAY,2017-06-21,2017-06-20,2455,frozen_train_only,True,purged_train
1LLRNE8G,2017-06-21,2017-06-20,2455,frozen_train_only,True,purged_train
EFWND7VS,2017-06-21,2017-06-20,2455,frozen_train_only,True,purged_train
IR2D4ZG5,2017-06-21,2017-06-20,2455,frozen_train_only,True,train
BYBZJBC9,2017-06-21,2017-06-20,2455,frozen_train_only,True,purged_train
BO8DSRV7,2017-06-21,2017-06-20,2455,frozen_train_only,True,purged_train
LD1HNIUL,2017-06-21,2017-06-20,2455,frozen_train_only,True,train
RX39Z0P1,2017-06-21,2017-06-20,2455,frozen_train_only,True,purged_train
PFHUAJ47,2017-06-22,2017-06-21,2478,frozen_train_only,True,train
CKJZ86N6,2017-06-22,2017-06-21,2478,frozen_train_only,True,purged_train
ASC1OWNE,2017-06-22,2017-06-21,2478,frozen_train_only,True,purged_train
WCEPUBH5,2017-06-22,2017-06-21,2478,frozen_train_only,True,purged_train
VMIMPP6H,2017-06-22,2017-06-21,2478,frozen_train_only,True,purged_train
B0XO4WY7,2017-06-22,2017-06-21,2478,frozen_train_only,True,train
VYPIKMKO,2017-06-22,2017-06-21,2478,frozen_train_only,True,purged_train
VCD47XNB,2017-06-22,2017-06-21,2478,frozen_train_only,True,train
8QH99OEZ,2017-06-22,2017-06-21,2478,frozen_train_only,True,purged_train
1DMERFNB,2017-06-22,2017-06-21,2478,frozen_train_only,True,purged_train
FR8FT0ZX,2017-06-22,2017-06-21,2478,frozen_train_only,True,purged_train
DG7LABPD,2017-06-22,2017-06-21,2478,frozen_train_only,True,purged_train
ZMYUFTS9,2017-06-22,2017-06-21,2478,frozen_train_only,True,purged_train
P60EK5NN,2017-06-22,2017-06-21,2478,frozen_train_only,True,purged_train
YRYMSUE3,2017-06-22,2017-06-21,2478,frozen_train_only,True,train
UZOTC90C,2017-06-22,2017-06-21,2478,frozen_train_only,True,train
5AAN00N1,2017-06-22,2017-06-21,2478,frozen_train_only,True,purged_train
JFHKBG40,2017-06-22,2017-06-21,2478,frozen_train_only,True,train
RJD0D0GD,2017-06-22,2017-06-21,2478,frozen_train_only,True,purged_train
L9IXFTIL,2017-06-23,2017-06-22,2502,frozen_train_only,True,purged_train
HPBCTTV3,2017-06-23,2017-06-22,2502,frozen_train_only,True,train
48FB5MD2,2017-06-23,2017-06-22,2502,frozen_train_only,True,train
EJZM1INM,2017-06-23,2017-06-22,2502,frozen_train_only,True,train
FKNT3I12,2017-06-23,2017-06-22,2502,frozen_train_only,True,train
BLY5FD3N,2017-06-23,2017-06-22,2502,frozen_train_only,True,train
LXLU6LFC,2017-06-23,2017-06-22,2502,frozen_train_only,True,purged_train
A60QAIT3,2017-06-23,2017-06-22,2502,frozen_train_only,True,purged_train
RQ3BV2I5,2017-06-23,2017-06-22,2502,frozen_train_only,True,purged_train
W8CSV90F,2017-06-23,2017-06-22,2502,frozen_train_only,True,purged_train
0W6S0ODT,2017-06-23,2017-06-22,2502,frozen_train_only,True,train
408AHOYL,2017-06-23,2017-06-22,2502,frozen_train_only,True,train
557JX4BM,2017-06-23,2017-06-22,2502,frozen_train_only,True,purged_train
QPZFP9WT,2017-06-23,2017-06-22,2502,frozen_train_only,True,train
L5T284M7,2017-06-23,2017-06-22,2502,frozen_train_only,True,train
G17TENJ4,2017-06-23,2017-06-22,2502,frozen_train_only,True,purged_train
VRSTX620,2017-06-23,2017-06-22,2502,frozen_train_only,True,train
Y9VWZ93C,2017-06-23,2017-06-22,2502,frozen_train_only,True,train
Y6IIUECA,2017-06-23,2017-06-22,2502,frozen_train_only,True,train
LXWQDEU3,2017-06-23,2017-06-22,2502,frozen_train_only,True,purged_train
P1E4KWF7,2017-06-23,2017-06-22,2502,frozen_train_only,True,train
BN84DD6H,2017-06-23,2017-06-22,2502,frozen_train_only,True,train
R8MZ10BW,2017-06-23,2017-06-22,2502,frozen_train_only,True,purged_train
PI8RROK0,2017-06-23,2017-06-22,2502,frozen_train_only,True,purged_train
GID40O2B,2017-06-23,2017-06-22,2502,frozen_train_only,True,train
KDRIBXNQ,2017-06-23,2017-06-22,2502,frozen_train_only,True,purged_train
TCK6V290,2017-06-23,2017-06-22,2502,frozen_train_only,True,train
VFZ5GB3W,2017-06-23,2017-06-22,2502,frozen_train_only,True,train
UKSS5YPE,2017-06-24,2017-06-23,2521,frozen_train_only,True,train
RDDUG8VD,2017-06-24,2017-06-23,2521,frozen_train_only,True,train
Z3QJESWJ,2017-06-24,2017-06-23,2521,frozen_train_only,True,purged_train
PYIQ65W0,2017-06-24,2017-06-23,2521,frozen_train_only,True,train
RGRUF328,2017-06-24,2017-06-23,2521,frozen_train_only,True,purged_train
TLSSOOVB,2017-06-24,2017-06-23,2521,frozen_train_only,True,train
2YBEN3MV,2017-06-24,2017-06-23,2521,frozen_train_only,True,purged_train
EFA9E6WV,2017-06-24,2017-06-23,2521,frozen_train_only,True,purged_train
YTSX7IW3,2017-06-24,2017-06-23,2521,frozen_train_only,True,train
86DMJ7GA,2017-06-24,2017-06-23,2521,frozen_train_only,True,purged_train
CMD0758L,2017-06-24,2017-06-23,2521,frozen_train_only,True,purged_train
CM5MFWCO,2017-06-24,2017-06-23,2521,frozen_train_only,True,purged_train
0MNAGD91,2017-06-24,2017-06-23,2521,frozen_train_only,True,train
9S749GJD,2017-06-24,2017-06-23,2521,frozen_train_only,True,train
LBZY9VUG,2017-06-24,2017-06-23,2521,frozen_train_only,True,purged_train
6UUTR15S,2017-06-24,2017-06-23,2521,frozen_train_only,True,purged_train
DVPYKS4A,2017-06-25,2017-06-24,2543,frozen_train_only,True,train
9SRU5CI6,2017-06-25,2017-06-24,2543,frozen_train_only,True,purged_train
GZ5M7MIQ,2017-06-25,2017-06-24,2543,frozen_train_only,True,train
CM2GVLV6,2017-06-25,2017-06-24,2543,frozen_train_only,True,train
NZB45UZX,2017-06-25,2017-06-24,2543,frozen_train_only,True,purged_train
T2J83GFD,2017-06-25,2017-06-24,2543,frozen_train_only,True,train
28S2Z15A,2017-06-25,2017-06-24,2543,frozen_train_only,True,purged_train
WOJBLO4B,2017-06-25,2017-06-24,2543,frozen_train_only,True,train
788SW6EX,2017-06-25,2017-06-24,2543,frozen_train_only,True,purged_train
EUOA0E47,2017-06-25,2017-06-24,2543,frozen_train_only,True,train
S9ZUMLSY,2017-06-25,2017-06-24,2543,frozen_train_only,True,purged_train
0UCQUW6U,2017-06-25,2017-06-24,2543,frozen_train_only,True,train
07FRJ44N,2017-06-25,2017-06-24,2543,frozen_train_only,True,train
NMN9DVEV,2017-06-25,2017-06-24,2543,frozen_train_only,True,purged_train
95V8BLR2,2017-06-25,2017-06-24,2543,frozen_train_only,True,purged_train
BDGB4NS0,2017-06-25,2017-06-24,2543,frozen_train_only,True,train
SPHS260Y,2017-06-25,2017-06-24,2543,frozen_train_only,True,purged_train
O9L7KMPU,2017-06-25,2017-06-24,2543,frozen_train_only,True,purged_train
FGES2PQ2,2017-06-25,2017-06-24,2543,frozen_train_only,True,train
81DXTTI5,2017-06-25,2017-06-24,2543,frozen_train_only,True,train
JGG9CO2Y,2017-06-25,2017-06-24,2543,frozen_train_only,True,purged_train
95B6AKI1,2017-06-25,2017-06-24,2543,frozen_train_only,True,train
N1G2CFCB,2017-06-25,2017-06-24,2543,frozen_train_only,True,purged_train
40VSPND6,2017-06-25,2017-06-24,2543,frozen_train_only,True,purged_train
QWYRCDA8,2017-06-25,2017-06-24,2543,frozen_train_only,True,train
00ZD3M4J,2017-06-25,2017-06-24,2543,frozen_train_only,True,train
CJZFFC91,2017-06-25,2017-06-24,2543,frozen_train_only,True,purged_train
3PD8YBPK,2017-06-25,2017-06-24,2543,frozen_train_only,True,train
KBG5R0WH,2017-06-25,2017-06-24,2543,frozen_train_only,True,train
7RPM84Y4,2017-06-25,2017-06-24,2543,frozen_train_only,True,train
LFN6XPK7,2017-06-25,2017-06-24,2543,frozen_train_only,True,train
18LZY55R,2017-06-25,2017-06-24,2543,frozen_train_only,True,train
E88W1Z0H,2017-06-25,2017-06-24,2543,frozen_train_only,True,train
UQALCAIV,2017-06-25,2017-06-24,2543,frozen_train_only,True,train
6E2Y3HKI,2017-06-26,2017-06-25,2565,frozen_train_only,True,train
YWKFH7VT,2017-06-26,2017-06-25,2565,frozen_train_only,True,purged_train
MF4299DQ,2017-06-26,2017-06-25,2565,frozen_train_only,True,train
ZRZI054E,2017-06-26,2017-06-25,2565,frozen_train_only,True,train
CN69EYQ1,2017-06-26,2017-06-25,2565,frozen_train_only,True,purged_train
KX80WC22,2017-06-26,2017-06-25,2565,frozen_train_only,True,train
YQ6VELF1,2017-06-26,2017-06-25,2565,frozen_train_only,True,train
NX4ODZY2,2017-06-26,2017-06-25,2565,frozen_train_only,True,purged_train
L2QMWU4H,2017-06-26,2017-06-25,2565,frozen_train_only,True,purged_train
0MPEK4ZA,2017-06-26,2017-06-25,2565,frozen_train_only,True,purged_train
TP0SU68U,2017-06-26,2017-06-25,2565,frozen_train_only,True,train
8U7LNL7U,2017-06-26,2017-06-25,2565,frozen_train_only,True,train
XVYL67FL,2017-06-26,2017-06-25,2565,frozen_train_only,True,train
AIN2RE2H,2017-06-26,2017-06-25,2565,frozen_train_only,True,train
G1303HIC,2017-06-26,2017-06-25,2565,frozen_train_only,True,train
HVDQ4EEA,2017-06-26,2017-06-25,2565,frozen_train_only,True,train
2RB900SL,2017-06-26,2017-06-25,2565,frozen_train_only,True,purged_train
AUS25SFH,2017-06-26,2017-06-25,2565,frozen_train_only,True,train
O6DSGX6P,2017-06-26,2017-06-25,2565,frozen_train_only,True,purged_train
2MBFRRGW,2017-06-26,2017-06-25,2565,frozen_train_only,True,train
Q3HYAWDW,2017-06-26,2017-06-25,2565,frozen_train_only,True,purged_train
94TA0AWF,2017-06-26,2017-06-25,2565,frozen_train_only,True,purged_train
G1XX0IB4,2017-06-26,2017-06-25,2565,frozen_train_only,True,train
VIMY08JH,2017-06-26,2017-06-25,2565,frozen_train_only,True,train
WPTNE0QN,2017-06-26,2017-06-25,2565,frozen_train_only,True,purged_train
DLGW8Y7B,2017-06-26,2017-06-25,2565,frozen_train_only,True,purged_train
YSOUU0T0,2017-06-26,2017-06-25,2565,frozen_train_only,True,train
HM4TKVET,2017-06-26,2017-06-25,2565,frozen_train_only,True,train
Q81Q0PJK,2017-06-27,2017-06-26,2591,frozen_train_only,True,train
3BEPEWRS,2017-06-27,2017-06-26,2591,frozen_train_only,True,purged_train
Y5HR9J3G,2017-06-27,2017-06-26,2591,frozen_train_only,True,purged_train
STYLQ47K,2017-06-27,2017-06-26,2591,frozen_train_only,True,train
W07JMUG9,2017-06-27,2017-06-26,2591,frozen_train_only,True,train
L8CG1IQO,2017-06-27,2017-06-26,2591,frozen_train_only,True,train
6CFONO4W,2017-06-27,2017-06-26,2591,frozen_train_only,True,train
AMGC18DS,2017-06-27,2017-06-26,2591,frozen_train_only,True,purged_train
RKT3WVBC,2017-06-27,2017-06-26,2591,frozen_train_only,True,purged_train
H5ZSM3IR,2017-06-27,2017-06-26,2591,frozen_train_only,True,purged_train
07WKR17A,2017-06-27,2017-06-26,2591,frozen_train_only,True,purged_train
7GM1XD9W,2017-06-27,2017-06-26,2591,frozen_train_only,True,purged_train
QM6GJ78P,2017-06-27,2017-06-26,2591,frozen_train_only,True,train
L582YMSV,2017-06-27,2017-06-26,2591,frozen_train_only,True,purged_train
EQS3UNXX,2017-06-27,2017-06-26,2591,frozen_train_only,True,train
DZR5L7XQ,2017-06-27,2017-06-26,2591,frozen_train_only,True,train
DQ0DSK7P,2017-06-27,2017-06-26,2591,frozen_train_only,True,train
CGEXH2QO,2017-06-27,2017-06-26,2591,frozen_train_only,True,train
MIX6JTSN,2017-06-27,2017-06-26,2591,frozen_train_only,True,train
9KYX5G9K,2017-06-27,2017-06-26,2591,frozen_train_only,True,train
FG29YOWT,2017-06-27,2017-06-26,2591,frozen_train_only,True,purged_train
KWYKKVJC,2017-06-27,2017-06-26,2591,frozen_train_only,True,train
T7TDUK3T,2017-06-27,2017-06-26,2591,frozen_train_only,True,purged_train
42YPT5L7,2017-06-27,2017-06-26,2591,frozen_train_only,True,train
99I4V65G,2017-06-27,2017-06-26,2591,frozen_train_only,True,train
ACZQMAR4,2017-06-27,2017-06-26,2591,frozen_train_only,True,train
TP9IE6PV,2017-06-28,2017-06-27,2622,frozen_train_only,True,purged_train
E5CD0W5M,2017-06-28,2017-06-27,2622,frozen_train_only,True,train
HKH717ED,2017-06-28,2017-06-27,2622,frozen_train_only,True,purged_train
DAW2JTP5,2017-06-28,2017-06-27,2622,frozen_train_only,True,train
HBMOSBAK,2017-06-28,2017-06-27,2622,frozen_train_only,True,purged_train
V0V6O05H,2017-06-28,2017-06-27,2622,frozen_train_only,True,train
3DY60YA7,2017-06-28,2017-06-27,2622,frozen_train_only,True,train
8H19L55Y,2017-06-28,2017-06-27,2622,frozen_train_only,True,train
TPNU79C1,2017-06-28,2017-06-27,2622,frozen_train_only,True,purged_train
TFQR150O,2017-06-28,2017-06-27,2622,frozen_train_only,True,train
9MM27P8C,2017-06-28,2017-06-27,2622,frozen_train_only,True,train
MMWD47ZY,2017-06-28,2017-06-27,2622,frozen_train_only,True,purged_train
JFIBKWMQ,2017-06-28,2017-06-27,2622,frozen_train_only,True,train
6FUPOO3I,2017-06-28,2017-06-27,2622,frozen_train_only,True,train
29VR6EL4,2017-06-28,2017-06-27,2622,frozen_train_only,True,purged_train
L45N3D2E,2017-06-28,2017-06-27,2622,frozen_train_only,True,train
K1OBT27J,2017-06-28,2017-06-27,2622,frozen_train_only,True,purged_train
OZL7CDMQ,2017-06-28,2017-06-27,2622,frozen_train_only,True,train
LZ6PSZ4T,2017-06-28,2017-06-27,2622,frozen_train_only,True,train
5CFCTZ5K,2017-06-28,2017-06-27,2622,frozen_train_only,True,purged_train
EG5M02ZV,2017-06-28,2017-06-27,2622,frozen_train_only,True,purged_train
5UKQ16DK,2017-06-28,2017-06-27,2622,frozen_train_only,True,train
C9M5B1N6,2017-06-28,2017-06-27,2622,frozen_train_only,True,purged_train
ZS4PKX65,2017-06-28,2017-06-27,2622,frozen_train_only,True,purged_train
PYLS9RJH,2017-06-28,2017-06-27,2622,frozen_train_only,True,train
X2ZONP2D,2017-06-28,2017-06-27,2622,frozen_train_only,True,purged_train
Y5CP83V4,2017-06-28,2017-06-27,2622,frozen_train_only,True,purged_train
9Y2HDGST,2017-06-28,2017-06-27,2622,frozen_train_only,True,train
7R0G2LC1,2017-06-28,2017-06-27,2622,frozen_train_only,True,purged_train
8FX574BJ,2017-06-28,2017-06-27,2622,frozen_train_only,True,train
AU5Q1XCW,2017-06-28,2017-06-27,2622,frozen_train_only,True,purged_train
CUMYWQYP,2017-06-28,2017-06-27,2622,frozen_train_only,True,purged_train
29ZDUK49,2017-06-29,2017-06-28,2648,frozen_train_only,True,train
VLVP8FPJ,2017-06-29,2017-06-28,2648,frozen_train_only,True,train
SNGS64S7,2017-06-29,2017-06-28,2648,frozen_train_only,True,train
CMCVD0N8,2017-06-29,2017-06-28,2648,frozen_train_only,True,train
NNKWGFDH,2017-06-29,2017-06-28,2648,frozen_train_only,True,train
YC6QEUJN,2017-06-29,2017-06-28,2648,frozen_train_only,True,train
794XWMYE,2017-06-29,2017-06-28,2648,frozen_train_only,True,purged_train
FHK0BBGK,2017-06-29,2017-06-28,2648,frozen_train_only,True,train
461LIUS7,2017-06-29,2017-06-28,2648,frozen_train_only,True,train
Y9SCLUH8,2017-06-29,2017-06-28,2648,frozen_train_only,True,purged_train
J75Y9C75,2017-06-29,2017-06-28,2648,frozen_train_only,True,purged_train
PUP6JDT9,2017-06-29,2017-06-28,2648,frozen_train_only,True,purged_train
88AA2RK1,2017-06-29,2017-06-28,2648,frozen_train_only,True,train
4F222JU9,2017-06-29,2017-06-28,2648,frozen_train_only,True,purged_train
CBYRECX6,2017-06-29,2017-06-28,2648,frozen_train_only,True,train
QXT65QTI,2017-06-29,2017-06-28,2648,frozen_train_only,True,train
8RTR1VMP,2017-06-29,2017-06-28,2648,frozen_train_only,True,train
T7RA32XV,2017-06-29,2017-06-28,2648,frozen_train_only,True,train
8IYVJKT4,2017-06-29,2017-06-28,2648,frozen_train_only,True,train
G087QT6R,2017-06-29,2017-06-28,2648,frozen_train_only,True,train
JT1UUOXN,2017-06-29,2017-06-28,2648,frozen_train_only,True,train
PUTILZZG,2017-06-29,2017-06-28,2648,frozen_train_only,True,purged_train
QU7MSL36,2017-06-29,2017-06-28,2648,frozen_train_only,True,train
FEGSJ8QI,2017-06-29,2017-06-28,2648,frozen_train_only,True,purged_train
1SKIPYI7,2017-06-29,2017-06-28,2648,frozen_train_only,True,purged_train
66Q03Q2P,2017-06-29,2017-06-28,2648,frozen_train_only,True,train
Z1NWKS9A,2017-06-29,2017-06-28,2648,frozen_train_only,True,train
ZZCKQ2JV,2017-06-29,2017-06-28,2648,frozen_train_only,True,train
F3G00C56,2017-06-29,2017-06-28,2648,frozen_train_only,True,train
9824T94P,2017-06-29,2017-06-28,2648,frozen_train_only,True,train
B8TD9HCN,2017-06-29,2017-06-28,2648,frozen_train_only,True,train
PEFTXK4Q,2017-06-29,2017-06-28,2648,frozen_train_only,True,purged_train
LUIEQRMQ,2017-06-29,2017-06-28,2648,frozen_train_only,True,train
8QOUXQEV,2017-06-30,2017-06-29,2661,frozen_train_only,True,purged_train
6SC26SGG,2017-06-30,2017-06-29,2661,frozen_train_only,True,train
GITEQ8VZ,2017-06-30,2017-06-29,2661,frozen_train_only,True,train
2Y9R7T2W,2017-06-30,2017-06-29,2661,frozen_train_only,True,purged_train
8U5GBXK1,2017-06-30,2017-06-29,2661,frozen_train_only,True,purged_train
THI3LNT0,2017-06-30,2017-06-29,2661,frozen_train_only,True,train
KTLIR2ZX,2017-06-30,2017-06-29,2661,frozen_train_only,True,train
G2EECJNG,2017-06-30,2017-06-29,2661,frozen_train_only,True,purged_train
UZN5JBF3,2017-06-30,2017-06-29,2661,frozen_train_only,True,purged_train
2CZVRGQ4,2017-06-30,2017-06-29,2661,frozen_train_only,True,train
K5D2IP27,2017-06-30,2017-06-29,2661,frozen_train_only,True,train
PTKOWYW6,2017-06-30,2017-06-29,2661,frozen_train_only,True,purged_train
G3DIX74Y,2017-06-30,2017-06-29,2661,frozen_train_only,True,train
4F8MNVNP,2017-06-30,2017-06-29,2661,frozen_train_only,True,train
7UL8T1BZ,2017-06-30,2017-06-29,2661,frozen_train_only,True,train
4HP16LRH,2017-06-30,2017-06-29,2661,frozen_train_only,True,train
MNTHSHH6,2017-06-30,2017-06-29,2661,frozen_train_only,True,train
Q7C5MJ4W,2017-06-30,2017-06-29,2661,frozen_train_only,True,purged_train
ON9H54WD,2017-06-30,2017-06-29,2661,frozen_train_only,True,train
8M3H9UME,2017-06-30,2017-06-29,2661,frozen_train_only,True,train
5J1C46RJ,2017-06-30,2017-06-29,2661,frozen_train_only,True,purged_train
0BSYDRMT,2017-06-30,2017-06-29,2661,frozen_train_only,True,purged_train
NKERC6IA,2017-06-30,2017-06-29,2661,frozen_train_only,True,train
H6AN87LE,2017-06-30,2017-06-29,2661,frozen_train_only,True,train
1SSFC7XZ,2017-06-30,2017-06-29,2661,frozen_train_only,True,train
0XK80WX8,2017-06-30,2017-06-29,2661,frozen_train_only,True,train
X4ARE2PT,2017-06-30,2017-06-29,2661,frozen_train_only,True,train
KCIFANLK,2017-06-30,2017-06-29,2661,frozen_train_only,True,train
J7U29ZM5,2017-06-30,2017-06-29,2661,frozen_train_only,True,purged_train
3KVXBQ5V,2017-07-01,2017-06-30,2679,frozen_train_only,True,purged_train
7T9J42UX,2017-07-01,2017-06-30,2679,frozen_train_only,True,train
2J649YC5,2017-07-01,2017-06-30,2679,frozen_train_only,True,train
9N66Q1VO,2017-07-01,2017-06-30,2679,frozen_train_only,True,purged_train
ZWXKCHOO,2017-07-01,2017-06-30,2679,frozen_train_only,True,purged_train
I8OUZNDS,2017-07-01,2017-06-30,2679,frozen_train_only,True,purged_train
CJZLM3WA,2017-07-01,2017-06-30,2679,frozen_train_only,True,purged_train
4QTD5X53,2017-07-01,2017-06-30,2679,frozen_train_only,True,train
LQXWWZGN,2017-07-01,2017-06-30,2679,frozen_train_only,True,train
NT510FGZ,2017-07-01,2017-06-30,2679,frozen_train_only,True,purged_train
2IQ0ZY9W,2017-07-01,2017-06-30,2679,frozen_train_only,True,train
N3TUSU37,2017-07-01,2017-06-30,2679,frozen_train_only,True,purged_train
O6LVMQ5R,2017-07-01,2017-06-30,2679,frozen_train_only,True,train
072ELFQF,2017-07-01,2017-06-30,2679,frozen_train_only,True,train
CDFKC6E0,2017-07-01,2017-06-30,2679,frozen_train_only,True,train
Z005FB1N,2017-07-01,2017-06-30,2679,frozen_train_only,True,train
LYAFXO9B,2017-07-01,2017-06-30,2679,frozen_train_only,True,train
SNY2UWJ2,2017-07-01,2017-06-30,2679,frozen_train_only,True,train
UFIAFP10,2017-07-01,2017-06-30,2679,frozen_train_only,True,train
MG7CZFIG,2017-07-01,2017-06-30,2679,frozen_train_only,True,purged_train
H4U50AEW,2017-07-01,2017-06-30,2679,frozen_train_only,True,train
8PU9FIQS,2017-07-01,2017-06-30,2679,frozen_train_only,True,train
FBQN3UM3,2017-07-01,2017-06-30,2679,frozen_train_only,True,train
MJ12SZ89,2017-07-01,2017-06-30,2679,frozen_train_only,True,train
B6F9PSRN,2017-07-01,2017-06-30,2679,frozen_train_only,True,purged_train
RLDIPPFT,2017-07-01,2017-06-30,2679,frozen_train_only,True,train
TKKSOBRC,2017-07-01,2017-06-30,2679,frozen_train_only,True,train
FCWU08BA,2017-07-01,2017-06-30,2679,frozen_train_only,True,train
AX63HIS9,2017-07-01,2017-06-30,2679,frozen_train_only,True,purged_train
1F8MPXZQ,2017-07-01,2017-06-30,2679,frozen_train_only,True,train
YY3ACGA2,2017-07-01,2017-06-30,2679,frozen_train_only,True,train
6MQA3YYW,2017-07-01,2017-06-30,2679,frozen_train_only,True,train
IM5AGXLX,2017-07-01,2017-06-30,2679,frozen_train_only,True,purged_train
313EIVW4,2017-07-02,2017-07-01,2699,frozen_train_only,True,train
NNAYAA7T,2017-07-02,2017-07-01,2699,frozen_train_only,True,train
019I751P,2017-07-02,2017-07-01,2699,frozen_train_only,True,train
5TRALM9T,2017-07-02,2017-07-01,2699,frozen_train_only,True,purged_train
LWC0UJWD,2017-07-02,2017-07-01,2699,frozen_train_only,True,train
PI0FYKXU,2017-07-02,2017-07-01,2699,frozen_train_only,True,train
I7QSO0VZ,2017-07-02,2017-07-01,2699,frozen_train_only,True,train
5AU1SJA7,2017-07-02,2017-07-01,2699,frozen_train_only,True,train
S9N98QU9,2017-07-02,2017-07-01,2699,frozen_train_only,True,train
A9Q7ERA4,2017-07-02,2017-07-01,2699,frozen_train_only,True,train
RY8Z6RH2,2017-07-02,2017-07-01,2699,frozen_train_only,True,train
9J8O59QW,2017-07-02,2017-07-01,2699,frozen_train_only,True,purged_train
KWVYR0LQ,2017-07-02,2017-07-01,2699,frozen_train_only,True,train
0D95JSVW,2017-07-02,2017-07-01,2699,frozen_train_only,True,purged_train
74JAOLQU,2017-07-02,2017-07-01,2699,frozen_train_only,True,purged_train
CMLYDJFN,2017-07-02,2017-07-01,2699,frozen_train_only,True,purged_train
TFQEGZ1X,2017-07-02,2017-07-01,2699,frozen_train_only,True,train
5COSD90U,2017-07-02,2017-07-01,2699,frozen_train_only,True,train
6TBAKLMX,2017-07-02,2017-07-01,2699,frozen_train_only,True,purged_train
B50V1XGA,2017-07-02,2017-07-01,2699,frozen_train_only,True,purged_train
SOW7H1RP,2017-07-02,2017-07-01,2699,frozen_train_only,True,train
OHJGW03I,2017-07-02,2017-07-01,2699,frozen_train_only,True,train
R6KPUAH7,2017-07-02,2017-07-01,2699,frozen_train_only,True,train
AJQC76NI,2017-07-02,2017-07-01,2699,frozen_train_only,True,purged_train
PH5GSB37,2017-07-03,2017-07-02,2721,frozen_train_only,True,purged_train
9OLZU3WB,2017-07-03,2017-07-02,2721,frozen_train_only,True,purged_train
JDXET5H9,2017-07-03,2017-07-02,2721,frozen_train_only,True,purged_train
8RE1600O,2017-07-03,2017-07-02,2721,frozen_train_only,True,train
NGMC9NSG,2017-07-03,2017-07-02,2721,frozen_train_only,True,train
G6FKELQV,2017-07-03,2017-07-02,2721,frozen_train_only,True,purged_train
IKNMU8HM,2017-07-03,2017-07-02,2721,frozen_train_only,True,purged_train
AHIDE6VS,2017-07-03,2017-07-02,2721,frozen_train_only,True,train
YZJLPVJG,2017-07-03,2017-07-02,2721,frozen_train_only,True,train
GOSCKNUX,2017-07-03,2017-07-02,2721,frozen_train_only,True,train
GC3IVG7S,2017-07-03,2017-07-02,2721,frozen_train_only,True,train
S81YI4QH,2017-07-03,2017-07-02,2721,frozen_train_only,True,train
M3MJY0CK,2017-07-03,2017-07-02,2721,frozen_train_only,True,purged_train
H2HNTSIP,2017-07-03,2017-07-02,2721,frozen_train_only,True,train
8APZZ20T,2017-07-03,2017-07-02,2721,frozen_train_only,True,purged_train
RABLXW5E,2017-07-03,2017-07-02,2721,frozen_train_only,True,purged_train
TJTOVN5K,2017-07-03,2017-07-02,2721,frozen_train_only,True,train
1IG94UUQ,2017-07-03,2017-07-02,2721,frozen_train_only,True,train
MN8UHP5B,2017-07-03,2017-07-02,2721,frozen_train_only,True,purged_train
D7JDQB12,2017-07-03,2017-07-02,2721,frozen_train_only,True,purged_train
GWI45VGH,2017-07-03,2017-07-02,2721,frozen_train_only,True,purged_train
G3TZD0CB,2017-07-03,2017-07-02,2721,frozen_train_only,True,train
1PAPS9QO,2017-07-03,2017-07-02,2721,frozen_train_only,True,train
WXCEZ7JY,2017-07-03,2017-07-02,2721,frozen_train_only,True,purged_train
WR45SVGN,2017-07-03,2017-07-02,2721,frozen_train_only,True,purged_train
WAFSPTW6,2017-07-03,2017-07-02,2721,frozen_train_only,True,train
5FYPINRL,2017-07-03,2017-07-02,2721,frozen_train_only,True,purged_train
VLPSQ076,2017-07-03,2017-07-02,2721,frozen_train_only,True,train
3AX6QBR3,2017-07-03,2017-07-02,2721,frozen_train_only,True,purged_train
ZY3AVAK0,2017-07-03,2017-07-02,2721,frozen_train_only,True,purged_train
FVCL72VU,2017-07-04,2017-07-03,2749,frozen_train_only,True,train
24OSGLGF,2017-07-04,2017-07-03,2749,frozen_train_only,True,train
31NQQEEO,2017-07-04,2017-07-03,2749,frozen_train_only,True,purged_train
ADRU5BLP,2017-07-04,2017-07-03,2749,frozen_train_only,True,train
AUPXRV8O,2017-07-04,2017-07-03,2749,frozen_train_only,True,purged_train
CI00UV0Y,2017-07-04,2017-07-03,2749,frozen_train_only,True,train
VH3C0A8F,2017-07-04,2017-07-03,2749,frozen_train_only,True,train
1E5MFGR7,2017-07-04,2017-07-03,2749,frozen_train_only,True,purged_train
TS2JEK3E,2017-07-04,2017-07-03,2749,frozen_train_only,True,purged_train
4R0TB2CL,2017-07-04,2017-07-03,2749,frozen_train_only,True,train
5OJ3QR1W,2017-07-04,2017-07-03,2749,frozen_train_only,True,purged_train
R162LSFR,2017-07-04,2017-07-03,2749,frozen_train_only,True,train
X7J3O7TC,2017-07-04,2017-07-03,2749,frozen_train_only,True,train
Q7RV0YW6,2017-07-04,2017-07-03,2749,frozen_train_only,True,train
S5E8MBO3,2017-07-04,2017-07-03,2749,frozen_train_only,True,purged_train
QE6A49LE,2017-07-04,2017-07-03,2749,frozen_train_only,True,train
XGMMHWZC,2017-07-04,2017-07-03,2749,frozen_train_only,True,purged_train
7MK55ULJ,2017-07-04,2017-07-03,2749,frozen_train_only,True,train
0VZIDVCC,2017-07-04,2017-07-03,2749,frozen_train_only,True,train
D1XYQH35,2017-07-04,2017-07-03,2749,frozen_train_only,True,purged_train
XAR2VX09,2017-07-04,2017-07-03,2749,frozen_train_only,True,train
YTQH4YM9,2017-07-04,2017-07-03,2749,frozen_train_only,True,train
KMLW6GXY,2017-07-04,2017-07-03,2749,frozen_train_only,True,train
IG734VZK,2017-07-04,2017-07-03,2749,frozen_train_only,True,train
W3C2KLXD,2017-07-04,2017-07-03,2749,frozen_train_only,True,purged_train
8Z1SIQSI,2017-07-04,2017-07-03,2749,frozen_train_only,True,train
IZJR1WDM,2017-07-04,2017-07-03,2749,frozen_train_only,True,purged_train
5MRPZ44K,2017-07-05,2017-07-04,2771,frozen_train_only,True,purged_train
W0LFL18P,2017-07-05,2017-07-04,2771,frozen_train_only,True,train
5H9ELV2H,2017-07-05,2017-07-04,2771,frozen_train_only,True,train
KDDN1E4O,2017-07-05,2017-07-04,2771,frozen_train_only,True,train
S8JALB62,2017-07-05,2017-07-04,2771,frozen_train_only,True,train
2HPCHBIL,2017-07-05,2017-07-04,2771,frozen_train_only,True,train
Q9JV7YXX,2017-07-05,2017-07-04,2771,frozen_train_only,True,purged_train
J3N73B00,2017-07-05,2017-07-04,2771,frozen_train_only,True,purged_train
STG85Q0N,2017-07-05,2017-07-04,2771,frozen_train_only,True,train
VMI5QYS3,2017-07-05,2017-07-04,2771,frozen_train_only,True,train
09W047QT,2017-07-05,2017-07-04,2771,frozen_train_only,True,purged_train
VXOZC2CN,2017-07-05,2017-07-04,2771,frozen_train_only,True,purged_train
JAMW5SWB,2017-07-05,2017-07-04,2771,frozen_train_only,True,train
WCKKFSVL,2017-07-05,2017-07-04,2771,frozen_train_only,True,train
GVCWDG9Y,2017-07-05,2017-07-04,2771,frozen_train_only,True,purged_train
UEXJN3Y6,2017-07-05,2017-07-04,2771,frozen_train_only,True,train
MCQGU5EA,2017-07-05,2017-07-04,2771,frozen_train_only,True,purged_train
M0IN22XH,2017-07-05,2017-07-04,2771,frozen_train_only,True,purged_train
8HWWW76K,2017-07-05,2017-07-04,2771,frozen_train_only,True,train
707CQDQK,2017-07-05,2017-07-04,2771,frozen_train_only,True,purged_train
4PTCB3CS,2017-07-05,2017-07-04,2771,frozen_train_only,True,train
IEB855X8,2017-07-05,2017-07-04,2771,frozen_train_only,True,purged_train
IDA8D96H,2017-07-05,2017-07-04,2771,frozen_train_only,True,train
DLQNAOWB,2017-07-05,2017-07-04,2771,frozen_train_only,True,train
R9V8QAPK,2017-07-05,2017-07-04,2771,frozen_train_only,True,train
P6KXSJPD,2017-07-05,2017-07-04,2771,frozen_train_only,True,train
KM0RKC4Q,2017-07-05,2017-07-04,2771,frozen_train_only,True,train
58TUIJ6D,2017-07-05,2017-07-04,2771,frozen_train_only,True,purged_train
BXOIQHTS,2017-07-05,2017-07-04,2771,frozen_train_only,True,purged_train
CC3B5DSU,2017-07-06,2017-07-05,2790,frozen_train_only,True,purged_train
GLM4XZLI,2017-07-06,2017-07-05,2790,frozen_train_only,True,train
K8VBNOW9,2017-07-06,2017-07-05,2790,frozen_train_only,True,purged_train
3GEDSDVN,2017-07-06,2017-07-05,2790,frozen_train_only,True,train
R0ZYAJFM,2017-07-06,2017-07-05,2790,frozen_train_only,True,train
R8X2RVQ2,2017-07-06,2017-07-05,2790,frozen_train_only,True,purged_train
DFG6OP8T,2017-07-06,2017-07-05,2790,frozen_train_only,True,purged_train
JB4MECWM,2017-07-06,2017-07-05,2790,frozen_train_only,True,train
CDGA1SD7,2017-07-06,2017-07-05,2790,frozen_train_only,True,purged_train
SBILEY2W,2017-07-06,2017-07-05,2790,frozen_train_only,True,train
JMTKEPXF,2017-07-06,2017-07-05,2790,frozen_train_only,True,purged_train
937CNF5D,2017-07-06,2017-07-05,2790,frozen_train_only,True,train
EQ399D3M,2017-07-06,2017-07-05,2790,frozen_train_only,True,train
DOVNGYN4,2017-07-06,2017-07-05,2790,frozen_train_only,True,train
A0IS9TWV,2017-07-06,2017-07-05,2790,frozen_train_only,True,purged_train
E7TDBIDS,2017-07-06,2017-07-05,2790,frozen_train_only,True,purged_train
TIFPUXSQ,2017-07-06,2017-07-05,2790,frozen_train_only,True,train
LXDCC260,2017-07-06,2017-07-05,2790,frozen_train_only,True,train
1Z72JRDI,2017-07-06,2017-07-05,2790,frozen_train_only,True,purged_train
XTBADYHW,2017-07-06,2017-07-05,2790,frozen_train_only,True,purged_train
PPDU7OWD,2017-07-06,2017-07-05,2790,frozen_train_only,True,train
CJ05Q2G5,2017-07-06,2017-07-05,2790,frozen_train_only,True,train
MON3JWUF,2017-07-06,2017-07-05,2790,frozen_train_only,True,train
SFMKU2FV,2017-07-06,2017-07-05,2790,frozen_train_only,True,purged_train
9FH2VYQQ,2017-07-06,2017-07-05,2790,frozen_train_only,True,train
PMVKMS6A,2017-07-06,2017-07-05,2790,frozen_train_only,True,purged_train
E62A05BH,2017-07-07,2017-07-06,2818,frozen_train_only,True,purged_train
U3GCADFV,2017-07-07,2017-07-06,2818,frozen_train_only,True,train
611J0LEK,2017-07-07,2017-07-06,2818,frozen_train_only,True,train
ZWA2ES4F,2017-07-07,2017-07-06,2818,frozen_train_only,True,purged_train
LNT5B9XY,2017-07-07,2017-07-06,2818,frozen_train_only,True,purged_train
CPQ348W9,2017-07-07,2017-07-06,2818,frozen_train_only,True,purged_train
UZ0MRAFU,2017-07-07,2017-07-06,2818,frozen_train_only,True,purged_train
VFO5EK6R,2017-07-07,2017-07-06,2818,frozen_train_only,True,train
GE5SORJX,2017-07-07,2017-07-06,2818,frozen_train_only,True,purged_train
03O9FNTZ,2017-07-07,2017-07-06,2818,frozen_train_only,True,train
FIQIRK37,2017-07-07,2017-07-06,2818,frozen_train_only,True,train
M6J6VNVQ,2017-07-07,2017-07-06,2818,frozen_train_only,True,purged_train
S767XDO3,2017-07-07,2017-07-06,2818,frozen_train_only,True,purged_train
ZPKCSV3R,2017-07-07,2017-07-06,2818,frozen_train_only,True,train
CLA3RTMS,2017-07-07,2017-07-06,2818,frozen_train_only,True,train
OJWV4RT2,2017-07-07,2017-07-06,2818,frozen_train_only,True,train
PMQCN4PR,2017-07-07,2017-07-06,2818,frozen_train_only,True,train
CBIFB5BB,2017-07-07,2017-07-06,2818,frozen_train_only,True,purged_train
BSVZWUXR,2017-07-07,2017-07-06,2818,frozen_train_only,True,purged_train
PU2UJDTV,2017-07-07,2017-07-06,2818,frozen_train_only,True,purged_train
LN9NU0A8,2017-07-07,2017-07-06,2818,frozen_train_only,True,purged_train
KD27RNU9,2017-07-07,2017-07-06,2818,frozen_train_only,True,purged_train
FN50OJHN,2017-07-07,2017-07-06,2818,frozen_train_only,True,train
YA68AAQK,2017-07-07,2017-07-06,2818,frozen_train_only,True,purged_train
90K2ZTKB,2017-07-07,2017-07-06,2818,frozen_train_only,True,purged_train
1M0THQSZ,2017-07-07,2017-07-06,2818,frozen_train_only,True,train
Y1GEH2EG,2017-07-07,2017-07-06,2818,frozen_train_only,True,train
593L4BNI,2017-07-07,2017-07-06,2818,frozen_train_only,True,train
83EZC8YK,2017-07-07,2017-07-06,2818,frozen_train_only,True,purged_train
4MTCQ31T,2017-07-08,2017-07-07,2841,frozen_train_only,True,purged_train
TJYNW3C7,2017-07-08,2017-07-07,2841,frozen_train_only,True,purged_train
COGZW25D,2017-07-08,2017-07-07,2841,frozen_train_only,True,purged_train
O83AR1CC,2017-07-08,2017-07-07,2841,frozen_train_only,True,train
BOG3D6D7,2017-07-08,2017-07-07,2841,frozen_train_only,True,purged_train
J03H7OQF,2017-07-08,2017-07-07,2841,frozen_train_only,True,purged_train
DJXM9LIW,2017-07-08,2017-07-07,2841,frozen_train_only,True,train
6XH71PH8,2017-07-08,2017-07-07,2841,frozen_train_only,True,purged_train
AW1U6QKR,2017-07-08,2017-07-07,2841,frozen_train_only,True,train
MAVEITJH,2017-07-08,2017-07-07,2841,frozen_train_only,True,purged_train
GUJNYTXN,2017-07-08,2017-07-07,2841,frozen_train_only,True,train
ELLLRB7A,2017-07-08,2017-07-07,2841,frozen_train_only,True,purged_train
F4EHCQIC,2017-07-08,2017-07-07,2841,frozen_train_only,True,purged_train
EHC9KQDN,2017-07-08,2017-07-07,2841,frozen_train_only,True,train
MBLFZPU2,2017-07-08,2017-07-07,2841,frozen_train_only,True,purged_train
L0SOZL9A,2017-07-08,2017-07-07,2841,frozen_train_only,True,purged_train
00XBYXIB,2017-07-08,2017-07-07,2841,frozen_train_only,True,train
ASN7OCWQ,2017-07-08,2017-07-07,2841,frozen_train_only,True,purged_train
SHS9HQX4,2017-07-08,2017-07-07,2841,frozen_train_only,True,purged_train
JYEQFGS5,2017-07-08,2017-07-07,2841,frozen_train_only,True,purged_train
S9DVJGUO,2017-07-08,2017-07-07,2841,frozen_train_only,True,purged_train
0YPN92QB,2017-07-08,2017-07-07,2841,frozen_train_only,True,train
UIA0FO51,2017-07-08,2017-07-07,2841,frozen_train_only,True,train
48J7F1A2,2017-07-08,2017-07-07,2841,frozen_train_only,True,purged_train
SFIMNCPZ,2017-07-08,2017-07-07,2841,frozen_train_only,True,train
57NT8T8S,2017-07-08,2017-07-07,2841,frozen_train_only,True,purged_train
7GLF1GBJ,2017-07-08,2017-07-07,2841,frozen_train_only,True,purged_train
YST07PM6,2017-07-08,2017-07-07,2841,frozen_train_only,True,purged_train
HPU7RQG6,2017-07-08,2017-07-07,2841,frozen_train_only,True,purged_train
6Z1XK6YR,2017-07-08,2017-07-07,2841,frozen_train_only,True,purged_train
045D5MZO,2017-07-08,2017-07-07,2841,frozen_train_only,True,purged_train
K1UREXI5,2017-07-09,2017-07-08,2855,frozen_train_only,True,purged_train
M7Y1LHHA,2017-07-09,2017-07-08,2855,frozen_train_only,True,purged_train
WP6SUIMC,2017-07-09,2017-07-08,2855,frozen_train_only,True,purged_train
SGI5I4X1,2017-07-09,2017-07-08,2855,frozen_train_only,True,train
U07VUUGP,2017-07-09,2017-07-08,2855,frozen_train_only,True,purged_train
SEC6K7X2,2017-07-09,2017-07-08,2855,frozen_train_only,True,purged_train
MXVBWIE5,2017-07-09,2017-07-08,2855,frozen_train_only,True,purged_train
794F5VJB,2017-07-09,2017-07-08,2855,frozen_train_only,True,purged_train
TNEB1XNK,2017-07-09,2017-07-08,2855,frozen_train_only,True,purged_train
P60PIE95,2017-07-09,2017-07-08,2855,frozen_train_only,True,purged_train
QKOAWRXD,2017-07-09,2017-07-08,2855,frozen_train_only,True,purged_train
NC7V5K1T,2017-07-09,2017-07-08,2855,frozen_train_only,True,purged_train
XTAPYDDI,2017-07-09,2017-07-08,2855,frozen_train_only,True,train
0CTHPQGT,2017-07-09,2017-07-08,2855,frozen_train_only,True,purged_train
N9KFOKLS,2017-07-09,2017-07-08,2855,frozen_train_only,True,train
02SSRMSA,2017-07-09,2017-07-08,2855,frozen_train_only,True,train
HBJPBF3P,2017-07-09,2017-07-08,2855,frozen_train_only,True,purged_train
E6D2DBXF,2017-07-09,2017-07-08,2855,frozen_train_only,True,train
OUMM04QV,2017-07-09,2017-07-08,2855,frozen_train_only,True,purged_train
TZQWGMG7,2017-07-09,2017-07-08,2855,frozen_train_only,True,purged_train
66KFPHBT,2017-07-09,2017-07-08,2855,frozen_train_only,True,purged_train
WL4TLMUC,2017-07-09,2017-07-08,2855,frozen_train_only,True,purged_train
HXMJ5048,2017-07-09,2017-07-08,2855,frozen_train_only,True,purged_train
6178B4JM,2017-07-10,2017-07-09,2881,frozen_train_only,True,purged_train
WC7KCJ2N,2017-07-10,2017-07-09,2881,frozen_train_only,True,purged_train
5GBVA3ZZ,2017-07-10,2017-07-09,2881,frozen_train_only,True,purged_train
B7WWPCO6,2017-07-10,2017-07-09,2881,frozen_train_only,True,purged_train
152DN1FE,2017-07-10,2017-07-09,2881,frozen_train_only,True,train
3NJHQZT6,2017-07-10,2017-07-09,2881,frozen_train_only,True,purged_train
9GOWJ93R,2017-07-10,2017-07-09,2881,frozen_train_only,True,purged_train
QAB3H9H5,2017-07-10,2017-07-09,2881,frozen_train_only,True,train
9B9VDAFU,2017-07-10,2017-07-09,2881,frozen_train_only,True,purged_train
L9F6QP4P,2017-07-10,2017-07-09,2881,frozen_train_only,True,purged_train
1D5AYQO6,2017-07-10,2017-07-09,2881,frozen_train_only,True,purged_train
6WR7JQ3C,2017-07-10,2017-07-09,2881,frozen_train_only,True,purged_train
Y2XXRYMX,2017-07-10,2017-07-09,2881,frozen_train_only,True,purged_train
Z9DK5289,2017-07-10,2017-07-09,2881,frozen_train_only,True,train
MN34I4DD,2017-07-10,2017-07-09,2881,frozen_train_only,True,purged_train
9CQ6TMET,2017-07-10,2017-07-09,2881,frozen_train_only,True,train
N54HHLC4,2017-07-10,2017-07-09,2881,frozen_train_only,True,train
TPP1IGKV,2017-07-10,2017-07-09,2881,frozen_train_only,True,purged_train
9USDNUBL,2017-07-10,2017-07-09,2881,frozen_train_only,True,purged_train
Q82O5QTN,2017-07-10,2017-07-09,2881,frozen_train_only,True,train
2HVDAY4L,2017-07-10,2017-07-09,2881,frozen_train_only,True,purged_train
0FGWN6O0,2017-07-10,2017-07-09,2881,frozen_train_only,True,purged_train
FQXZBTEG,2017-07-10,2017-07-09,2881,frozen_train_only,True,purged_train
8IGYTN3H,2017-07-10,2017-07-09,2881,frozen_train_only,True,purged_train
OTNZ5ZCN,2017-07-10,2017-07-09,2881,frozen_train_only,True,purged_train
7O2ISWVB,2017-07-10,2017-07-09,2881,frozen_train_only,True,purged_train
QUAD5082,2017-07-11,2017-07-10,2896,frozen_train_only,True,purged_train
P6H45Y25,2017-07-11,2017-07-10,2896,frozen_train_only,True,purged_train
28EVFB8G,2017-07-11,2017-07-10,2896,frozen_train_only,True,train
VV5LDD24,2017-07-11,2017-07-10,2896,frozen_train_only,True,train
SF3KBDJF,2017-07-11,2017-07-10,2896,frozen_train_only,True,purged_train
DKUVKTIT,2017-07-11,2017-07-10,2896,frozen_train_only,True,purged_train
OYUUU6B9,2017-07-11,2017-07-10,2896,frozen_train_only,True,purged_train
IIVNXACR,2017-07-11,2017-07-10,2896,frozen_train_only,True,train
OWBGBQ4G,2017-07-11,2017-07-10,2896,frozen_train_only,True,purged_train
X2EH33CU,2017-07-11,2017-07-10,2896,frozen_train_only,True,train
GNT6EM5M,2017-07-11,2017-07-10,2896,frozen_train_only,True,train
U3ZMURXR,2017-07-11,2017-07-10,2896,frozen_train_only,True,purged_train
4UTOXXV4,2017-07-11,2017-07-10,2896,frozen_train_only,True,train
KHWG1W75,2017-07-11,2017-07-10,2896,frozen_train_only,True,purged_train
MWAW08I7,2017-07-11,2017-07-10,2896,frozen_train_only,True,train
0QV1LRME,2017-07-11,2017-07-10,2896,frozen_train_only,True,purged_train
63GAY8GB,2017-07-11,2017-07-10,2896,frozen_train_only,True,purged_train
GXHAIS33,2017-07-11,2017-07-10,2896,frozen_train_only,True,purged_train
VBRZZAP8,2017-07-11,2017-07-10,2896,frozen_train_only,True,purged_train
JR76K5YA,2017-07-11,2017-07-10,2896,frozen_train_only,True,purged_train
Z3TX2K6F,2017-07-11,2017-07-10,2896,frozen_train_only,True,purged_train
RGUC0V54,2017-07-11,2017-07-10,2896,frozen_train_only,True,purged_train
M93A8LTF,2017-07-11,2017-07-10,2896,frozen_train_only,True,purged_train
CQW6TYOX,2017-07-11,2017-07-10,2896,frozen_train_only,True,purged_train
P7H8UY1P,2017-07-11,2017-07-10,2896,frozen_train_only,True,purged_train
6XLFG3VK,2017-07-11,2017-07-10,2896,frozen_train_only,True,purged_train
9ZPY98PB,2017-07-11,2017-07-10,2896,frozen_train_only,True,train
YRXDI9E8,2017-07-11,2017-07-10,2896,frozen_train_only,True,purged_train
1JB82QZ0,2017-07-11,2017-07-10,2896,frozen_train_only,True,train
G5GPTVMU,2017-07-12,2017-07-11,2914,frozen_train_only,True,purged_train
856VG3CS,2017-07-12,2017-07-11,2914,frozen_train_only,True,purged_train
J80ZEYYM,2017-07-12,2017-07-11,2914,frozen_train_only,True,purged_train
T51ULXCZ,2017-07-12,2017-07-11,2914,frozen_train_only,True,purged_train
3S73ZUQH,2017-07-12,2017-07-11,2914,frozen_train_only,True,purged_train
JUU6C7NO,2017-07-12,2017-07-11,2914,frozen_train_only,True,purged_train
8SNDBWPP,2017-07-12,2017-07-11,2914,frozen_train_only,True,purged_train
0PH153YF,2017-07-12,2017-07-11,2914,frozen_train_only,True,train
YNYZNOWR,2017-07-12,2017-07-11,2914,frozen_train_only,True,purged_train
HUNM56HY,2017-07-12,2017-07-11,2914,frozen_train_only,True,purged_train
SIONXEMH,2017-07-12,2017-07-11,2914,frozen_train_only,True,train
JX08Z5L5,2017-07-12,2017-07-11,2914,frozen_train_only,True,purged_train
BUJ1TX7Y,2017-07-12,2017-07-11,2914,frozen_train_only,True,purged_train
6C70OX62,2017-07-12,2017-07-11,2914,frozen_train_only,True,purged_train
V9WVYEE9,2017-07-12,2017-07-11,2914,frozen_train_only,True,purged_train
3N6BHLN6,2017-07-12,2017-07-11,2914,frozen_train_only,True,purged_train
SQWCQRGY,2017-07-12,2017-07-11,2914,frozen_train_only,True,train
32K5LEDV,2017-07-12,2017-07-11,2914,frozen_train_only,True,purged_train
XW1ONOVO,2017-07-13,2017-07-12,2938,frozen_train_only,True,purged_train
100W6J9A,2017-07-13,2017-07-12,2938,frozen_train_only,True,purged_train
YYRYSVOO,2017-07-13,2017-07-12,2938,frozen_train_only,True,purged_train
P7AX4B3N,2017-07-13,2017-07-12,2938,frozen_train_only,True,purged_train
GC1TSADL,2017-07-13,2017-07-12,2938,frozen_train_only,True,purged_train
QF1I965E,2017-07-13,2017-07-12,2938,frozen_train_only,True,purged_train
P93UCMW8,2017-07-13,2017-07-12,2938,frozen_train_only,True,purged_train
YKBRF0NG,2017-07-13,2017-07-12,2938,frozen_train_only,True,purged_train
OP2DIRC2,2017-07-13,2017-07-12,2938,frozen_train_only,True,purged_train
VIHXI2JA,2017-07-13,2017-07-12,2938,frozen_train_only,True,train
IC4J0BIZ,2017-07-13,2017-07-12,2938,frozen_train_only,True,purged_train
BNMJAOF4,2017-07-13,2017-07-12,2938,frozen_train_only,True,purged_train
VSWHUBD0,2017-07-13,2017-07-12,2938,frozen_train_only,True,train
7ZWN0JO9,2017-07-13,2017-07-12,2938,frozen_train_only,True,purged_train
KLPVD6LR,2017-07-13,2017-07-12,2938,frozen_train_only,True,purged_train
U3M8XTMY,2017-07-13,2017-07-12,2938,frozen_train_only,True,purged_train
P89VI9EN,2017-07-13,2017-07-12,2938,frozen_train_only,True,purged_train
SPUXDRGN,2017-07-13,2017-07-12,2938,frozen_train_only,True,purged_train
PDIYRBQJ,2017-07-13,2017-07-12,2938,frozen_train_only,True,purged_train
185PGG0J,2017-07-14,2017-07-13,2957,frozen_train_only,True,purged_train
QQ5LW9HV,2017-07-14,2017-07-13,2957,frozen_train_only,True,purged_train
8EF4D82U,2017-07-14,2017-07-13,2957,frozen_train_only,True,purged_train
GFMLCHB0,2017-07-14,2017-07-13,2957,frozen_train_only,True,purged_train
TFS537LA,2017-07-14,2017-07-13,2957,frozen_train_only,True,purged_train
2X86737Q,2017-07-14,2017-07-13,2957,frozen_train_only,True,purged_train
HSZOPWWT,2017-07-14,2017-07-13,2957,frozen_train_only,True,purged_train
1KVGSF08,2017-07-14,2017-07-13,2957,frozen_train_only,True,purged_train
UDFMSH1S,2017-07-14,2017-07-13,2957,frozen_train_only,True,purged_train
516C0X9F,2017-07-14,2017-07-13,2957,frozen_train_only,True,purged_train
DPAEMTHC,2017-07-14,2017-07-13,2957,frozen_train_only,True,purged_train
A6T69X6T,2017-07-14,2017-07-13,2957,frozen_train_only,True,purged_train
DDD515FB,2017-07-14,2017-07-13,2957,frozen_train_only,True,purged_train
6GKGGY0U,2017-07-14,2017-07-13,2957,frozen_train_only,True,purged_train
8M6TB2ZX,2017-07-14,2017-07-13,2957,frozen_train_only,True,purged_train
BABQISCH,2017-07-14,2017-07-13,2957,frozen_train_only,True,purged_train
T46KPPNB,2017-07-14,2017-07-13,2957,frozen_train_only,True,purged_train
9CE6F4NZ,2017-07-14,2017-07-13,2957,frozen_train_only,True,purged_train
Z9KNL9A1,2017-07-14,2017-07-13,2957,frozen_train_only,True,purged_train
7JBR36G8,2017-07-14,2017-07-13,2957,frozen_train_only,True,purged_train
EYTBRK2B,2017-07-14,2017-07-13,2957,frozen_train_only,True,purged_train
KFXZNC4N,2017-07-14,2017-07-13,2957,frozen_train_only,True,purged_train
SJ62BMK5,2017-07-14,2017-07-13,2957,frozen_train_only,True,purged_train
YDJV1DFE,2017-07-14,2017-07-13,2957,frozen_train_only,True,purged_train
GHDAXC7T,2017-07-14,2017-07-13,2957,frozen_train_only,True,purged_train
FQQ2JJZ1,2017-07-14,2017-07-13,2957,frozen_train_only,True,purged_train
NCJJBWU3,2017-07-14,2017-07-13,2957,frozen_train_only,True,purged_train
8SGMUWET,2017-07-14,2017-07-13,2957,frozen_train_only,True,purged_train
3KVS08NL,2017-07-14,2017-07-13,2957,frozen_train_only,True,purged_train
CLIIR1T0,2017-07-14,2017-07-13,2957,frozen_train_only,True,purged_train
PHXX81YF,2017-07-15,2017-07-14,2975,frozen_train_only,True,validation
6K7LDRKR,2017-07-15,2017-07-14,2975,frozen_train_only,True,purged_validation
J6UOUH6Y,2017-07-15,2017-07-14,2975,frozen_train_only,True,validation
2EYTB3PX,2017-07-15,2017-07-14,2975,frozen_train_only,True,validation
1U945R0D,2017-07-15,2017-07-14,2975,frozen_train_only,True,validation
FX4D649Y,2017-07-15,2017-07-14,2975,frozen_train_only,True,validation
4QBSY3CB,2017-07-15,2017-07-14,2975,frozen_train_only,True,validation
ZWVRS27V,2017-07-15,2017-07-14,2975,frozen_train_only,True,purged_validation
8BBXNESQ,2017-07-15,2017-07-14,2975,frozen_train_only,True,validation
3JJ7YI88,2017-07-15,2017-07-14,2975,frozen_train_only,True,validation
AKMDEG3I,2017-07-15,2017-07-14,2975,frozen_train_only,True,validation
568NS3GO,2017-07-15,2017-07-14,2975,frozen_train_only,True,validation
TQLO6QP6,2017-07-15,2017-07-14,2975,frozen_train_only,True,validation
DLVEVD9O,2017-07-15,2017-07-14,2975,frozen_train_only,True,validation
C75RV9DY,2017-07-15,2017-07-14,2975,frozen_train_only,True,validation
EUQCW0ZA,2017-07-15,2017-07-14,2975,frozen_train_only,True,validation
CEOMZE9H,2017-07-15,2017-07-14,2975,frozen_train_only,True,validation
TT5QRQTF,2017-07-15,2017-07-14,2975,frozen_train_only,True,validation
5NXD4U83,2017-07-15,2017-07-14,2975,frozen_train_only,True,validation
1IL51ZIW,2017-07-15,2017-07-14,2975,frozen_train_only,True,validation
CM33NN0P,2017-07-15,2017-07-14,2975,frozen_train_only,True,validation
P3QQIMTA,2017-07-16,2017-07-14,2975,frozen_train_only,True,validation
WB1CQNJU,2017-07-16,2017-07-14,2975,frozen_train_only,True,validation
OQYDQCTM,2017-07-16,2017-07-14,2975,frozen_train_only,True,validation
M1VNX1D7,2017-07-16,2017-07-14,2975,frozen_train_only,True,validation
TWO2Q99P,2017-07-16,2017-07-14,2975,frozen_train_only,True,purged_validation
72UVDOKU,2017-07-16,2017-07-14,2975,frozen_train_only,True,validation
DMSQ0TSG,2017-07-16,2017-07-14,2975,frozen_train_only,True,validation
FEWIDJGH,2017-07-16,2017-07-14,2975,frozen_train_only,True,validation
AUZM3MLU,2017-07-16,2017-07-14,2975,frozen_train_only,True,purged_validation
GS2CLR52,2017-07-16,2017-07-14,2975,frozen_train_only,True,validation
HYP3SXPV,2017-07-16,2017-07-14,2975,frozen_train_only,True,validation
9G93P7SV,2017-07-16,2017-07-14,2975,frozen_train_only,True,purged_validation
7XSAHM67,2017-07-16,2017-07-14,2975,frozen_train_only,True,purged_validation
N7MDRJ01,2017-07-16,2017-07-14,2975,frozen_train_only,True,validation
4ID56TXX,2017-07-16,2017-07-14,2975,frozen_train_only,True,validation
ZOX0FW5W,2017-07-16,2017-07-14,2975,frozen_train_only,True,validation
4SFRUL8J,2017-07-16,2017-07-14,2975,frozen_train_only,True,validation
UB2UAI38,2017-07-16,2017-07-14,2975,frozen_train_only,True,validation
B00OD1IF,2017-07-16,2017-07-14,2975,frozen_train_only,True,validation
OGO6SNTQ,2017-07-16,2017-07-14,2975,frozen_train_only,True,validation
I6ZC5V1K,2017-07-16,2017-07-14,2975,frozen_train_only,True,validation
1N3G9WG2,2017-07-16,2017-07-14,2975,frozen_train_only,True,validation
JHNXPUNX,2017-07-16,2017-07-14,2975,frozen_train_only,True,validation
NPHD3ZTC,2017-07-16,2017-07-14,2975,frozen_train_only,True,validation
06KTPHYC,2017-07-16,2017-07-14,2975,frozen_train_only,True,validation
YCA44Q4U,2017-07-16,2017-07-14,2975,frozen_train_only,True,validation
FR4GTSEQ,2017-07-16,2017-07-14,2975,frozen_train_only,True,validation
S46ZLF3G,2017-07-17,2017-07-14,2975,frozen_train_only,True,validation
WHZEK68G,2017-07-17,2017-07-14,2975,frozen_train_only,True,validation
DAJBIHBZ,2017-07-17,2017-07-14,2975,frozen_train_only,True,validation
P6BJ24ZP,2017-07-17,2017-07-14,2975,frozen_train_only,True,validation
XORHQFNJ,2017-07-17,2017-07-14,2975,frozen_train_only,True,validation
ZFRPQV2M,2017-07-17,2017-07-14,2975,frozen_train_only,True,purged_validation
RVRBCZAI,2017-07-17,2017-07-14,2975,frozen_train_only,True,validation
2897DN4S,2017-07-17,2017-07-14,2975,frozen_train_only,True,validation
1DIL2X16,2017-07-17,2017-07-14,2975,frozen_train_only,True,validation
BMQEY089,2017-07-17,2017-07-14,2975,frozen_train_only,True,validation
CYOJ4G39,2017-07-17,2017-07-14,2975,frozen_train_only,True,validation
5IOG6X00,2017-07-17,2017-07-14,2975,frozen_train_only,True,validation
QG6BCBXM,2017-07-17,2017-07-14,2975,frozen_train_only,True,validation
CAXTE48L,2017-07-17,2017-07-14,2975,frozen_train_only,True,validation
OO3BM7A9,2017-07-17,2017-07-14,2975,frozen_train_only,True,purged_validation
NYPU55W4,2017-07-17,2017-07-14,2975,frozen_train_only,True,purged_validation
VE334W2U,2017-07-17,2017-07-14,2975,frozen_train_only,True,purged_validation
AX7WS66G,2017-07-17,2017-07-14,2975,frozen_train_only,True,validation
OB8UCQ17,2017-07-17,2017-07-14,2975,frozen_train_only,True,validation
BV4JZ4G8,2017-07-17,2017-07-14,2975,frozen_train_only,True,validation
8CV5MZWW,2017-07-17,2017-07-14,2975,frozen_train_only,True,validation
3L965RUK,2017-07-17,2017-07-14,2975,frozen_train_only,True,validation
RZ8HI1Y5,2017-07-17,2017-07-14,2975,frozen_train_only,True,validation
IYKSBD0U,2017-07-17,2017-07-14,2975,frozen_train_only,True,validation
YVGDC8L2,2017-07-17,2017-07-14,2975,frozen_train_only,True,validation
JZU0JH07,2017-07-17,2017-07-14,2975,frozen_train_only,True,purged_validation
ZEWNPF3K,2017-07-17,2017-07-14,2975,frozen_train_only,True,purged_validation
6T64JWH9,2017-07-17,2017-07-14,2975,frozen_train_only,True,validation
E7RTG575,2017-07-17,2017-07-14,2975,frozen_train_only,True,validation
I9U5PCM3,2017-07-17,2017-07-14,2975,frozen_train_only,True,purged_validation
H1Y2W48V,2017-07-17,2017-07-14,2975,frozen_train_only,True,validation
YFNRXR7X,2017-07-17,2017-07-14,2975,frozen_train_only,True,validation
9MZPL59I,2017-07-17,2017-07-14,2975,frozen_train_only,True,validation
1RL933VJ,2017-07-17,2017-07-14,2975,frozen_train_only,True,purged_validation
GAE0E4RI,2017-07-17,2017-07-14,2975,frozen_train_only,True,validation
VBN56JMP,2017-07-17,2017-07-14,2975,frozen_train_only,True,validation
7ITUU2YO,2017-07-17,2017-07-14,2975,frozen_train_only,True,validation
NDLX894H,2017-07-17,2017-07-14,2975,frozen_train_only,True,validation
6ALH2N0I,2017-07-17,2017-07-14,2975,frozen_train_only,True,validation
G8XGVIG2,2017-07-17,2017-07-14,2975,frozen_train_only,True,validation
HCR2GJ3O,2017-07-17,2017-07-14,2975,frozen_train_only,True,validation
QABD6SAS,2017-07-17,2017-07-14,2975,frozen_train_only,True,purged_validation
GUJCRHYU,2017-07-17,2017-07-14,2975,frozen_train_only,True,validation
SHKTBB71,2017-07-18,2017-07-14,2975,frozen_train_only,True,validation
G0L0B1QC,2017-07-18,2017-07-14,2975,frozen_train_only,True,validation
3YC624RD,2017-07-18,2017-07-14,2975,frozen_train_only,True,validation
715TBGPE,2017-07-18,2017-07-14,2975,frozen_train_only,True,validation
1Q3JQFAU,2017-07-18,2017-07-14,2975,frozen_train_only,True,validation
O3K5RKMI,2017-07-18,2017-07-14,2975,frozen_train_only,True,validation
75P6HFA0,2017-07-18,2017-07-14,2975,frozen_train_only,True,validation
NE0XCH5E,2017-07-18,2017-07-14,2975,frozen_train_only,True,validation
W01768VM,2017-07-18,2017-07-14,2975,frozen_train_only,True,validation
38CPLDAR,2017-07-18,2017-07-14,2975,frozen_train_only,True,validation
TZRNKT72,2017-07-18,2017-07-14,2975,frozen_train_only,True,validation
4LXAW8CH,2017-07-18,2017-07-14,2975,frozen_train_only,True,validation
GOGIZWW6,2017-07-18,2017-07-14,2975,frozen_train_only,True,purged_validation
DOPOI0R5,2017-07-18,2017-07-14,2975,frozen_train_only,True,validation
69V1WQLK,2017-07-18,2017-07-14,2975,frozen_train_only,True,validation
FEDXQCKJ,2017-07-18,2017-07-14,2975,frozen_train_only,True,validation
RSP75BOI,2017-07-18,2017-07-14,2975,frozen_train_only,True,validation
CKDPWHTZ,2017-07-18,2017-07-14,2975,frozen_train_only,True,validation
ECBFFQL0,2017-07-18,2017-07-14,2975,frozen_train_only,True,validation
Z8HW4Z9W,2017-07-18,2017-07-14,2975,frozen_train_only,True,validation
0KVZKA5T,2017-07-18,2017-07-14,2975,frozen_train_only,True,validation
944H7LRC,2017-07-18,2017-07-14,2975,frozen_train_only,True,validation
F0OWRRLN,2017-07-18,2017-07-14,2975,frozen_train_only,True,validation
P4RLJHR3,2017-07-18,2017-07-14,2975,frozen_train_only,True,purged_validation
M10S36W3,2017-07-18,2017-07-14,2975,frozen_train_only,True,purged_validation
HT8UEA0H,2017-07-18,2017-07-14,2975,frozen_train_only,True,validation
GR6C7GQ9,2017-07-18,2017-07-14,2975,frozen_train_only,True,validation
G11DEJSL,2017-07-19,2017-07-14,2975,frozen_train_only,True,validation
BP45IP77,2017-07-19,2017-07-14,2975,frozen_train_only,True,validation
3XJI7AD8,2017-07-19,2017-07-14,2975,frozen_train_only,True,purged_validation
XP7YG96H,2017-07-19,2017-07-14,2975,frozen_train_only,True,validation
GP4JNSJY,2017-07-19,2017-07-14,2975,frozen_train_only,True,validation
EBVL81O5,2017-07-19,2017-07-14,2975,frozen_train_only,True,validation
NDHQMBA0,2017-07-19,2017-07-14,2975,frozen_train_only,True,validation
XV03TJV1,2017-07-19,2017-07-14,2975,frozen_train_only,True,validation
FQ5A489H,2017-07-19,2017-07-14,2975,frozen_train_only,True,validation
3PZ6Y6AJ,2017-07-19,2017-07-14,2975,frozen_train_only,True,validation
564Y2IOV,2017-07-19,2017-07-14,2975,frozen_train_only,True,validation
W7VULS00,2017-07-19,2017-07-14,2975,frozen_train_only,True,purged_validation
PLW3NMLJ,2017-07-19,2017-07-14,2975,frozen_train_only,True,validation
MMVGTXDB,2017-07-19,2017-07-14,2975,frozen_train_only,True,validation
6UCZ36IC,2017-07-19,2017-07-14,2975,frozen_train_only,True,purged_validation
4IC989F8,2017-07-19,2017-07-14,2975,frozen_train_only,True,validation
Y5FM7TJT,2017-07-19,2017-07-14,2975,frozen_train_only,True,validation
OB3K0SVW,2017-07-19,2017-07-14,2975,frozen_train_only,True,validation
WWOCI25Z,2017-07-19,2017-07-14,2975,frozen_train_only,True,validation
1UFFP5T3,2017-07-19,2017-07-14,2975,frozen_train_only,True,validation
ALMZ6ZUI,2017-07-19,2017-07-14,2975,frozen_train_only,True,validation
B4UIGJRX,2017-07-19,2017-07-14,2975,frozen_train_only,True,validation
ZCAEQT06,2017-07-19,2017-07-14,2975,frozen_train_only,True,validation
XBO6IN0E,2017-07-19,2017-07-14,2975,frozen_train_only,True,purged_validation
U1SBKB0U,2017-07-19,2017-07-14,2975,frozen_train_only,True,validation
8S7IAR2D,2017-07-19,2017-07-14,2975,frozen_train_only,True,purged_validation
RWQKOD1W,2017-07-19,2017-07-14,2975,frozen_train_only,True,purged_validation
6TOOTFQV,2017-07-19,2017-07-14,2975,frozen_train_only,True,validation
I776MNA8,2017-07-19,2017-07-14,2975,frozen_train_only,True,validation
VG17J29L,2017-07-19,2017-07-14,2975,frozen_train_only,True,validation
F7R8ICT8,2017-07-19,2017-07-14,2975,frozen_train_only,True,validation
KULR6FMD,2017-07-19,2017-07-14,2975,frozen_train_only,True,validation
KOG75BRP,2017-07-20,2017-07-14,2975,frozen_train_only,True,purged_validation
SV3T5L5N,2017-07-20,2017-07-14,2975,frozen_train_only,True,validation
THRXY3SV,2017-07-20,2017-07-14,2975,frozen_train_only,True,validation
9BFHDZOK,2017-07-20,2017-07-14,2975,frozen_train_only,True,validation
IHOU09D6,2017-07-20,2017-07-14,2975,frozen_train_only,True,purged_validation
BJWS06GX,2017-07-20,2017-07-14,2975,frozen_train_only,True,validation
4IVW7F68,2017-07-20,2017-07-14,2975,frozen_train_only,True,validation
ROSYV895,2017-07-20,2017-07-14,2975,frozen_train_only,True,purged_validation
3V7Q3G52,2017-07-20,2017-07-14,2975,frozen_train_only,True,validation
4U3OSLNM,2017-07-20,2017-07-14,2975,frozen_train_only,True,validation
LX4D50OF,2017-07-20,2017-07-14,2975,frozen_train_only,True,validation
CWBHL1S7,2017-07-20,2017-07-14,2975,frozen_train_only,True,validation
FCBBJJIJ,2017-07-20,2017-07-14,2975,frozen_train_only,True,validation
1D1L6FJX,2017-07-20,2017-07-14,2975,frozen_train_only,True,validation
L2P99XIG,2017-07-20,2017-07-14,2975,frozen_train_only,True,purged_validation
DEN2BPRR,2017-07-20,2017-07-14,2975,frozen_train_only,True,purged_validation
1QGOH13Z,2017-07-20,2017-07-14,2975,frozen_train_only,True,validation
PCTOIQZA,2017-07-20,2017-07-14,2975,frozen_train_only,True,purged_validation
8AK1G9IT,2017-07-20,2017-07-14,2975,frozen_train_only,True,purged_validation
AEMGFUYH,2017-07-20,2017-07-14,2975,frozen_train_only,True,validation
6GLF0PU0,2017-07-20,2017-07-14,2975,frozen_train_only,True,validation
908W84Y6,2017-07-20,2017-07-14,2975,frozen_train_only,True,validation
48CVYAIE,2017-07-20,2017-07-14,2975,frozen_train_only,True,validation
ULY6LFT1,2017-07-20,2017-07-14,2975,frozen_train_only,True,validation
IYDR200I,2017-07-20,2017-07-14,2975,frozen_train_only,True,validation
2QHB4SYK,2017-07-20,2017-07-14,2975,frozen_train_only,True,validation
JNDSA5B4,2017-07-21,2017-07-14,2975,frozen_train_only,True,purged_validation
L3DT2WVO,2017-07-21,2017-07-14,2975,frozen_train_only,True,purged_validation
OCMCRBJR,2017-07-21,2017-07-14,2975,frozen_train_only,True,purged_validation
II0SKLFO,2017-07-21,2017-07-14,2975,frozen_train_only,True,validation
LIYJSU0E,2017-07-21,2017-07-14,2975,frozen_train_only,True,validation
SEDTNUD7,2017-07-21,2017-07-14,2975,frozen_train_only,True,validation
9UO306XU,2017-07-21,2017-07-14,2975,frozen_train_only,True,validation
GN16L9RW,2017-07-21,2017-07-14,2975,frozen_train_only,True,validation
GVRA1VJJ,2017-07-21,2017-07-14,2975,frozen_train_only,True,validation
TBXMDI2Q,2017-07-21,2017-07-14,2975,frozen_train_only,True,validation
L6CE1E4L,2017-07-21,2017-07-14,2975,frozen_train_only,True,purged_validation
RNCYPVJO,2017-07-21,2017-07-14,2975,frozen_train_only,True,validation
9UTOQBAH,2017-07-21,2017-07-14,2975,frozen_train_only,True,validation
PAUXUGK3,2017-07-21,2017-07-14,2975,frozen_train_only,True,validation
HWY9HTK2,2017-07-21,2017-07-14,2975,frozen_train_only,True,validation
983QHALZ,2017-07-21,2017-07-14,2975,frozen_train_only,True,validation
P5B6BZWO,2017-07-21,2017-07-14,2975,frozen_train_only,True,validation
F7ZPP0C4,2017-07-21,2017-07-14,2975,frozen_train_only,True,validation
N0UCNVKJ,2017-07-21,2017-07-14,2975,frozen_train_only,True,validation
5OAWTEIU,2017-07-21,2017-07-14,2975,frozen_train_only,True,validation
55NG8O95,2017-07-21,2017-07-14,2975,frozen_train_only,True,validation
DL3Q5HAD,2017-07-21,2017-07-14,2975,frozen_train_only,True,validation
0T9EBKZL,2017-07-21,2017-07-14,2975,frozen_train_only,True,validation
6KOHYTT4,2017-07-21,2017-07-14,2975,frozen_train_only,True,validation
3L8ECZK8,2017-07-21,2017-07-14,2975,frozen_train_only,True,purged_validation
JAH8NGC2,2017-07-21,2017-07-14,2975,frozen_train_only,True,purged_validation
93818DZF,2017-07-21,2017-07-14,2975,frozen_train_only,True,purged_validation
7B3DXNZL,2017-07-21,2017-07-14,2975,frozen_train_only,True,validation
DZAFN4I1,2017-07-21,2017-07-14,2975,frozen_train_only,True,validation
RZYCBSQN,2017-07-22,2017-07-14,2975,frozen_train_only,True,validation
84BIAFGY,2017-07-22,2017-07-14,2975,frozen_train_only,True,purged_validation
YQACOZV4,2017-07-22,2017-07-14,2975,frozen_train_only,True,validation
DNIX6FCG,2017-07-22,2017-07-14,2975,frozen_train_only,True,validation
6U7RD3TG,2017-07-22,2017-07-14,2975,frozen_train_only,True,validation
610D6711,2017-07-22,2017-07-14,2975,frozen_train_only,True,purged_validation
3Z5NBGAT,2017-07-22,2017-07-14,2975,frozen_train_only,True,validation
WNRDPS5I,2017-07-22,2017-07-14,2975,frozen_train_only,True,validation
ZUSDWKSM,2017-07-22,2017-07-14,2975,frozen_train_only,True,validation
NK1TQTYO,2017-07-22,2017-07-14,2975,frozen_train_only,True,validation
676KO0LG,2017-07-22,2017-07-14,2975,frozen_train_only,True,validation
D6PFP040,2017-07-22,2017-07-14,2975,frozen_train_only,True,validation
MHMD41XY,2017-07-22,2017-07-14,2975,frozen_train_only,True,validation
LRLER1XS,2017-07-22,2017-07-14,2975,frozen_train_only,True,validation
4RWE00T8,2017-07-22,2017-07-14,2975,frozen_train_only,True,purged_validation
P3XN6SXX,2017-07-22,2017-07-14,2975,frozen_train_only,True,validation
L65X2CDL,2017-07-22,2017-07-14,2975,frozen_train_only,True,purged_validation
12HRYJQH,2017-07-22,2017-07-14,2975,frozen_train_only,True,validation
5ZA8MURX,2017-07-22,2017-07-14,2975,frozen_train_only,True,validation
Y7AC2LSL,2017-07-22,2017-07-14,2975,frozen_train_only,True,purged_validation
ME2X1TEG,2017-07-22,2017-07-14,2975,frozen_train_only,True,validation
30KP0JMN,2017-07-22,2017-07-14,2975,frozen_train_only,True,validation
BG156UAV,2017-07-22,2017-07-14,2975,frozen_train_only,True,validation
S7T5AHQH,2017-07-22,2017-07-14,2975,frozen_train_only,True,validation
48UPZJ45,2017-07-22,2017-07-14,2975,frozen_train_only,True,purged_validation
T0SO96YG,2017-07-22,2017-07-14,2975,frozen_train_only,True,validation
YCQABCDI,2017-07-22,2017-07-14,2975,frozen_train_only,True,purged_validation
8JZ4R9BW,2017-07-22,2017-07-14,2975,frozen_train_only,True,purged_validation
PTFOEUO4,2017-07-22,2017-07-14,2975,frozen_train_only,True,validation
ZCCBTBIQ,2017-07-22,2017-07-14,2975,frozen_train_only,True,validation
1TJ6WP5R,2017-07-22,2017-07-14,2975,frozen_train_only,True,purged_validation
WHF75273,2017-07-23,2017-07-14,2975,frozen_train_only,True,validation
AH58AQ3B,2017-07-23,2017-07-14,2975,frozen_train_only,True,validation
292W4P09,2017-07-23,2017-07-14,2975,frozen_train_only,True,validation
MG0LTCCE,2017-07-23,2017-07-14,2975,frozen_train_only,True,validation
ANNUH4KM,2017-07-23,2017-07-14,2975,frozen_train_only,True,purged_validation
L3V8UK9H,2017-07-23,2017-07-14,2975,frozen_train_only,True,validation
2CRE26AC,2017-07-23,2017-07-14,2975,frozen_train_only,True,validation
3J1LNCA4,2017-07-23,2017-07-14,2975,frozen_train_only,True,validation
4PDYHVX1,2017-07-23,2017-07-14,2975,frozen_train_only,True,validation
BICJY3FZ,2017-07-23,2017-07-14,2975,frozen_train_only,True,purged_validation
4P12PLQA,2017-07-23,2017-07-14,2975,frozen_train_only,True,validation
4942W0E7,2017-07-23,2017-07-14,2975,frozen_train_only,True,validation
TGTJ0NBT,2017-07-23,2017-07-14,2975,frozen_train_only,True,validation
W8W6N0LL,2017-07-23,2017-07-14,2975,frozen_train_only,True,purged_validation
SEF4LOIS,2017-07-23,2017-07-14,2975,frozen_train_only,True,validation
BNIU5YZ2,2017-07-23,2017-07-14,2975,frozen_train_only,True,validation
CPK36NED,2017-07-23,2017-07-14,2975,frozen_train_only,True,validation
VYWQ3U5S,2017-07-23,2017-07-14,2975,frozen_train_only,True,purged_validation
HDWQM6JT,2017-07-23,2017-07-14,2975,frozen_train_only,True,validation
T0MUE2H7,2017-07-23,2017-07-14,2975,frozen_train_only,True,validation
ZDRRL61D,2017-07-23,2017-07-14,2975,frozen_train_only,True,validation
YRWX35AS,2017-07-23,2017-07-14,2975,frozen_train_only,True,validation
YT5I3AUS,2017-07-23,2017-07-14,2975,frozen_train_only,True,validation
IS8Z2CQA,2017-07-23,2017-07-14,2975,frozen_train_only,True,validation
LPR6G7AE,2017-07-23,2017-07-14,2975,frozen_train_only,True,validation
CJAQVPDP,2017-07-23,2017-07-14,2975,frozen_train_only,True,validation
757V8R2Z,2017-07-23,2017-07-14,2975,frozen_train_only,True,validation
7KUYF1U3,2017-07-23,2017-07-14,2975,frozen_train_only,True,validation
7QE84GCH,2017-07-23,2017-07-14,2975,frozen_train_only,True,validation
1WA46LC9,2017-07-23,2017-07-14,2975,frozen_train_only,True,validation
L9CJZZ59,2017-07-23,2017-07-14,2975,frozen_train_only,True,purged_validation
JWUWBI4D,2017-07-24,2017-07-14,2975,frozen_train_only,True,validation
GHB3UIDV,2017-07-24,2017-07-14,2975,frozen_train_only,True,validation
23R03LTJ,2017-07-24,2017-07-14,2975,frozen_train_only,True,validation
AHUTOSMS,2017-07-24,2017-07-14,2975,frozen_train_only,True,validation
2T3QDLXY,2017-07-24,2017-07-14,2975,frozen_train_only,True,validation
J5DVK5F3,2017-07-24,2017-07-14,2975,frozen_train_only,True,purged_validation
M3PCMYJ0,2017-07-24,2017-07-14,2975,frozen_train_only,True,validation
H5RRJOD9,2017-07-24,2017-07-14,2975,frozen_train_only,True,validation
BUQ655AB,2017-07-24,2017-07-14,2975,frozen_train_only,True,purged_validation
QDNA6HW3,2017-07-24,2017-07-14,2975,frozen_train_only,True,validation
T0VHKKCN,2017-07-24,2017-07-14,2975,frozen_train_only,True,validation
7R0TEEHW,2017-07-24,2017-07-14,2975,frozen_train_only,True,validation
CA3BRUJO,2017-07-24,2017-07-14,2975,frozen_train_only,True,validation
U5K1Y35J,2017-07-24,2017-07-14,2975,frozen_train_only,True,validation
Y7TVU9AY,2017-07-24,2017-07-14,2975,frozen_train_only,True,purged_validation
ZNZCBGN7,2017-07-24,2017-07-14,2975,frozen_train_only,True,validation
IT2UBEW4,2017-07-24,2017-07-14,2975,frozen_train_only,True,validation
X19CKKZ1,2017-07-24,2017-07-14,2975,frozen_train_only,True,validation
DZOLKFK6,2017-07-24,2017-07-14,2975,frozen_train_only,True,purged_validation
H5E0GSHQ,2017-07-24,2017-07-14,2975,frozen_train_only,True,validation
CBPVAIQ7,2017-07-25,2017-07-14,2975,frozen_train_only,True,validation
JND57DH5,2017-07-25,2017-07-14,2975,frozen_train_only,True,validation
8PUH80YZ,2017-07-25,2017-07-14,2975,frozen_train_only,True,validation
22WVAXR2,2017-07-25,2017-07-14,2975,frozen_train_only,True,validation
MA9SBSLE,2017-07-25,2017-07-14,2975,frozen_train_only,True,validation
PKRDEUWE,2017-07-25,2017-07-14,2975,frozen_train_only,True,validation
LJ5FQGLZ,2017-07-25,2017-07-14,2975,frozen_train_only,True,validation
KMJMLQ4P,2017-07-25,2017-07-14,2975,frozen_train_only,True,validation
94E71JAP,2017-07-25,2017-07-14,2975,frozen_train_only,True,purged_validation
VBVO5X8W,2017-07-25,2017-07-14,2975,frozen_train_only,True,validation
6UUZ4IJ5,2017-07-25,2017-07-14,2975,frozen_train_only,True,validation
6EXXL6M4,2017-07-25,2017-07-14,2975,frozen_train_only,True,validation
L9BTE2RA,2017-07-25,2017-07-14,2975,frozen_train_only,True,purged_validation
EVU2E5ZZ,2017-07-25,2017-07-14,2975,frozen_train_only,True,validation
PBTSZ2Q2,2017-07-25,2017-07-14,2975,frozen_train_only,True,purged_validation
D28ANNYX,2017-07-25,2017-07-14,2975,frozen_train_only,True,purged_validation
30OFYJUN,2017-07-25,2017-07-14,2975,frozen_train_only,True,validation
10ICDVM2,2017-07-25,2017-07-14,2975,frozen_train_only,True,validation
KUAZF4E7,2017-07-25,2017-07-14,2975,frozen_train_only,True,purged_validation
IVANA47K,2017-07-25,2017-07-14,2975,frozen_train_only,True,validation
4KP2GEFF,2017-07-25,2017-07-14,2975,frozen_train_only,True,purged_validation
WOB1ULFR,2017-07-25,2017-07-14,2975,frozen_train_only,True,purged_validation
7IKDD9UG,2017-07-25,2017-07-14,2975,frozen_train_only,True,validation
59SUBXGP,2017-07-26,2017-07-14,2975,frozen_train_only,True,purged_validation
TFL3C3JS,2017-07-26,2017-07-14,2975,frozen_train_only,True,purged_validation
EM3NYEYC,2017-07-26,2017-07-14,2975,frozen_train_only,True,validation
KPFV2AAL,2017-07-26,2017-07-14,2975,frozen_train_only,True,purged_validation
V2JOV5MF,2017-07-26,2017-07-14,2975,frozen_train_only,True,validation
DEVXF86R,2017-07-26,2017-07-14,2975,frozen_train_only,True,purged_validation
VA9AGU75,2017-07-26,2017-07-14,2975,frozen_train_only,True,purged_validation
0MKW8IPC,2017-07-26,2017-07-14,2975,frozen_train_only,True,validation
P8P9MKJL,2017-07-26,2017-07-14,2975,frozen_train_only,True,purged_validation
S7PY8R2V,2017-07-26,2017-07-14,2975,frozen_train_only,True,validation
75WYC9TY,2017-07-26,2017-07-14,2975,frozen_train_only,True,validation
CEWDZ3ZD,2017-07-26,2017-07-14,2975,frozen_train_only,True,validation
F56MSU4B,2017-07-26,2017-07-14,2975,frozen_train_only,True,validation
BR18O9U1,2017-07-26,2017-07-14,2975,frozen_train_only,True,validation
88CM27UB,2017-07-26,2017-07-14,2975,frozen_train_only,True,validation
BE0RAJF5,2017-07-26,2017-07-14,2975,frozen_train_only,True,validation
KO7UWLAU,2017-07-26,2017-07-14,2975,frozen_train_only,True,validation
4SJGBWQL,2017-07-26,2017-07-14,2975,frozen_train_only,True,validation
AWFSNZ2U,2017-07-26,2017-07-14,2975,frozen_train_only,True,purged_validation
S3E48VE0,2017-07-26,2017-07-14,2975,frozen_train_only,True,purged_validation
SCR1IKLQ,2017-07-27,2017-07-14,2975,frozen_train_only,True,validation
IF8PILJR,2017-07-27,2017-07-14,2975,frozen_train_only,True,validation
2K52EH11,2017-07-27,2017-07-14,2975,frozen_train_only,True,purged_validation
HTY5G7DI,2017-07-27,2017-07-14,2975,frozen_train_only,True,validation
TX88GTDE,2017-07-27,2017-07-14,2975,frozen_train_only,True,validation
2GQH9FKJ,2017-07-27,2017-07-14,2975,frozen_train_only,True,validation
MW3K8553,2017-07-27,2017-07-14,2975,frozen_train_only,True,validation
E41SDK40,2017-07-27,2017-07-14,2975,frozen_train_only,True,validation
RDFUGEA2,2017-07-27,2017-07-14,2975,frozen_train_only,True,validation
I8TEUO2C,2017-07-27,2017-07-14,2975,frozen_train_only,True,validation
BY1TB6D2,2017-07-27,2017-07-14,2975,frozen_train_only,True,validation
2AMVTZLM,2017-07-27,2017-07-14,2975,frozen_train_only,True,validation
8IOAX81S,2017-07-27,2017-07-14,2975,frozen_train_only,True,validation
EYWL3H5G,2017-07-27,2017-07-14,2975,frozen_train_only,True,validation
YUGFGRUT,2017-07-27,2017-07-14,2975,frozen_train_only,True,validation
O6B0YK1X,2017-07-28,2017-07-14,2975,frozen_train_only,True,validation
NLWICKPS,2017-07-28,2017-07-14,2975,frozen_train_only,True,purged_validation
Z6FPHRV7,2017-07-28,2017-07-14,2975,frozen_train_only,True,purged_validation
LJ59Y2TK,2017-07-28,2017-07-14,2975,frozen_train_only,True,validation
80S3ED8B,2017-07-28,2017-07-14,2975,frozen_train_only,True,validation
2IKGOPW1,2017-07-28,2017-07-14,2975,frozen_train_only,True,validation
7Y10BR02,2017-07-28,2017-07-14,2975,frozen_train_only,True,validation
4L8RQVL9,2017-07-28,2017-07-14,2975,frozen_train_only,True,validation
9T954T67,2017-07-28,2017-07-14,2975,frozen_train_only,True,validation
CEOEM2MY,2017-07-28,2017-07-14,2975,frozen_train_only,True,validation
I5FVCO24,2017-07-28,2017-07-14,2975,frozen_train_only,True,validation
WTG4IAG0,2017-07-28,2017-07-14,2975,frozen_train_only,True,validation
NFKUICVA,2017-07-28,2017-07-14,2975,frozen_train_only,True,purged_validation
8UCQBI6J,2017-07-28,2017-07-14,2975,frozen_train_only,True,validation
Q8Q4R3SW,2017-07-28,2017-07-14,2975,frozen_train_only,True,validation
BZNGP0DN,2017-07-28,2017-07-14,2975,frozen_train_only,True,validation
Z31RDLIF,2017-07-28,2017-07-14,2975,frozen_train_only,True,purged_validation
E4KNZB95,2017-07-28,2017-07-14,2975,frozen_train_only,True,validation
PJDA3RWU,2017-07-28,2017-07-14,2975,frozen_train_only,True,validation
YUORNX7C,2017-07-28,2017-07-14,2975,frozen_train_only,True,purged_validation
0WJLKMUA,2017-07-28,2017-07-14,2975,frozen_train_only,True,validation
7XP06LUZ,2017-07-28,2017-07-14,2975,frozen_train_only,True,purged_validation
5BT0Y4MB,2017-07-28,2017-07-14,2975,frozen_train_only,True,validation
WCCEBK6E,2017-07-29,2017-07-14,2975,frozen_train_only,True,validation
5SCMRQ9N,2017-07-29,2017-07-14,2975,frozen_train_only,True,validation
A3I4JHP0,2017-07-29,2017-07-14,2975,frozen_train_only,True,validation
DOVFYIIO,2017-07-29,2017-07-14,2975,frozen_train_only,True,validation
BC53PQMQ,2017-07-29,2017-07-14,2975,frozen_train_only,True,validation
AU1OZUN8,2017-07-29,2017-07-14,2975,frozen_train_only,True,purged_validation
09GK47AY,2017-07-29,2017-07-14,2975,frozen_train_only,True,validation
D6CRJSEP,2017-07-29,2017-07-14,2975,frozen_train_only,True,validation
5G9WEZTP,2017-07-29,2017-07-14,2975,frozen_train_only,True,validation
KRK5YFGW,2017-07-29,2017-07-14,2975,frozen_train_only,True,validation
GJQFUUWI,2017-07-29,2017-07-14,2975,frozen_train_only,True,validation
7SO4NKFP,2017-07-29,2017-07-14,2975,frozen_train_only,True,validation
VZ1ETER5,2017-07-29,2017-07-14,2975,frozen_train_only,True,validation
YOFRJU68,2017-07-29,2017-07-14,2975,frozen_train_only,True,purged_validation
F9V6EWDG,2017-07-29,2017-07-14,2975,frozen_train_only,True,validation
5EFR0VAZ,2017-07-29,2017-07-14,2975,frozen_train_only,True,validation
4MTIOMFQ,2017-07-29,2017-07-14,2975,frozen_train_only,True,validation
J096XFZG,2017-07-29,2017-07-14,2975,frozen_train_only,True,validation
4U2Z53VS,2017-07-29,2017-07-14,2975,frozen_train_only,True,validation
6YMJLH2F,2017-07-30,2017-07-14,2975,frozen_train_only,True,validation
D6U1NYBU,2017-07-30,2017-07-14,2975,frozen_train_only,True,purged_validation
9Q2SYGPP,2017-07-30,2017-07-14,2975,frozen_train_only,True,validation
EY73E4ZB,2017-07-30,2017-07-14,2975,frozen_train_only,True,validation
KQLS98VW,2017-07-30,2017-07-14,2975,frozen_train_only,True,purged_validation
LKQL4GRO,2017-07-30,2017-07-14,2975,frozen_train_only,True,validation
4DKUZ8JE,2017-07-30,2017-07-14,2975,frozen_train_only,True,validation
V3QM4V7G,2017-07-30,2017-07-14,2975,frozen_train_only,True,validation
LZWH2OGW,2017-07-30,2017-07-14,2975,frozen_train_only,True,validation
R7JSQI5U,2017-07-30,2017-07-14,2975,frozen_train_only,True,validation
S5NZI5UN,2017-07-30,2017-07-14,2975,frozen_train_only,True,validation
XQQ3JS90,2017-07-30,2017-07-14,2975,frozen_train_only,True,validation
5SED9K1C,2017-07-30,2017-07-14,2975,frozen_train_only,True,validation
810GB47D,2017-07-30,2017-07-14,2975,frozen_train_only,True,validation
GZCWRMIR,2017-07-30,2017-07-14,2975,frozen_train_only,True,purged_validation
PST4NDK4,2017-07-30,2017-07-14,2975,frozen_train_only,True,validation
8U9DLK26,2017-07-30,2017-07-14,2975,frozen_train_only,True,validation
DDWSCXZA,2017-07-30,2017-07-14,2975,frozen_train_only,True,purged_validation
T2UA7F7Z,2017-07-30,2017-07-14,2975,frozen_train_only,True,validation
FOGOYZ75,2017-07-30,2017-07-14,2975,frozen_train_only,True,validation
I9IJS5BM,2017-07-30,2017-07-14,2975,frozen_train_only,True,validation
2HU8CPJ3,2017-07-30,2017-07-14,2975,frozen_train_only,True,purged_validation
M2UI5MKB,2017-07-30,2017-07-14,2975,frozen_train_only,True,validation
HWVR6IJ7,2017-07-30,2017-07-14,2975,frozen_train_only,True,validation
V0XFS245,2017-07-31,2017-07-14,2975,frozen_train_only,True,validation
BBGCBEUY,2017-07-31,2017-07-14,2975,frozen_train_only,True,validation
6PHF576T,2017-07-31,2017-07-14,2975,frozen_train_only,True,purged_validation
XN43RX9C,2017-07-31,2017-07-14,2975,frozen_train_only,True,validation
DOU4T9EI,2017-07-31,2017-07-14,2975,frozen_train_only,True,purged_validation
XUU1PPTJ,2017-07-31,2017-07-14,2975,frozen_train_only,True,purged_validation
KZMZH8L6,2017-07-31,2017-07-14,2975,frozen_train_only,True,purged_validation
7WU2BQ2P,2017-07-31,2017-07-14,2975,frozen_train_only,True,validation
5B4H3E7V,2017-07-31,2017-07-14,2975,frozen_train_only,True,validation
6YCDG16T,2017-07-31,2017-07-14,2975,frozen_train_only,True,validation
BVKAXY66,2017-07-31,2017-07-14,2975,frozen_train_only,True,validation
D9VTKEEH,2017-08-01,2017-07-14,2975,frozen_train_only,True,validation
7CYRCTXI,2017-08-01,2017-07-14,2975,frozen_train_only,True,validation
IH4M0XTK,2017-08-01,2017-07-14,2975,frozen_train_only,True,validation
L9AZZGNK,2017-08-01,2017-07-14,2975,frozen_train_only,True,validation
MLPVWTC2,2017-08-01,2017-07-14,2975,frozen_train_only,True,purged_validation
6BBYA0L3,2017-08-01,2017-07-14,2975,frozen_train_only,True,validation
S3J60BK0,2017-08-01,2017-07-14,2975,frozen_train_only,True,purged_validation
IKIJHQPN,2017-08-01,2017-07-14,2975,frozen_train_only,True,purged_validation
OJ9KBQML,2017-08-01,2017-07-14,2975,frozen_train_only,True,purged_validation
W66UPKL4,2017-08-01,2017-07-14,2975,frozen_train_only,True,purged_validation
2S7CMLRJ,2017-08-01,2017-07-14,2975,frozen_train_only,True,validation
18KMXL8N,2017-08-01,2017-07-14,2975,frozen_train_only,True,purged_validation
K44PIQTN,2017-08-01,2017-07-14,2975,frozen_train_only,True,purged_validation
NWQHHVEM,2017-08-01,2017-07-14,2975,frozen_train_only,True,validation
ZJ76J97A,2017-08-01,2017-07-14,2975,frozen_train_only,True,validation
4Q1A27SA,2017-08-01,2017-07-14,2975,frozen_train_only,True,purged_validation
GVOKY9KD,2017-08-01,2017-07-14,2975,frozen_train_only,True,purged_validation
FOQK8G8Y,2017-08-01,2017-07-14,2975,frozen_train_only,True,validation
OEUK1UW5,2017-08-02,2017-07-14,2975,frozen_train_only,True,purged_validation
LF45YLLR,2017-08-02,2017-07-14,2975,frozen_train_only,True,validation
RYYTO9Z5,2017-08-02,2017-07-14,2975,frozen_train_only,True,purged_validation
R9VR53F3,2017-08-02,2017-07-14,2975,frozen_train_only,True,validation
D5H30X5X,2017-08-02,2017-07-14,2975,frozen_train_only,True,purged_validation
FLXN0TBT,2017-08-02,2017-07-14,2975,frozen_train_only,True,validation
U8H8VGI0,2017-08-02,2017-07-14,2975,frozen_train_only,True,purged_validation
R1X6U9CU,2017-08-02,2017-07-14,2975,frozen_train_only,True,validation
IT1XRUTD,2017-08-02,2017-07-14,2975,frozen_train_only,True,validation
VTSKKTQO,2017-08-02,2017-07-14,2975,frozen_train_only,True,validation
3Z2AMU5T,2017-08-02,2017-07-14,2975,frozen_train_only,True,purged_validation
R0O1UYNW,2017-08-02,2017-07-14,2975,frozen_train_only,True,validation
G44S6CLC,2017-08-03,2017-07-14,2975,frozen_train_only,True,validation
IMLB4653,2017-08-03,2017-07-14,2975,frozen_train_only,True,validation
ZE6HA778,2017-08-03,2017-07-14,2975,frozen_train_only,True,validation
6KPKOR79,2017-08-03,2017-07-14,2975,frozen_train_only,True,validation
D42GA3LC,2017-08-03,2017-07-14,2975,frozen_train_only,True,validation
58J528HO,2017-08-03,2017-07-14,2975,frozen_train_only,True,validation
PBVC1VI7,2017-08-03,2017-07-14,2975,frozen_train_only,True,purged_validation
U4BPFJC5,2017-08-03,2017-07-14,2975,frozen_train_only,True,validation
MJ3XHBY0,2017-08-03,2017-07-14,2975,frozen_train_only,True,validation
LT75S3LM,2017-08-03,2017-07-14,2975,frozen_train_only,True,validation
B28O6RVD,2017-08-03,2017-07-14,2975,frozen_train_only,True,validation
O9MGYBG4,2017-08-03,2017-07-14,2975,frozen_train_only,True,purged_validation
FLH1KDV2,2017-08-03,2017-07-14,2975,frozen_train_only,True,purged_validation
GVSAAKF4,2017-08-03,2017-07-14,2975,frozen_train_only,True,purged_validation
R6F1053X,2017-08-04,2017-07-14,2975,frozen_train_only,True,validation
OB2PHGFR,2017-08-04,2017-07-14,2975,frozen_train_only,True,purged_validation
Y2X0X0WQ,2017-08-04,2017-07-14,2975,frozen_train_only,True,purged_validation
DZ47F0UT,2017-08-04,2017-07-14,2975,frozen_train_only,True,validation
7WYZ9HMC,2017-08-04,2017-07-14,2975,frozen_train_only,True,validation
RG8P75PG,2017-08-04,2017-07-14,2975,frozen_train_only,True,validation
P0YQ3HNN,2017-08-04,2017-07-14,2975,frozen_train_only,True,validation
TGI9B9AD,2017-08-04,2017-07-14,2975,frozen_train_only,True,purged_validation
WA58C7SV,2017-08-05,2017-07-14,2975,frozen_train_only,True,purged_validation
EFUIZFRA,2017-08-05,2017-07-14,2975,frozen_train_only,True,purged_validation
D4ZMTQLE,2017-08-05,2017-07-14,2975,frozen_train_only,True,purged_validation
QFXZT1TV,2017-08-05,2017-07-14,2975,frozen_train_only,True,purged_validation
3Q8GSOKD,2017-08-05,2017-07-14,2975,frozen_train_only,True,purged_validation
7CC4DUSQ,2017-08-05,2017-07-14,2975,frozen_train_only,True,purged_validation
G2KW3DWD,2017-08-05,2017-07-14,2975,frozen_train_only,True,purged_validation
IK72767Q,2017-08-05,2017-07-14,2975,frozen_train_only,True,purged_validation
0F9GSZRO,2017-08-05,2017-07-14,2975,frozen_train_only,True,purged_validation
BEELPVP0,2017-08-05,2017-07-14,2975,frozen_train_only,True,validation
2DOZJ7GT,2017-08-05,2017-07-14,2975,frozen_train_only,True,purged_validation
1V1L46NV,2017-08-05,2017-07-14,2975,frozen_train_only,True,purged_validation
SGYL0QMJ,2017-08-05,2017-07-14,2975,frozen_train_only,True,purged_validation
XNOQAL9G,2017-08-06,2017-07-14,2975,frozen_train_only,True,purged_validation
2PP30ME4,2017-08-06,2017-07-14,2975,frozen_train_only,True,purged_validation
UADVV91I,2017-08-06,2017-07-14,2975,frozen_train_only,True,purged_validation
E9PMCMA3,2017-08-06,2017-07-14,2975,frozen_train_only,True,purged_validation
EGW6AN01,2017-08-06,2017-07-14,2975,frozen_train_only,True,purged_validation
NI5XQR33,2017-08-06,2017-07-14,2975,frozen_train_only,True,validation
QYUZ3KVU,2017-08-06,2017-07-14,2975,frozen_train_only,True,validation
5TOZM59X,2017-08-06,2017-07-14,2975,frozen_train_only,True,validation
XWOG5DC0,2017-08-06,2017-07-14,2975,frozen_train_only,True,purged_validation
IQAFSIV4,2017-08-06,2017-07-14,2975,frozen_train_only,True,validation
EETBBG75,2017-08-06,2017-07-14,2975,frozen_train_only,True,purged_validation
STYAF310,2017-08-06,2017-07-14,2975,frozen_train_only,True,purged_validation
6W7QAH1B,2017-08-06,2017-07-14,2975,frozen_train_only,True,purged_validation
KXLD5YKX,2017-08-06,2017-07-14,2975,frozen_train_only,True,purged_validation
ESYGBBLP,2017-08-06,2017-07-14,2975,frozen_train_only,True,purged_validation
ZDSAVCDQ,2017-08-06,2017-07-14,2975,frozen_train_only,True,validation
QRWC159J,2017-08-07,2017-07-14,2975,frozen_train_only,True,purged_validation
TXPUCPT8,2017-08-07,2017-07-14,2975,frozen_train_only,True,purged_validation
2ZVWE5NE,2017-08-07,2017-07-14,2975,frozen_train_only,True,purged_validation
4335LVQT,2017-08-07,2017-07-14,2975,frozen_train_only,True,purged_validation
MJ0RRDLN,2017-08-07,2017-07-14,2975,frozen_train_only,True,purged_validation
QAJPUEN2,2017-08-07,2017-07-14,2975,frozen_train_only,True,validation
4XLLUO6J,2017-08-07,2017-07-14,2975,frozen_train_only,True,validation
5R408EB5,2017-08-07,2017-07-14,2975,frozen_train_only,True,purged_validation
FB0Q3FYP,2017-08-07,2017-07-14,2975,frozen_train_only,True,purged_validation
JZ2VUXZQ,2017-08-07,2017-07-14,2975,frozen_train_only,True,validation
RB54V758,2017-08-07,2017-07-14,2975,frozen_train_only,True,validation
38C7HEG6,2017-08-07,2017-07-14,2975,frozen_train_only,True,purged_validation
FNXCNUR1,2017-08-07,2017-07-14,2975,frozen_train_only,True,purged_validation
DSPMSOTB,2017-08-07,2017-07-14,2975,frozen_train_only,True,purged_validation
AOVU3VUJ,2017-08-07,2017-07-14,2975,frozen_train_only,True,purged_validation
6DUFMKIG,2017-08-07,2017-07-14,2975,frozen_train_only,True,validation
R2DID6L7,2017-08-07,2017-07-14,2975,frozen_train_only,True,purged_validation
WHS3UZHR,2017-08-07,2017-07-14,2975,frozen_train_only,True,purged_validation
5UFQONQU,2017-08-07,2017-07-14,2975,frozen_train_only,True,purged_validation
RRQIGS7E,2017-08-08,2017-07-14,2975,frozen_train_only,True,validation
1VFRN1GB,2017-08-08,2017-07-14,2975,frozen_train_only,True,validation
AHXFADIU,2017-08-08,2017-07-14,2975,frozen_train_only,True,purged_validation
PWKFVQFA,2017-08-08,2017-07-14,2975,frozen_train_only,True,purged_validation
8CAXVCDF,2017-08-08,2017-07-14,2975,frozen_train_only,True,validation
0SIWRBDT,2017-08-08,2017-07-14,2975,frozen_train_only,True,purged_validation
VQB0ZCYJ,2017-08-08,2017-07-14,2975,frozen_train_only,True,validation
6IMKESNY,2017-08-08,2017-07-14,2975,frozen_train_only,True,validation
18N5WD04,2017-08-08,2017-07-14,2975,frozen_train_only,True,purged_validation
R26IBPEJ,2017-08-08,2017-07-14,2975,frozen_train_only,True,purged_validation
TCBW39GW,2017-08-08,2017-07-14,2975,frozen_train_only,True,purged_validation
F9QHNS68,2017-08-08,2017-07-14,2975,frozen_train_only,True,validation
7DA7E2K7,2017-08-08,2017-07-14,2975,frozen_train_only,True,purged_validation
GTH7MXLG,2017-08-08,2017-07-14,2975,frozen_train_only,True,validation
2QISWUQ9,2017-08-09,2017-07-14,2975,frozen_train_only,True,purged_validation
8CJ0DC9P,2017-08-09,2017-07-14,2975,frozen_train_only,True,purged_validation
S0WEFDP2,2017-08-09,2017-07-14,2975,frozen_train_only,True,purged_validation
PXXIJWXD,2017-08-09,2017-07-14,2975,frozen_train_only,True,purged_validation
AQFXE1TA,2017-08-09,2017-07-14,2975,frozen_train_only,True,validation
N4JDVO8F,2017-08-09,2017-07-14,2975,frozen_train_only,True,validation
GXJF1O6U,2017-08-09,2017-07-14,2975,frozen_train_only,True,purged_validation
UZTMM5MG,2017-08-09,2017-07-14,2975,frozen_train_only,True,purged_validation
XMVJ5X59,2017-08-09,2017-07-14,2975,frozen_train_only,True,purged_validation
AJ3CFCFA,2017-08-09,2017-07-14,2975,frozen_train_only,True,purged_validation
SX73M3HS,2017-08-09,2017-07-14,2975,frozen_train_only,True,purged_validation
YDUL6H8V,2017-08-09,2017-07-14,2975,frozen_train_only,True,purged_validation
DY5RYWTV,2017-08-09,2017-07-14,2975,frozen_train_only,True,validation
3F9NDPA0,2017-08-09,2017-07-14,2975,frozen_train_only,True,validation
UMKU4ZGE,2017-08-09,2017-07-14,2975,frozen_train_only,True,purged_validation
56SRDF1B,2017-08-09,2017-07-14,2975,frozen_train_only,True,validation
ID7F5VGK,2017-08-09,2017-07-14,2975,frozen_train_only,True,purged_validation
6UQTAD4C,2017-08-09,2017-07-14,2975,frozen_train_only,True,purged_validation
HT17GEXI,2017-08-09,2017-07-14,2975,frozen_train_only,True,purged_validation
5Q2BP80H,2017-08-09,2017-07-14,2975,frozen_train_only,True,purged_validation
JVKP9OCT,2017-08-10,2017-07-14,2975,frozen_train_only,True,validation
COJKCSVG,2017-08-10,2017-07-14,2975,frozen_train_only,True,validation
533RTCAL,2017-08-10,2017-07-14,2975,frozen_train_only,True,validation
NUBMO8S7,2017-08-10,2017-07-14,2975,frozen_train_only,True,purged_validation
DNL2IICB,2017-08-10,2017-07-14,2975,frozen_train_only,True,validation
X7V78ZY0,2017-08-10,2017-07-14,2975,frozen_train_only,True,validation
5GEBBVQQ,2017-08-10,2017-07-14,2975,frozen_train_only,True,purged_validation
DMN53GAI,2017-08-10,2017-07-14,2975,frozen_train_only,True,validation
B7VEJNPV,2017-08-10,2017-07-14,2975,frozen_train_only,True,purged_validation
CR13KZ71,2017-08-10,2017-07-14,2975,frozen_train_only,True,purged_validation
C23N9DE9,2017-08-10,2017-07-14,2975,frozen_train_only,True,validation
FW7QS11M,2017-08-10,2017-07-14,2975,frozen_train_only,True,purged_validation
ZRBHYBW9,2017-08-10,2017-07-14,2975,frozen_train_only,True,purged_validation
JLK580ND,2017-08-10,2017-07-14,2975,frozen_train_only,True,validation
GN9SQ77J,2017-08-10,2017-07-14,2975,frozen_train_only,True,validation
1S09GEOL,2017-08-10,2017-07-14,2975,frozen_train_only,True,validation
W0TOD23Z,2017-08-10,2017-07-14,2975,frozen_train_only,True,purged_validation
2SI35CTV,2017-08-10,2017-07-14,2975,frozen_train_only,True,purged_validation
58CZCKFN,2017-08-10,2017-07-14,2975,frozen_train_only,True,purged_validation
3E6J4YRT,2017-08-10,2017-07-14,2975,frozen_train_only,True,purged_validation
L4QYOBFW,2017-08-11,2017-07-14,2975,frozen_train_only,True,purged_validation
DSC7UB3W,2017-08-11,2017-07-14,2975,frozen_train_only,True,validation
ZHXBOIJ6,2017-08-11,2017-07-14,2975,frozen_train_only,True,validation
FBVCN3BA,2017-08-11,2017-07-14,2975,frozen_train_only,True,purged_validation
52FDATJV,2017-08-11,2017-07-14,2975,frozen_train_only,True,validation
KJGZN9D4,2017-08-11,2017-07-14,2975,frozen_train_only,True,purged_validation
MITXNS42,2017-08-11,2017-07-14,2975,frozen_train_only,True,purged_validation
ORJRH2SQ,2017-08-11,2017-07-14,2975,frozen_train_only,True,validation
GFU8P2SC,2017-08-11,2017-07-14,2975,frozen_train_only,True,validation
SBCNMFUN,2017-08-11,2017-07-14,2975,frozen_train_only,True,validation
JCIKEHD8,2017-08-11,2017-07-14,2975,frozen_train_only,True,purged_validation
GVZMMURY,2017-08-11,2017-07-14,2975,frozen_train_only,True,purged_validation
0PUDG8KY,2017-08-12,2017-07-14,2975,frozen_train_only,True,validation
XTCCGBYM,2017-08-12,2017-07-14,2975,frozen_train_only,True,purged_validation
0UB5IQXA,2017-08-12,2017-07-14,2975,frozen_train_only,True,purged_validation
EIS1B0GM,2017-08-12,2017-07-14,2975,frozen_train_only,True,validation
ASVOOKMY,2017-08-12,2017-07-14,2975,frozen_train_only,True,validation
WAPSW48Y,2017-08-12,2017-07-14,2975,frozen_train_only,True,purged_validation
J6TNURHV,2017-08-12,2017-07-14,2975,frozen_train_only,True,purged_validation
9PG07FPP,2017-08-12,2017-07-14,2975,frozen_train_only,True,purged_validation
U3HKMX4U,2017-08-12,2017-07-14,2975,frozen_train_only,True,purged_validation
A7YPY8KI,2017-08-12,2017-07-14,2975,frozen_train_only,True,validation
IFTZ75Z9,2017-08-12,2017-07-14,2975,frozen_train_only,True,purged_validation
E8QYYAGE,2017-08-12,2017-07-14,2975,frozen_train_only,True,validation
XE0H6MOP,2017-08-12,2017-07-14,2975,frozen_train_only,True,purged_validation
R0YCRJVQ,2017-08-12,2017-07-14,2975,frozen_train_only,True,validation
3OA6FZUD,2017-08-12,2017-07-14,2975,frozen_train_only,True,purged_validation
SUOT8GB6,2017-08-12,2017-07-14,2975,frozen_train_only,True,purged_validation
Q3TDGMAR,2017-08-12,2017-07-14,2975,frozen_train_only,True,purged_validation
HQ2QSZUP,2017-08-13,2017-07-14,2975,frozen_train_only,True,purged_validation
V01XCOAS,2017-08-13,2017-07-14,2975,frozen_train_only,True,purged_validation
O35V5CTW,2017-08-13,2017-07-14,2975,frozen_train_only,True,purged_validation
AIU1UWJZ,2017-08-13,2017-07-14,2975,frozen_train_only,True,validation
C205FMDE,2017-08-13,2017-07-14,2975,frozen_train_only,True,validation
KLIOLWPC,2017-08-13,2017-07-14,2975,frozen_train_only,True,validation
OF5AZQID,2017-08-13,2017-07-14,2975,frozen_train_only,True,purged_validation
8H0UQYXW,2017-08-13,2017-07-14,2975,frozen_train_only,True,purged_validation
ZW2GDFKC,2017-08-13,2017-07-14,2975,frozen_train_only,True,validation
96MOALT0,2017-08-13,2017-07-14,2975,frozen_train_only,True,validation
714B6OB2,2017-08-13,2017-07-14,2975,frozen_train_only,True,purged_validation
W6OX0S1Q,2017-08-13,2017-07-14,2975,frozen_train_only,True,validation
B5WZQP1F,2017-08-13,2017-07-14,2975,frozen_train_only,True,purged_validation
CYBWWANG,2017-08-13,2017-07-14,2975,frozen_train_only,True,purged_validation
4BUQW2T0,2017-08-13,2017-07-14,2975,frozen_train_only,True,validation
ZHOK77B4,2017-08-13,2017-07-14,2975,frozen_train_only,True,purged_validation
TP4SDOPW,2017-08-13,2017-07-14,2975,frozen_train_only,True,validation
BUZMB3Q4,2017-08-13,2017-07-14,2975,frozen_train_only,True,purged_validation
92VGMPKP,2017-08-13,2017-07-14,2975,frozen_train_only,True,purged_validation
JTXYATXL,2017-08-13,2017-07-14,2975,frozen_train_only,True,purged_validation
DCOMI70R,2017-08-14,2017-07-14,2975,frozen_train_only,True,validation
5OOZTQK7,2017-08-14,2017-07-14,2975,frozen_train_only,True,validation
P2PVED7R,2017-08-14,2017-07-14,2975,frozen_train_only,True,validation
LFMMI05H,2017-08-14,2017-07-14,2975,frozen_train_only,True,purged_validation
99NDUEKO,2017-08-14,2017-07-14,2975,frozen_train_only,True,purged_validation
2ICN8RJP,2017-08-14,2017-07-14,2975,frozen_train_only,True,purged_validation
YKMHSGNU,2017-08-14,2017-07-14,2975,frozen_train_only,True,purged_validation
N0XWYRBU,2017-08-14,2017-07-14,2975,frozen_train_only,True,purged_validation
HY9VGF58,2017-08-14,2017-07-14,2975,frozen_train_only,True,validation
EPC4NBJ5,2017-08-14,2017-07-14,2975,frozen_train_only,True,validation
MVU1OZVS,2017-08-14,2017-07-14,2975,frozen_train_only,True,purged_validation
1BAF1ZYL,2017-08-14,2017-07-14,2975,frozen_train_only,True,validation
UV45XZWJ,2017-08-14,2017-07-14,2975,frozen_train_only,True,validation
3HTSMIGI,2017-08-15,2017-07-14,2975,frozen_train_only,True,purged_validation
B5GG52AB,2017-08-15,2017-07-14,2975,frozen_train_only,True,purged_validation
MTBQF6FE,2017-08-15,2017-07-14,2975,frozen_train_only,True,purged_validation
3S3O03ZV,2017-08-15,2017-07-14,2975,frozen_train_only,True,validation
62TFLOG6,2017-08-15,2017-07-14,2975,frozen_train_only,True,validation
94JT388Y,2017-08-15,2017-07-14,2975,frozen_train_only,True,validation
AKC9GNVA,2017-08-15,2017-07-14,2975,frozen_train_only,True,purged_validation
0R1F3OIN,2017-08-15,2017-07-14,2975,frozen_train_only,True,validation
WDUOD19F,2017-08-15,2017-07-14,2975,frozen_train_only,True,purged_validation
SFXFXRYV,2017-08-15,2017-07-14,2975,frozen_train_only,True,purged_validation
ANZJNT1Q,2017-08-15,2017-07-14,2975,frozen_train_only,True,validation
MX3QZ682,2017-08-15,2017-07-14,2975,frozen_train_only,True,purged_validation
WMJDLTEF,2017-08-15,2017-07-14,2975,frozen_train_only,True,purged_validation
3XUKEIQF,2017-08-15,2017-07-14,2975,frozen_train_only,True,purged_validation
GBQ8OLNP,2017-08-15,2017-07-14,2975,frozen_train_only,True,validation
Y69M70YC,2017-08-15,2017-07-14,2975,frozen_train_only,True,purged_validation
3UOIHNKR,2017-08-15,2017-07-14,2975,frozen_train_only,True,validation
5WVY52IX,2017-08-15,2017-07-14,2975,frozen_train_only,True,purged_validation
3K3LQ0H5,2017-08-15,2017-07-14,2975,frozen_train_only,True,validation
3THRXZLP,2017-08-15,2017-07-14,2975,frozen_train_only,True,purged_validation
H45TYGRR,2017-08-15,2017-07-14,2975,frozen_train_only,True,validation
E4A92U26,2017-08-15,2017-07-14,2975,frozen_train_only,True,validation
JNYA5ZHI,2017-08-15,2017-07-14,2975,frozen_train_only,True,purged_validation
DCNA3CA1,2017-08-15,2017-07-14,2975,frozen_train_only,True,purged_validation
484WREJQ,2017-08-15,2017-07-14,2975,frozen_train_only,True,validation
6H1MBBVR,2017-08-15,2017-07-14,2975,frozen_train_only,True,validation
2TI1UFAA,2017-08-15,2017-07-14,2975,frozen_train_only,True,purged_validation
BJWKG319,2017-08-15,2017-07-14,2975,frozen_train_only,True,validation
IDYA1X6O,2017-08-15,2017-07-14,2975,frozen_train_only,True,purged_validation
U83R2K8I,2017-08-16,2017-07-14,2975,frozen_train_only,True,validation
PH1IKJ0W,2017-08-16,2017-07-14,2975,frozen_train_only,True,purged_validation
8BP0QGNP,2017-08-16,2017-07-14,2975,frozen_train_only,True,purged_validation
BIH4D0JL,2017-08-16,2017-07-14,2975,frozen_train_only,True,validation
M49ZMLGL,2017-08-16,2017-07-14,2975,frozen_train_only,True,validation
OQAXHZXD,2017-08-16,2017-07-14,2975,frozen_train_only,True,validation
FRRJMFIJ,2017-08-16,2017-07-14,2975,frozen_train_only,True,purged_validation
QROXE17S,2017-08-16,2017-07-14,2975,frozen_train_only,True,validation
H3ZR0CQW,2017-08-16,2017-07-14,2975,frozen_train_only,True,validation
9LY4MLGO,2017-08-16,2017-07-14,2975,frozen_train_only,True,purged_validation
X2GXIKND,2017-08-17,2017-07-14,2975,frozen_train_only,True,purged_validation
KP1L9SXH,2017-08-17,2017-07-14,2975,frozen_train_only,True,purged_validation
84OTUTQX,2017-08-17,2017-07-14,2975,frozen_train_only,True,purged_validation
DVAOMCYK,2017-08-17,2017-07-14,2975,frozen_train_only,True,purged_validation
9LJAADWH,2017-08-17,2017-07-14,2975,frozen_train_only,True,purged_validation
8BGC94TT,2017-08-17,2017-07-14,2975,frozen_train_only,True,purged_validation
P8GXMSXL,2017-08-17,2017-07-14,2975,frozen_train_only,True,validation
HIOHPBO1,2017-08-17,2017-07-14,2975,frozen_train_only,True,validation
ESU5NGML,2017-08-17,2017-07-14,2975,frozen_train_only,True,validation
7NDOEFEB,2017-08-17,2017-07-14,2975,frozen_train_only,True,validation
H5SSSZ11,2017-08-17,2017-07-14,2975,frozen_train_only,True,validation
IZ8DDEIO,2017-08-17,2017-07-14,2975,frozen_train_only,True,purged_validation
5A4Q7X1W,2017-08-17,2017-07-14,2975,frozen_train_only,True,validation
UGXAZ29V,2017-08-17,2017-07-14,2975,frozen_train_only,True,validation
RMUIMYJU,2017-08-18,2017-07-14,2975,frozen_train_only,True,validation
CYIMFEWC,2017-08-18,2017-07-14,2975,frozen_train_only,True,validation
DHVOS14H,2017-08-18,2017-07-14,2975,frozen_train_only,True,validation
58CABL04,2017-08-18,2017-07-14,2975,frozen_train_only,True,purged_validation
0WERZ67T,2017-08-18,2017-07-14,2975,frozen_train_only,True,purged_validation
ENGMZL6Y,2017-08-18,2017-07-14,2975,frozen_train_only,True,validation
15PJZKNT,2017-08-18,2017-07-14,2975,frozen_train_only,True,validation
ZA2MIHIM,2017-08-18,2017-07-14,2975,frozen_train_only,True,validation
0GYOOM2R,2017-08-18,2017-07-14,2975,frozen_train_only,True,validation
0SSUR0IY,2017-08-18,2017-07-14,2975,frozen_train_only,True,purged_validation
1IY7Y42E,2017-08-18,2017-07-14,2975,frozen_train_only,True,purged_validation
M0PGP5H2,2017-08-18,2017-07-14,2975,frozen_train_only,True,validation
PJ21R88K,2017-08-18,2017-07-14,2975,frozen_train_only,True,purged_validation
E3L02XMN,2017-08-18,2017-07-14,2975,frozen_train_only,True,purged_validation
S3HMUXS1,2017-08-18,2017-07-14,2975,frozen_train_only,True,purged_validation
5HKITTHD,2017-08-19,2017-07-14,2975,frozen_train_only,True,purged_validation
AZ8ACKLD,2017-08-19,2017-07-14,2975,frozen_train_only,True,validation
ZN5CVY5V,2017-08-19,2017-07-14,2975,frozen_train_only,True,validation
G62CPKZO,2017-08-19,2017-07-14,2975,frozen_train_only,True,validation
ONN55X1O,2017-08-19,2017-07-14,2975,frozen_train_only,True,purged_validation
8N3GXBI5,2017-08-19,2017-07-14,2975,frozen_train_only,True,purged_validation
IUKIZFB7,2017-08-19,2017-07-14,2975,frozen_train_only,True,validation
TLJAFLON,2017-08-19,2017-07-14,2975,frozen_train_only,True,validation
9J2JZGFJ,2017-08-19,2017-07-14,2975,frozen_train_only,True,purged_validation
ON2ZRW1X,2017-08-19,2017-07-14,2975,frozen_train_only,True,purged_validation
TXUDSYGY,2017-08-19,2017-07-14,2975,frozen_train_only,True,purged_validation
H7P5O25G,2017-08-19,2017-07-14,2975,frozen_train_only,True,purged_validation
SKU6MLKY,2017-08-19,2017-07-14,2975,frozen_train_only,True,purged_validation
SYSPNKUR,2017-08-19,2017-07-14,2975,frozen_train_only,True,purged_validation
O8E9L7VK,2017-08-19,2017-07-14,2975,frozen_train_only,True,purged_validation
IX65TNEI,2017-08-20,2017-07-14,2975,frozen_train_only,True,validation
2GVXOWDF,2017-08-20,2017-07-14,2975,frozen_train_only,True,validation
R2DKRFDD,2017-08-20,2017-07-14,2975,frozen_train_only,True,purged_validation
F3FJ3DYK,2017-08-20,2017-07-14,2975,frozen_train_only,True,validation
W3W3KPBH,2017-08-20,2017-07-14,2975,frozen_train_only,True,validation
PVYIL0X4,2017-08-20,2017-07-14,2975,frozen_train_only,True,validation
KY42W3FG,2017-08-20,2017-07-14,2975,frozen_train_only,True,purged_validation
05915PPX,2017-08-20,2017-07-14,2975,frozen_train_only,True,purged_validation
87TZLMU7,2017-08-20,2017-07-14,2975,frozen_train_only,True,purged_validation
P858PP0L,2017-08-20,2017-07-14,2975,frozen_train_only,True,purged_validation
O916VMU7,2017-08-20,2017-07-14,2975,frozen_train_only,True,purged_validation
0SPX7FIJ,2017-08-20,2017-07-14,2975,frozen_train_only,True,validation
KEE51TPD,2017-08-21,2017-07-14,2975,frozen_train_only,True,purged_validation
8RR4WXXZ,2017-08-21,2017-07-14,2975,frozen_train_only,True,purged_validation
IYU5CGUM,2017-08-21,2017-07-14,2975,frozen_train_only,True,purged_validation
669805IQ,2017-08-21,2017-07-14,2975,frozen_train_only,True,purged_validation
A3JRUDX3,2017-08-21,2017-07-14,2975,frozen_train_only,True,purged_validation
NY197B1A,2017-08-21,2017-07-14,2975,frozen_train_only,True,purged_validation
6AD8WNA2,2017-08-21,2017-07-14,2975,frozen_train_only,True,purged_validation
TKENIGRA,2017-08-21,2017-07-14,2975,frozen_train_only,True,purged_validation
R9ZOFUBX,2017-08-21,2017-07-14,2975,frozen_train_only,True,purged_validation
8BZLOF0K,2017-08-21,2017-07-14,2975,frozen_train_only,True,validation
0VFBWUG5,2017-08-21,2017-07-14,2975,frozen_train_only,True,purged_validation
696VNI6G,2017-08-21,2017-07-14,2975,frozen_train_only,True,validation
1I1K838F,2017-08-21,2017-07-14,2975,frozen_train_only,True,purged_validation
LHIM2BGF,2017-08-21,2017-07-14,2975,frozen_train_only,True,purged_validation
2O7MVJ1T,2017-08-21,2017-07-14,2975,frozen_train_only,True,validation
HDW4BXVN,2017-08-21,2017-07-14,2975,frozen_train_only,True,purged_validation
V9ORUWY8,2017-08-22,2017-07-14,2975,frozen_train_only,True,purged_validation
NNLNVB7E,2017-08-22,2017-07-14,2975,frozen_train_only,True,purged_validation
W3CLJLES,2017-08-22,2017-07-14,2975,frozen_train_only,True,validation
4ELXMIIO,2017-08-22,2017-07-14,2975,frozen_train_only,True,validation
4CFMS9QT,2017-08-22,2017-07-14,2975,frozen_train_only,True,purged_validation
YVJ3V0ZI,2017-08-22,2017-07-14,2975,frozen_train_only,True,purged_validation
Q1CFR580,2017-08-22,2017-07-14,2975,frozen_train_only,True,purged_validation
4S6FW9VM,2017-08-22,2017-07-14,2975,frozen_train_only,True,validation
PA3EXPCW,2017-08-22,2017-07-14,2975,frozen_train_only,True,purged_validation
MPVD0JVF,2017-08-22,2017-07-14,2975,frozen_train_only,True,purged_validation
KZQGC4TA,2017-08-22,2017-07-14,2975,frozen_train_only,True,purged_validation
FKOA9EF9,2017-08-22,2017-07-14,2975,frozen_train_only,True,purged_validation
Y7TVYRAX,2017-08-22,2017-07-14,2975,frozen_train_only,True,purged_validation
04YBYVPV,2017-08-22,2017-07-14,2975,frozen_train_only,True,validation
2UZXS1I2,2017-08-22,2017-07-14,2975,frozen_train_only,True,validation
KU7COUGK,2017-08-22,2017-07-14,2975,frozen_train_only,True,purged_validation
23K5J6JP,2017-08-23,2017-07-14,2975,frozen_train_only,True,purged_validation
X7DYUDEB,2017-08-23,2017-07-14,2975,frozen_train_only,True,purged_validation
EMGB7S71,2017-08-23,2017-07-14,2975,frozen_train_only,True,purged_validation
EWAMDI1N,2017-08-23,2017-07-14,2975,frozen_train_only,True,validation
5D8MX6L9,2017-08-23,2017-07-14,2975,frozen_train_only,True,purged_validation
Q9BUCL60,2017-08-23,2017-07-14,2975,frozen_train_only,True,purged_validation
AEZIAPTN,2017-08-23,2017-07-14,2975,frozen_train_only,True,purged_validation
IAW2UHNH,2017-08-23,2017-07-14,2975,frozen_train_only,True,purged_validation
1397M445,2017-08-23,2017-07-14,2975,frozen_train_only,True,purged_validation
5IMH88MT,2017-08-23,2017-07-14,2975,frozen_train_only,True,purged_validation
I86DM1B9,2017-08-23,2017-07-14,2975,frozen_train_only,True,purged_validation
HTZD5YGO,2017-08-23,2017-07-14,2975,frozen_train_only,True,validation
FBEP7939,2017-08-23,2017-07-14,2975,frozen_train_only,True,purged_validation
NH44FYAA,2017-08-23,2017-07-14,2975,frozen_train_only,True,validation
Z6AO7S3R,2017-08-23,2017-07-14,2975,frozen_train_only,True,purged_validation
8V3XDZ0D,2017-08-23,2017-07-14,2975,frozen_train_only,True,purged_validation
18T73EHS,2017-08-23,2017-07-14,2975,frozen_train_only,True,validation
RKTTVMMP,2017-08-23,2017-07-14,2975,frozen_train_only,True,validation
UDXG59P0,2017-08-23,2017-07-14,2975,frozen_train_only,True,purged_validation
VMOGUQA7,2017-08-23,2017-07-14,2975,frozen_train_only,True,purged_validation
0L3VYSKY,2017-08-23,2017-07-14,2975,frozen_train_only,True,validation
PG5S1KYF,2017-08-23,2017-07-14,2975,frozen_train_only,True,purged_validation
LVF6FP4A,2017-08-23,2017-07-14,2975,frozen_train_only,True,purged_validation
RGZHQ2MJ,2017-08-23,2017-07-14,2975,frozen_train_only,True,validation
3THBBYXS,2017-08-23,2017-07-14,2975,frozen_train_only,True,purged_validation
XHDAW1SQ,2017-08-23,2017-07-14,2975,frozen_train_only,True,purged_validation
GIO029D3,2017-08-23,2017-07-14,2975,frozen_train_only,True,validation
ZVXINY4O,2017-08-24,2017-07-14,2975,frozen_train_only,True,purged_validation
M9N3HWGC,2017-08-24,2017-07-14,2975,frozen_train_only,True,purged_validation
H56FMPGG,2017-08-24,2017-07-14,2975,frozen_train_only,True,validation
IH4O3JXV,2017-08-24,2017-07-14,2975,frozen_train_only,True,validation
B6L071P2,2017-08-24,2017-07-14,2975,frozen_train_only,True,purged_validation
3ISHFT20,2017-08-24,2017-07-14,2975,frozen_train_only,True,purged_validation
OBFCOV33,2017-08-24,2017-07-14,2975,frozen_train_only,True,purged_validation
78OETKRD,2017-08-24,2017-07-14,2975,frozen_train_only,True,purged_validation
6IJNBKST,2017-08-24,2017-07-14,2975,frozen_train_only,True,validation
RM4HCA1W,2017-08-24,2017-07-14,2975,frozen_train_only,True,validation
Y1FWLR93,2017-08-24,2017-07-14,2975,frozen_train_only,True,validation
ORUHS3Q2,2017-08-24,2017-07-14,2975,frozen_train_only,True,purged_validation
9RLSCMM9,2017-08-24,2017-07-14,2975,frozen_train_only,True,validation
3QS2B6IN,2017-08-24,2017-07-14,2975,frozen_train_only,True,validation
XCB9CPID,2017-08-24,2017-07-14,2975,frozen_train_only,True,purged_validation
7EJJ9KVZ,2017-08-24,2017-07-14,2975,frozen_train_only,True,validation
M4MOGAS4,2017-08-24,2017-07-14,2975,frozen_train_only,True,validation
ZNU9YDS9,2017-08-25,2017-07-14,2975,frozen_train_only,True,purged_validation
V3VJRFBV,2017-08-25,2017-07-14,2975,frozen_train_only,True,purged_validation
PDI7F0LR,2017-08-25,2017-07-14,2975,frozen_train_only,True,purged_validation
KJ93MS4W,2017-08-25,2017-07-14,2975,frozen_train_only,True,purged_validation
5R1XNYTM,2017-08-25,2017-07-14,2975,frozen_train_only,True,purged_validation
PRQ96EWX,2017-08-25,2017-07-14,2975,frozen_train_only,True,validation
RUN3Z87A,2017-08-25,2017-07-14,2975,frozen_train_only,True,purged_validation
9RGQ8HED,2017-08-25,2017-07-14,2975,frozen_train_only,True,purged_validation
RSSYISWE,2017-08-25,2017-07-14,2975,frozen_train_only,True,purged_validation
67ORNLJ3,2017-08-25,2017-07-14,2975,frozen_train_only,True,validation
M28Z11DC,2017-08-25,2017-07-14,2975,frozen_train_only,True,validation
DIVKSHY7,2017-08-25,2017-07-14,2975,frozen_train_only,True,purged_validation
RLTHGLLJ,2017-08-25,2017-07-14,2975,frozen_train_only,True,purged_validation
EC8A1L94,2017-08-25,2017-07-14,2975,frozen_train_only,True,purged_validation
OO4Z7LB9,2017-08-25,2017-07-14,2975,frozen_train_only,True,validation
PWOX6RY8,2017-08-25,2017-07-14,2975,frozen_train_only,True,purged_validation
0VG9PGMI,2017-08-25,2017-07-14,2975,frozen_train_only,True,validation
LKFYC5X3,2017-08-25,2017-07-14,2975,frozen_train_only,True,purged_validation
984H5OG0,2017-08-25,2017-07-14,2975,frozen_train_only,True,purged_validation
AB39AL3A,2017-08-25,2017-07-14,2975,frozen_train_only,True,purged_validation
1SKGHPHL,2017-08-25,2017-07-14,2975,frozen_train_only,True,purged_validation
YTMPHIQY,2017-08-25,2017-07-14,2975,frozen_train_only,True,validation
6HE07D76,2017-08-25,2017-07-14,2975,frozen_train_only,True,purged_validation
64CTQ6C5,2017-08-26,2017-07-14,2975,frozen_train_only,True,purged_validation
5J4Z0RYC,2017-08-26,2017-07-14,2975,frozen_train_only,True,validation
ERWWQ79N,2017-08-26,2017-07-14,2975,frozen_train_only,True,purged_validation
08O63ECM,2017-08-26,2017-07-14,2975,frozen_train_only,True,purged_validation
AMGF31TA,2017-08-26,2017-07-14,2975,frozen_train_only,True,validation
DUJ52ZYK,2017-08-26,2017-07-14,2975,frozen_train_only,True,validation
N2C3ASJ9,2017-08-26,2017-07-14,2975,frozen_train_only,True,validation
62WFO2I3,2017-08-26,2017-07-14,2975,frozen_train_only,True,purged_validation
55O18ALO,2017-08-26,2017-07-14,2975,frozen_train_only,True,purged_validation
ZTUJ5KQ8,2017-08-26,2017-07-14,2975,frozen_train_only,True,purged_validation
ZQHJNTDK,2017-08-26,2017-07-14,2975,frozen_train_only,True,purged_validation
K0IV66AV,2017-08-26,2017-07-14,2975,frozen_train_only,True,purged_validation
KJ4NAGS5,2017-08-26,2017-07-14,2975,frozen_train_only,True,purged_validation
70A4A2GV,2017-08-26,2017-07-14,2975,frozen_train_only,True,purged_validation
6TND1V4T,2017-08-26,2017-07-14,2975,frozen_train_only,True,validation
43FW6W9O,2017-08-26,2017-07-14,2975,frozen_train_only,True,purged_validation
QB4FISNE,2017-08-26,2017-07-14,2975,frozen_train_only,True,validation
41S0S9KP,2017-08-26,2017-07-14,2975,frozen_train_only,True,purged_validation
JESVHYTG,2017-08-27,2017-07-14,2975,frozen_train_only,True,validation
P3HO0L6P,2017-08-27,2017-07-14,2975,frozen_train_only,True,purged_validation
6GDZDVTV,2017-08-27,2017-07-14,2975,frozen_train_only,True,validation
Y5A5G2L5,2017-08-27,2017-07-14,2975,frozen_train_only,True,purged_validation
PG4UQI8B,2017-08-27,2017-07-14,2975,frozen_train_only,True,purged_validation
M40Z4KWL,2017-08-27,2017-07-14,2975,frozen_train_only,True,purged_validation
BB46B5C7,2017-08-27,2017-07-14,2975,frozen_train_only,True,purged_validation
TPJNVDPH,2017-08-27,2017-07-14,2975,frozen_train_only,True,purged_validation
FMMAQM87,2017-08-27,2017-07-14,2975,frozen_train_only,True,validation
46UITTY6,2017-08-27,2017-07-14,2975,frozen_train_only,True,purged_validation
KK5YBPU6,2017-08-27,2017-07-14,2975,frozen_train_only,True,validation
A7FCLQ42,2017-08-27,2017-07-14,2975,frozen_train_only,True,purged_validation
G2C5RKTN,2017-08-27,2017-07-14,2975,frozen_train_only,True,purged_validation
UNSJB0L7,2017-08-27,2017-07-14,2975,frozen_train_only,True,validation
UJT04PL7,2017-08-27,2017-07-14,2975,frozen_train_only,True,purged_validation
DCIFTBM0,2017-08-28,2017-07-14,2975,frozen_train_only,True,purged_validation
BTZ06Z6O,2017-08-28,2017-07-14,2975,frozen_train_only,True,validation
S9CGS0IX,2017-08-28,2017-07-14,2975,frozen_train_only,True,purged_validation
ZTYHMEQY,2017-08-28,2017-07-14,2975,frozen_train_only,True,validation
IOTAHMQX,2017-08-28,2017-07-14,2975,frozen_train_only,True,validation
01DZ14Y0,2017-08-28,2017-07-14,2975,frozen_train_only,True,purged_validation
1T91NEIV,2017-08-28,2017-07-14,2975,frozen_train_only,True,validation
41B62CUB,2017-08-28,2017-07-14,2975,frozen_train_only,True,purged_validation
G0QOVMMS,2017-08-28,2017-07-14,2975,frozen_train_only,True,purged_validation
FG79OR5X,2017-08-28,2017-07-14,2975,frozen_train_only,True,purged_validation
QY4ZMI2F,2017-08-28,2017-07-14,2975,frozen_train_only,True,validation
VY0QPLGN,2017-08-28,2017-07-14,2975,frozen_train_only,True,purged_validation
XP1PQSPC,2017-08-28,2017-07-14,2975,frozen_train_only,True,purged_validation
K3KT8S1F,2017-08-28,2017-07-14,2975,frozen_train_only,True,purged_validation
5CIT07UC,2017-08-28,2017-07-14,2975,frozen_train_only,True,validation
VIZ9ZLVT,2017-08-28,2017-07-14,2975,frozen_train_only,True,purged_validation
9ZY0QQ8Q,2017-08-28,2017-07-14,2975,frozen_train_only,True,purged_validation
0WGCUB3L,2017-08-28,2017-07-14,2975,frozen_train_only,True,validation
QCN2DZQQ,2017-08-28,2017-07-14,2975,frozen_train_only,True,purged_validation
ZAY2J4I5,2017-08-28,2017-07-14,2975,frozen_train_only,True,validation
J25NMK6Q,2017-08-28,2017-07-14,2975,frozen_train_only,True,purged_validation
DZHIAZ5H,2017-08-29,2017-07-14,2975,frozen_train_only,True,validation
233HYDSP,2017-08-29,2017-07-14,2975,frozen_train_only,True,purged_validation
EXXFSC3O,2017-08-29,2017-07-14,2975,frozen_train_only,True,purged_validation
U68B4UQU,2017-08-29,2017-07-14,2975,frozen_train_only,True,validation
73EBDWP4,2017-08-29,2017-07-14,2975,frozen_train_only,True,purged_validation
FQQ3XQNG,2017-08-29,2017-07-14,2975,frozen_train_only,True,purged_validation
C4KZVTYR,2017-08-29,2017-07-14,2975,frozen_train_only,True,purged_validation
HWXJWHGI,2017-08-29,2017-07-14,2975,frozen_train_only,True,validation
W36MU0PW,2017-08-29,2017-07-14,2975,frozen_train_only,True,validation
OWEMO7RD,2017-08-29,2017-07-14,2975,frozen_train_only,True,purged_validation
9XU06EA8,2017-08-29,2017-07-14,2975,frozen_train_only,True,purged_validation
DC2NI04U,2017-08-29,2017-07-14,2975,frozen_train_only,True,purged_validation
BO2XRLBS,2017-08-29,2017-07-14,2975,frozen_train_only,True,purged_validation
V9YY2XIE,2017-08-29,2017-07-14,2975,frozen_train_only,True,purged_validation
J3K9EXW0,2017-08-29,2017-07-14,2975,frozen_train_only,True,purged_validation
N9KFQCOH,2017-08-29,2017-07-14,2975,frozen_train_only,True,validation
GSPDR7BH,2017-08-29,2017-07-14,2975,frozen_train_only,True,purged_validation
MB0XTICR,2017-08-29,2017-07-14,2975,frozen_train_only,True,purged_validation
04SQ7RNY,2017-08-29,2017-07-14,2975,frozen_train_only,True,purged_validation
WIHGFD8B,2017-08-30,2017-07-14,2975,frozen_train_only,True,purged_validation
O3Q5B86F,2017-08-30,2017-07-14,2975,frozen_train_only,True,purged_validation
PE3P7M7S,2017-08-30,2017-07-14,2975,frozen_train_only,True,validation
401BY1PW,2017-08-30,2017-07-14,2975,frozen_train_only,True,purged_validation
9RQ8FZYQ,2017-08-30,2017-07-14,2975,frozen_train_only,True,validation
G7NU2YCG,2017-08-30,2017-07-14,2975,frozen_train_only,True,validation
R9RWFEEJ,2017-08-30,2017-07-14,2975,frozen_train_only,True,purged_validation
WV2OG7C3,2017-08-30,2017-07-14,2975,frozen_train_only,True,purged_validation
LDIBOTNO,2017-08-30,2017-07-14,2975,frozen_train_only,True,validation
FC4ZD68R,2017-08-30,2017-07-14,2975,frozen_train_only,True,purged_validation
YH6ST9KT,2017-08-30,2017-07-14,2975,frozen_train_only,True,validation
9S8E95EI,2017-08-30,2017-07-14,2975,frozen_train_only,True,purged_validation
RLHNEVYY,2017-08-30,2017-07-14,2975,frozen_train_only,True,validation
OFP1MLFY,2017-08-30,2017-07-14,2975,frozen_train_only,True,purged_validation
CQELCLO0,2017-08-30,2017-07-14,2975,frozen_train_only,True,purged_validation
L351AATH,2017-08-30,2017-07-14,2975,frozen_train_only,True,purged_validation
VBKF5FPB,2017-08-30,2017-07-14,2975,frozen_train_only,True,validation
68YAXBZN,2017-08-30,2017-07-14,2975,frozen_train_only,True,purged_validation
EFB0NFP3,2017-08-30,2017-07-14,2975,frozen_train_only,True,purged_validation
CB0NZYB2,2017-08-30,2017-07-14,2975,frozen_train_only,True,validation
QKUULSVC,2017-08-30,2017-07-14,2975,frozen_train_only,True,purged_validation
8838GIT9,2017-08-30,2017-07-14,2975,frozen_train_only,True,purged_validation
5DOARVYO,2017-08-30,2017-07-14,2975,frozen_train_only,True,validation
0N2VYY6Z,2017-08-30,2017-07-14,2975,frozen_train_only,True,purged_validation
LWCKCV0M,2017-08-30,2017-07-14,2975,frozen_train_only,True,validation
L40FW06K,2017-08-30,2017-07-14,2975,frozen_train_only,True,purged_validation
XXXM7BMA,2017-08-30,2017-07-14,2975,frozen_train_only,True,purged_validation
F7S1OPQS,2017-08-30,2017-07-14,2975,frozen_train_only,True,purged_validation
U5JFEXOI,2017-08-30,2017-07-14,2975,frozen_train_only,True,purged_validation
HR3DH6DX,2017-08-30,2017-07-14,2975,frozen_train_only,True,purged_validation
9EICLJHY,2017-08-30,2017-07-14,2975,frozen_train_only,True,purged_validation
01FNZW2T,2017-08-30,2017-07-14,2975,frozen_train_only,True,purged_validation
3CS2IXT0,2017-08-30,2017-07-14,2975,frozen_train_only,True,purged_validation
O9MHRAK6,2017-08-30,2017-07-14,2975,frozen_train_only,True,purged_validation
KPW4J1CR,2017-08-30,2017-07-14,2975,frozen_train_only,True,purged_validation
KAPPUUYY,2017-08-31,2017-07-14,2975,frozen_train_only,True,purged_validation
WRLAVDPH,2017-08-31,2017-07-14,2975,frozen_train_only,True,validation
1W5FOS69,2017-08-31,2017-07-14,2975,frozen_train_only,True,purged_validation
GFBJXXI1,2017-08-31,2017-07-14,2975,frozen_train_only,True,validation
2HYR0Q4Y,2017-08-31,2017-07-14,2975,frozen_train_only,True,purged_validation
XVM3UK16,2017-08-31,2017-07-14,2975,frozen_train_only,True,purged_validation
CDAMI76Z,2017-08-31,2017-07-14,2975,frozen_train_only,True,validation
6M77EGH7,2017-08-31,2017-07-14,2975,frozen_train_only,True,purged_validation
9CLDDA0W,2017-08-31,2017-07-14,2975,frozen_train_only,True,purged_validation
8CQ2I2P2,2017-08-31,2017-07-14,2975,frozen_train_only,True,purged_validation
GEFQNRF3,2017-08-31,2017-07-14,2975,frozen_train_only,True,purged_validation
PCQUKUM5,2017-08-31,2017-07-14,2975,frozen_train_only,True,validation
MZ987882,2017-08-31,2017-07-14,2975,frozen_train_only,True,purged_validation
02EC1993,2017-08-31,2017-07-14,2975,frozen_train_only,True,purged_validation
UQCPNZO1,2017-08-31,2017-07-14,2975,frozen_train_only,True,validation
0NP0XPLQ,2017-08-31,2017-07-14,2975,frozen_train_only,True,validation
S2WRH3QA,2017-08-31,2017-07-14,2975,frozen_train_only,True,purged_validation
QJV1UWL5,2017-08-31,2017-07-14,2975,frozen_train_only,True,purged_validation
GNAX12Z6,2017-08-31,2017-07-14,2975,frozen_train_only,True,validation
62NZ0THZ,2017-08-31,2017-07-14,2975,frozen_train_only,True,purged_validation
PSKWV2JJ,2017-08-31,2017-07-14,2975,frozen_train_only,True,purged_validation
05HLE3JL,2017-09-01,2017-07-14,2975,frozen_train_only,True,purged_validation
CAF97SA2,2017-09-01,2017-07-14,2975,frozen_train_only,True,purged_validation
AAFPTXEB,2017-09-01,2017-07-14,2975,frozen_train_only,True,purged_validation
D74OAJB4,2017-09-01,2017-07-14,2975,frozen_train_only,True,purged_validation
CQDL6WZX,2017-09-01,2017-07-14,2975,frozen_train_only,True,validation
VAV3N62C,2017-09-01,2017-07-14,2975,frozen_train_only,True,validation
OK7R7I2A,2017-09-01,2017-07-14,2975,frozen_train_only,True,purged_validation
IOMVIZR8,2017-09-01,2017-07-14,2975,frozen_train_only,True,purged_validation
BTT2TM8O,2017-09-01,2017-07-14,2975,frozen_train_only,True,purged_validation
FYNL84HO,2017-09-01,2017-07-14,2975,frozen_train_only,True,purged_validation
ZBB9CDO4,2017-09-01,2017-07-14,2975,frozen_train_only,True,purged_validation
IV5UVG0R,2017-09-01,2017-07-14,2975,frozen_train_only,True,validation
TDHFX8SC,2017-09-01,2017-07-14,2975,frozen_train_only,True,purged_validation
7OXU784Y,2017-09-01,2017-07-14,2975,frozen_train_only,True,purged_validation
MA6F51AR,2017-09-01,2017-07-14,2975,frozen_train_only,True,purged_validation
WDT43Q6O,2017-09-01,2017-07-14,2975,frozen_train_only,True,validation
XKYHE3OH,2017-09-01,2017-07-14,2975,frozen_train_only,True,purged_validation
R65NL57V,2017-09-01,2017-07-14,2975,frozen_train_only,True,purged_validation
AKBRVLRZ,2017-09-01,2017-07-14,2975,frozen_train_only,True,validation
8FZ7CWPP,2017-09-01,2017-07-14,2975,frozen_train_only,True,validation
EQPGDVWK,2017-09-01,2017-07-14,2975,frozen_train_only,True,purged_validation
I819UEG6,2017-09-02,2017-07-14,2975,frozen_train_only,True,purged_validation
TXZTEEUJ,2017-09-02,2017-07-14,2975,frozen_train_only,True,purged_validation
XO8TRDKK,2017-09-02,2017-07-14,2975,frozen_train_only,True,validation
74YNCNQM,2017-09-02,2017-07-14,2975,frozen_train_only,True,purged_validation
I5QVV9C5,2017-09-02,2017-07-14,2975,frozen_train_only,True,purged_validation
SS0ZF7SG,2017-09-02,2017-07-14,2975,frozen_train_only,True,purged_validation
2GRNCODO,2017-09-02,2017-07-14,2975,frozen_train_only,True,purged_validation
2UNAJCGN,2017-09-02,2017-07-14,2975,frozen_train_only,True,purged_validation
ZP5Q4YUJ,2017-09-02,2017-07-14,2975,frozen_train_only,True,purged_validation
7XL4JYSB,2017-09-02,2017-07-14,2975,frozen_train_only,True,purged_validation
HEZ8H6MK,2017-09-02,2017-07-14,2975,frozen_train_only,True,purged_validation
50AWO49B,2017-09-02,2017-07-14,2975,frozen_train_only,True,purged_validation
CID4Y877,2017-09-02,2017-07-14,2975,frozen_train_only,True,purged_validation
T20CPZ52,2017-09-02,2017-07-14,2975,frozen_train_only,True,purged_validation
HVF0VLJ3,2017-09-02,2017-07-14,2975,frozen_train_only,True,purged_validation
A86ZEF94,2017-09-02,2017-07-14,2975,frozen_train_only,True,purged_validation
8OMML4E8,2017-09-02,2017-07-14,2975,frozen_train_only,True,validation
283Y9ULR,2017-09-02,2017-07-14,2975,frozen_train_only,True,purged_validation
C0LNV4PU,2017-09-02,2017-07-14,2975,frozen_train_only,True,purged_validation
YB6UP71G,2017-09-03,2017-07-14,2975,frozen_train_only,True,validation
A30VAQHM,2017-09-03,2017-07-14,2975,frozen_train_only,True,purged_validation
ZH2TBHVZ,2017-09-03,2017-07-14,2975,frozen_train_only,True,validation
UKJO54QY,2017-09-03,2017-07-14,2975,frozen_train_only,True,validation
9868N4GB,2017-09-03,2017-07-14,2975,frozen_train_only,True,purged_validation
L5UKY73S,2017-09-03,2017-07-14,2975,frozen_train_only,True,purged_validation
7DDPLMQ5,2017-09-03,2017-07-14,2975,frozen_train_only,True,purged_validation
4KVZVHNN,2017-09-03,2017-07-14,2975,frozen_train_only,True,validation
ULWQ61OZ,2017-09-03,2017-07-14,2975,frozen_train_only,True,purged_validation
FKU9TS06,2017-09-03,2017-07-14,2975,frozen_train_only,True,validation
OPFBXGFV,2017-09-03,2017-07-14,2975,frozen_train_only,True,purged_validation
UCV49FYZ,2017-09-03,2017-07-14,2975,frozen_train_only,True,validation
F58R70DY,2017-09-03,2017-07-14,2975,frozen_train_only,True,validation
1H2PVLZ3,2017-09-03,2017-07-14,2975,frozen_train_only,True,purged_validation
DV6WD759,2017-09-03,2017-07-14,2975,frozen_train_only,True,validation
SBC67V5T,2017-09-03,2017-07-14,2975,frozen_train_only,True,validation
IDGLZJRX,2017-09-03,2017-07-14,2975,frozen_train_only,True,purged_validation
VYG4BHEE,2017-09-03,2017-07-14,2975,frozen_train_only,True,purged_validation
YFTW9Z69,2017-09-04,2017-07-14,2975,frozen_train_only,True,purged_validation
92IDH7MB,2017-09-04,2017-07-14,2975,frozen_train_only,True,purged_validation
NR1JSUPQ,2017-09-04,2017-07-14,2975,frozen_train_only,True,purged_validation
ZNOARPNW,2017-09-04,2017-07-14,2975,frozen_train_only,True,validation
FNKZKHTJ,2017-09-04,2017-07-14,2975,frozen_train_only,True,validation
UAVOPRPV,2017-09-04,2017-07-14,2975,frozen_train_only,True,purged_validation
VMUTS9GK,2017-09-04,2017-07-14,2975,frozen_train_only,True,purged_validation
SZPU1DSR,2017-09-04,2017-07-14,2975,frozen_train_only,True,purged_validation
9EGLQG3N,2017-09-04,2017-07-14,2975,frozen_train_only,True,purged_validation
BL23633Z,2017-09-04,2017-07-14,2975,frozen_train_only,True,purged_validation
87G25M68,2017-09-04,2017-07-14,2975,frozen_train_only,True,purged_validation
8F3RA844,2017-09-04,2017-07-14,2975,frozen_train_only,True,purged_validation
VJ1FT11H,2017-09-04,2017-07-14,2975,frozen_train_only,True,purged_validation
TKI8MEZZ,2017-09-04,2017-07-14,2975,frozen_train_only,True,purged_validation
QSHP9AHU,2017-09-04,2017-07-14,2975,frozen_train_only,True,purged_validation
MIDW7Q49,2017-09-04,2017-07-14,2975,frozen_train_only,True,purged_validation
PW7QNSFG,2017-09-04,2017-07-14,2975,frozen_train_only,True,purged_validation
WGYE40NI,2017-09-04,2017-07-14,2975,frozen_train_only,True,purged_validation
HLX6W646,2017-09-04,2017-07-14,2975,frozen_train_only,True,purged_validation
6VMQQKLJ,2017-09-04,2017-07-14,2975,frozen_train_only,True,validation
FYS6IZO4,2017-09-04,2017-07-14,2975,frozen_train_only,True,purged_validation
7OSD4T24,2017-09-04,2017-07-14,2975,frozen_train_only,True,purged_validation
H29A7E6X,2017-09-05,2017-07-14,2975,frozen_train_only,True,purged_validation
IDN254QN,2017-09-05,2017-07-14,2975,frozen_train_only,True,purged_validation
W3U1N1RV,2017-09-05,2017-07-14,2975,frozen_train_only,True,purged_validation
5LPKNEEI,2017-09-05,2017-07-14,2975,frozen_train_only,True,validation
073UCD9F,2017-09-05,2017-07-14,2975,frozen_train_only,True,purged_validation
DCZOTU5X,2017-09-05,2017-07-14,2975,frozen_train_only,True,purged_validation
KUJ5M6J3,2017-09-05,2017-07-14,2975,frozen_train_only,True,purged_validation
YGUOEIEG,2017-09-05,2017-07-14,2975,frozen_train_only,True,purged_validation
CRL6IB5Z,2017-09-05,2017-07-14,2975,frozen_train_only,True,purged_validation
STVHD67J,2017-09-05,2017-07-14,2975,frozen_train_only,True,validation
I3TDKU30,2017-09-05,2017-07-14,2975,frozen_train_only,True,validation
YUVNXSSD,2017-09-05,2017-07-14,2975,frozen_train_only,True,validation
AZJXZFMR,2017-09-05,2017-07-14,2975,frozen_train_only,True,purged_validation
2WPEOPIF,2017-09-05,2017-07-14,2975,frozen_train_only,True,purged_validation
XMCRTC2K,2017-09-05,2017-07-14,2975,frozen_train_only,True,purged_validation
ZDVZB8PX,2017-09-05,2017-07-14,2975,frozen_train_only,True,purged_validation
5JS6JI3P,2017-09-05,2017-07-14,2975,frozen_train_only,True,purged_validation
8DPUST4Y,2017-09-06,2017-07-14,2975,frozen_train_only,True,purged_validation
L1QNLM08,2017-09-06,2017-07-14,2975,frozen_train_only,True,purged_validation
S4YQYJPM,2017-09-06,2017-07-14,2975,frozen_train_only,True,validation
6BQMENQR,2017-09-06,2017-07-14,2975,frozen_train_only,True,purged_validation
XAS0EL71,2017-09-06,2017-07-14,2975,frozen_train_only,True,purged_validation
GQNM1QP8,2017-09-06,2017-07-14,2975,frozen_train_only,True,purged_validation
9CK2HTJP,2017-09-06,2017-07-14,2975,frozen_train_only,True,purged_validation
J96E49Z1,2017-09-06,2017-07-14,2975,frozen_train_only,True,purged_validation
X96KGPI8,2017-09-06,2017-07-14,2975,frozen_train_only,True,purged_validation
JJDL1F8R,2017-09-06,2017-07-14,2975,frozen_train_only,True,purged_validation
0J24X1Y0,2017-09-06,2017-07-14,2975,frozen_train_only,True,validation
SEYFLN8Y,2017-09-06,2017-07-14,2975,frozen_train_only,True,purged_validation
EID3MR9L,2017-09-06,2017-07-14,2975,frozen_train_only,True,purged_validation
ID2VJE8V,2017-09-06,2017-07-14,2975,frozen_train_only,True,validation
T3W0Z8KP,2017-09-06,2017-07-14,2975,frozen_train_only,True,validation
2WZU46RL,2017-09-06,2017-07-14,2975,frozen_train_only,True,purged_validation
576N6HHJ,2017-09-06,2017-07-14,2975,frozen_train_only,True,validation
WOS93VI5,2017-09-06,2017-07-14,2975,frozen_train_only,True,purged_validation
RKI7OEP9,2017-09-07,2017-07-14,2975,frozen_train_only,True,purged_validation
D9CS7EIY,2017-09-07,2017-07-14,2975,frozen_train_only,True,purged_validation
J1VGTXQS,2017-09-07,2017-07-14,2975,frozen_train_only,True,purged_validation
T87FD71P,2017-09-07,2017-07-14,2975,frozen_train_only,True,purged_validation
P4PX93RN,2017-09-07,2017-07-14,2975,frozen_train_only,True,purged_validation
RLJI4F93,2017-09-07,2017-07-14,2975,frozen_train_only,True,purged_validation
AE306TJU,2017-09-07,2017-07-14,2975,frozen_train_only,True,validation
D3BO9JDM,2017-09-07,2017-07-14,2975,frozen_train_only,True,purged_validation
DPDUK8RG,2017-09-07,2017-07-14,2975,frozen_train_only,True,validation
AR35V2L2,2017-09-07,2017-07-14,2975,frozen_train_only,True,validation
FAKATVRQ,2017-09-07,2017-07-14,2975,frozen_train_only,True,purged_validation
9SU2A73Y,2017-09-07,2017-07-14,2975,frozen_train_only,True,purged_validation
98R4AZA8,2017-09-07,2017-07-14,2975,frozen_train_only,True,purged_validation
9FE75D1D,2017-09-07,2017-07-14,2975,frozen_train_only,True,purged_validation
S5NVSXEX,2017-09-07,2017-07-14,2975,frozen_train_only,True,purged_validation
C6F5DTFR,2017-09-07,2017-07-14,2975,frozen_train_only,True,purged_validation
R4X2MOO1,2017-09-07,2017-07-14,2975,frozen_train_only,True,purged_validation
8FULX0EA,2017-09-07,2017-07-14,2975,frozen_train_only,True,purged_validation
WA5NRVIG,2017-09-07,2017-07-14,2975,frozen_train_only,True,purged_validation
XO7D3NYR,2017-09-07,2017-07-14,2975,frozen_train_only,True,purged_validation
ZN8LHN9B,2017-09-07,2017-07-14,2975,frozen_train_only,True,purged_validation
BFH34LVO,2017-09-07,2017-07-14,2975,frozen_train_only,True,purged_validation
QHVGK8DM,2017-09-07,2017-07-14,2975,frozen_train_only,True,purged_validation
BALJ5E9J,2017-09-08,2017-07-14,2975,frozen_train_only,True,purged_validation
3Y6REURA,2017-09-08,2017-07-14,2975,frozen_train_only,True,purged_validation
3UI5JBOA,2017-09-08,2017-07-14,2975,frozen_train_only,True,purged_validation
8AKZH8QS,2017-09-08,2017-07-14,2975,frozen_train_only,True,purged_validation
FAS1KT97,2017-09-08,2017-07-14,2975,frozen_train_only,True,validation
RAPX57I3,2017-09-08,2017-07-14,2975,frozen_train_only,True,purged_validation
UZ4JMG8Z,2017-09-08,2017-07-14,2975,frozen_train_only,True,purged_validation
PV411N8I,2017-09-08,2017-07-14,2975,frozen_train_only,True,purged_validation
C58775JM,2017-09-08,2017-07-14,2975,frozen_train_only,True,purged_validation
A2PIOJWL,2017-09-08,2017-07-14,2975,frozen_train_only,True,purged_validation
SSEOGPPI,2017-09-08,2017-07-14,2975,frozen_train_only,True,validation
5MFY1D4C,2017-09-08,2017-07-14,2975,frozen_train_only,True,purged_validation
PQLMEIG0,2017-09-08,2017-07-14,2975,frozen_train_only,True,purged_validation
6CV2KEKP,2017-09-08,2017-07-14,2975,frozen_train_only,True,validation
FQD0IJBC,2017-09-08,2017-07-14,2975,frozen_train_only,True,purged_validation
E28C318S,2017-09-08,2017-07-14,2975,frozen_train_only,True,purged_validation
6BUW3ZVC,2017-09-08,2017-07-14,2975,frozen_train_only,True,purged_validation
ZW5XV2QY,2017-09-08,2017-07-14,2975,frozen_train_only,True,purged_validation
MOSX49BG,2017-09-08,2017-07-14,2975,frozen_train_only,True,purged_validation
BDEP8ZEH,2017-09-08,2017-07-14,2975,frozen_train_only,True,purged_validation
WSKZBAYI,2017-09-08,2017-07-14,2975,frozen_train_only,True,purged_validation
19H5KFIC,2017-09-08,2017-07-14,2975,frozen_train_only,True,purged_validation
7PCCI1U2,2017-09-08,2017-07-14,2975,frozen_train_only,True,purged_validation
8XXD2LMP,2017-09-08,2017-07-14,2975,frozen_train_only,True,purged_validation
USNQY75J,2017-09-08,2017-07-14,2975,frozen_train_only,True,purged_validation
EI7DU48C,2017-09-08,2017-07-14,2975,frozen_train_only,True,purged_validation
1A1BI5VB,2017-09-09,2017-07-14,2975,frozen_train_only,True,purged_validation
UYJVA76O,2017-09-09,2017-07-14,2975,frozen_train_only,True,purged_validation
DR2H05BG,2017-09-09,2017-07-14,2975,frozen_train_only,True,purged_validation
M765WQ4W,2017-09-09,2017-07-14,2975,frozen_train_only,True,validation
2PXZ68OA,2017-09-09,2017-07-14,2975,frozen_train_only,True,purged_validation
TDVM9PDL,2017-09-09,2017-07-14,2975,frozen_train_only,True,purged_validation
LBYGH8WS,2017-09-09,2017-07-14,2975,frozen_train_only,True,purged_validation
OBCBK0XR,2017-09-09,2017-07-14,2975,frozen_train_only,True,purged_validation
IX8AYR6F,2017-09-09,2017-07-14,2975,frozen_train_only,True,purged_validation
4LVXK5H1,2017-09-09,2017-07-14,2975,frozen_train_only,True,purged_validation
O5CWW9P3,2017-09-09,2017-07-14,2975,frozen_train_only,True,purged_validation
DPXZ0ONG,2017-09-09,2017-07-14,2975,frozen_train_only,True,purged_validation
2LOQKW1C,2017-09-09,2017-07-14,2975,frozen_train_only,True,purged_validation
MA1LQG9S,2017-09-09,2017-07-14,2975,frozen_train_only,True,purged_validation
YR4EFQ4C,2017-09-09,2017-07-14,2975,frozen_train_only,True,purged_validation
KB7DTUXO,2017-09-09,2017-07-14,2975,frozen_train_only,True,purged_validation
JMQRT3TC,2017-09-09,2017-07-14,2975,frozen_train_only,True,purged_validation
XETHS437,2017-09-09,2017-07-14,2975,frozen_train_only,True,purged_validation
6EYTZB6F,2017-09-09,2017-07-14,2975,frozen_train_only,True,purged_validation
DXY9EZ55,2017-09-09,2017-07-14,2975,frozen_train_only,True,purged_validation
ESZPH44N,2017-09-09,2017-07-14,2975,frozen_train_only,True,purged_validation
ITDTMROU,2017-09-10,2017-07-14,2975,frozen_train_only,True,purged_validation
IFO74RWI,2017-09-10,2017-07-14,2975,frozen_train_only,True,purged_validation
4O6T16XI,2017-09-10,2017-07-14,2975,frozen_train_only,True,purged_validation
SUPA1RHK,2017-09-10,2017-07-14,2975,frozen_train_only,True,validation
MDHD11QD,2017-09-10,2017-07-14,2975,frozen_train_only,True,validation
PERK5YXJ,2017-09-10,2017-07-14,2975,frozen_train_only,True,purged_validation
MUUNQNG2,2017-09-10,2017-07-14,2975,frozen_train_only,True,validation
J1SCD7QL,2017-09-10,2017-07-14,2975,frozen_train_only,True,purged_validation
9LILLW96,2017-09-10,2017-07-14,2975,frozen_train_only,True,purged_validation
R0DKB8FJ,2017-09-10,2017-07-14,2975,frozen_train_only,True,purged_validation
S5R9O6TL,2017-09-10,2017-07-14,2975,frozen_train_only,True,purged_validation
N78A330G,2017-09-10,2017-07-14,2975,frozen_train_only,True,purged_validation
ZHI12PI4,2017-09-10,2017-07-14,2975,frozen_train_only,True,purged_validation
38ZR3URJ,2017-09-10,2017-07-14,2975,frozen_train_only,True,purged_validation
6DJ817MW,2017-09-10,2017-07-14,2975,frozen_train_only,True,purged_validation
9HCLI5PO,2017-09-10,2017-07-14,2975,frozen_train_only,True,purged_validation
PRY70ISY,2017-09-10,2017-07-14,2975,frozen_train_only,True,purged_validation
CS2ZS0B4,2017-09-10,2017-07-14,2975,frozen_train_only,True,purged_validation
R7LGVRHC,2017-09-10,2017-07-14,2975,frozen_train_only,True,purged_validation
3KLVZN6M,2017-09-10,2017-07-14,2975,frozen_train_only,True,purged_validation
WGSLK719,2017-09-10,2017-07-14,2975,frozen_train_only,True,purged_validation
0MMDQ1OR,2017-09-10,2017-07-14,2975,frozen_train_only,True,purged_validation
SMQV0BRI,2017-09-10,2017-07-14,2975,frozen_train_only,True,purged_validation
X56STCJP,2017-09-10,2017-07-14,2975,frozen_train_only,True,purged_validation
K214R7RK,2017-09-10,2017-07-14,2975,frozen_train_only,True,purged_validation
NR9UD54C,2017-09-10,2017-07-14,2975,frozen_train_only,True,purged_validation
GTXI4PAR,2017-09-10,2017-07-14,2975,frozen_train_only,True,purged_validation
T94JAB4C,2017-09-10,2017-07-14,2975,frozen_train_only,True,purged_validation
8YOOE8I5,2017-09-10,2017-07-14,2975,frozen_train_only,True,purged_validation
8G2OTKLL,2017-09-10,2017-07-14,2975,frozen_train_only,True,purged_validation
LW0Z6TMR,2017-09-11,2017-07-14,2975,frozen_train_only,True,validation
R3NAMX4P,2017-09-11,2017-07-14,2975,frozen_train_only,True,purged_validation
VYJ20GOM,2017-09-11,2017-07-14,2975,frozen_train_only,True,purged_validation
GIWI7CWJ,2017-09-11,2017-07-14,2975,frozen_train_only,True,purged_validation
VTO3SNNX,2017-09-11,2017-07-14,2975,frozen_train_only,True,purged_validation
OVPNOM6O,2017-09-11,2017-07-14,2975,frozen_train_only,True,purged_validation
6KM4E0V1,2017-09-11,2017-07-14,2975,frozen_train_only,True,purged_validation
QWIPE5FB,2017-09-11,2017-07-14,2975,frozen_train_only,True,purged_validation
BZPU6P5P,2017-09-11,2017-07-14,2975,frozen_train_only,True,purged_validation
ZCFAVNF3,2017-09-11,2017-07-14,2975,frozen_train_only,True,purged_validation
RDMKSDT0,2017-09-11,2017-07-14,2975,frozen_train_only,True,purged_validation
QPCY8RU0,2017-09-11,2017-07-14,2975,frozen_train_only,True,purged_validation
Y93GK95W,2017-09-11,2017-07-14,2975,frozen_train_only,True,purged_validation
ZPB5KNCD,2017-09-11,2017-07-14,2975,frozen_train_only,True,purged_validation
ZDAJ4PFJ,2017-09-11,2017-07-14,2975,frozen_train_only,True,purged_validation
7VHJG9J1,2017-09-11,2017-07-14,2975,frozen_train_only,True,purged_validation
EHPG1PNC,2017-09-11,2017-07-14,2975,frozen_train_only,True,purged_validation
3CJMQNT0,2017-09-11,2017-07-14,2975,frozen_train_only,True,purged_validation
1MTLDVU8,2017-09-11,2017-07-14,2975,frozen_train_only,True,purged_validation
4Z7LYTKN,2017-09-12,2017-07-14,2975,frozen_train_only,True,purged_validation
MX0QEMEB,2017-09-12,2017-07-14,2975,frozen_train_only,True,purged_validation
Y25T06D2,2017-09-12,2017-07-14,2975,frozen_train_only,True,purged_validation
JY5LPMSJ,2017-09-12,2017-07-14,2975,frozen_train_only,True,purged_validation
YND6FAFG,2017-09-12,2017-07-14,2975,frozen_train_only,True,purged_validation
D4PEXI47,2017-09-12,2017-07-14,2975,frozen_train_only,True,purged_validation
WRSA8PVU,2017-09-12,2017-07-14,2975,frozen_train_only,True,purged_validation
965CJ4YG,2017-09-12,2017-07-14,2975,frozen_train_only,True,purged_validation
ML5QMJPM,2017-09-12,2017-07-14,2975,frozen_train_only,True,purged_validation
EWEW7ZMQ,2017-09-12,2017-07-14,2975,frozen_train_only,True,purged_validation
JY8W2PKW,2017-09-12,2017-07-14,2975,frozen_train_only,True,purged_validation
JFBWABB1,2017-09-12,2017-07-14,2975,frozen_train_only,True,purged_validation
A0Z6FYRO,2017-09-12,2017-07-14,2975,frozen_train_only,True,purged_validation
51AC0Q99,2017-09-12,2017-07-14,2975,frozen_train_only,True,purged_validation
897MKBP9,2017-09-12,2017-07-14,2975,frozen_train_only,True,purged_validation
Y5IRSKVA,2017-09-12,2017-07-14,2975,frozen_train_only,True,purged_validation
QS440NN9,2017-09-12,2017-07-14,2975,frozen_train_only,True,purged_validation
JOKH5C6I,2017-09-12,2017-07-14,2975,frozen_train_only,True,purged_validation
1MZ8GDLF,2017-09-12,2017-07-14,2975,frozen_train_only,True,purged_validation
64SDWSQH,2017-09-12,2017-07-14,2975,frozen_train_only,True,purged_validation
XS7CNY5H,2017-09-12,2017-07-14,2975,frozen_train_only,True,purged_validation
U0SS8E43,2017-09-12,2017-07-14,2975,frozen_train_only,True,purged_validation
2MH79C2B,2017-09-12,2017-07-14,2975,frozen_train_only,True,purged_validation
3YZFYEMI,2017-09-12,2017-07-14,2975,frozen_train_only,True,purged_validation
BPPV8ZSB,2017-09-12,2017-07-14,2975,frozen_train_only,True,purged_validation
DRJG2FVR,2017-09-12,2017-07-14,2975,frozen_train_only,True,validation
SWXO4J19,2017-09-12,2017-07-14,2975,frozen_train_only,True,purged_validation
07DPEL0B,2017-09-13,2017-07-14,2975,frozen_train_only,True,purged_validation
7GDRCAJR,2017-09-13,2017-07-14,2975,frozen_train_only,True,purged_validation
EJ8YBRD3,2017-09-13,2017-07-14,2975,frozen_train_only,True,purged_validation
G7HADWB0,2017-09-13,2017-07-14,2975,frozen_train_only,True,purged_validation
M3IFAMV2,2017-09-13,2017-07-14,2975,frozen_train_only,True,purged_validation
65AT4VFM,2017-09-13,2017-07-14,2975,frozen_train_only,True,purged_validation
H6SE0L31,2017-09-13,2017-07-14,2975,frozen_train_only,True,purged_validation
ZQC7YA4X,2017-09-13,2017-07-14,2975,frozen_train_only,True,purged_validation
J9V49YC3,2017-09-13,2017-07-14,2975,frozen_train_only,True,purged_validation
H3ZS0FBT,2017-09-13,2017-07-14,2975,frozen_train_only,True,purged_validation
GIIHTQGY,2017-09-13,2017-07-14,2975,frozen_train_only,True,purged_validation
0LTBCZHI,2017-09-13,2017-07-14,2975,frozen_train_only,True,purged_validation
8U0BUWUQ,2017-09-13,2017-07-14,2975,frozen_train_only,True,purged_validation
ROD5WJDM,2017-09-13,2017-07-14,2975,frozen_train_only,True,purged_validation
86GSJWQW,2017-09-13,2017-07-14,2975,frozen_train_only,True,purged_validation
B7BT5DB8,2017-09-13,2017-07-14,2975,frozen_train_only,True,purged_validation
NJTWATVH,2017-09-13,2017-07-14,2975,frozen_train_only,True,purged_validation
ZLIQCT7V,2017-09-13,2017-07-14,2975,frozen_train_only,True,purged_validation
0U0GUDIX,2017-09-14,2017-07-14,2975,frozen_train_only,True,purged_validation
MN4ZHCUZ,2017-09-14,2017-07-14,2975,frozen_train_only,True,purged_validation
06H63NKF,2017-09-14,2017-07-14,2975,frozen_train_only,True,purged_validation
GBRQN296,2017-09-14,2017-07-14,2975,frozen_train_only,True,purged_validation
RBHXB5V5,2017-09-14,2017-07-14,2975,frozen_train_only,True,purged_validation
59O0CDJE,2017-09-14,2017-07-14,2975,frozen_train_only,True,purged_validation
RU9Y6GR1,2017-09-14,2017-07-14,2975,frozen_train_only,True,purged_validation
GIZAD3ZN,2017-09-14,2017-07-14,2975,frozen_train_only,True,purged_validation
6CXJOT2A,2017-09-14,2017-07-14,2975,frozen_train_only,True,validation
Y9NTV3K5,2017-09-14,2017-07-14,2975,frozen_train_only,True,purged_validation
GPVQIS5U,2017-09-14,2017-07-14,2975,frozen_train_only,True,purged_validation
LI9RCAQ6,2017-09-14,2017-07-14,2975,frozen_train_only,True,purged_validation
DT8SWPLT,2017-09-14,2017-07-14,2975,frozen_train_only,True,purged_validation
URRBXP0V,2017-09-14,2017-07-14,2975,frozen_train_only,True,purged_validation
CNAQ6R7T,2017-09-14,2017-07-14,2975,frozen_train_only,True,purged_validation
FBYWCLLS,2017-09-14,2017-07-14,2975,frozen_train_only,True,purged_validation
ZJAIST7C,2017-09-14,2017-07-14,2975,frozen_train_only,True,purged_validation
8EQRW9H5,2017-09-14,2017-07-14,2975,frozen_train_only,True,purged_validation
F0KWRLK1,2017-09-14,2017-07-14,2975,frozen_train_only,True,purged_validation
HHP6R0IX,2017-09-14,2017-07-14,2975,frozen_train_only,True,purged_validation
XMRZQ8PR,2017-09-14,2017-07-14,2975,frozen_train_only,True,purged_validation
77JIGDNZ,2017-09-15,2017-07-14,2975,frozen_train_only,True,purged_validation
DK6L8Y0Y,2017-09-15,2017-07-14,2975,frozen_train_only,True,purged_validation
KA6SVT1C,2017-09-15,2017-07-14,2975,frozen_train_only,True,purged_validation
8ARRIREI,2017-09-15,2017-07-14,2975,frozen_train_only,True,purged_validation
W3LRLMKP,2017-09-15,2017-07-14,2975,frozen_train_only,True,purged_validation
HQKUH8XA,2017-09-15,2017-07-14,2975,frozen_train_only,True,purged_validation
6R6T68GL,2017-09-15,2017-07-14,2975,frozen_train_only,True,purged_validation
PGT70Q4T,2017-09-15,2017-07-14,2975,frozen_train_only,True,purged_validation
EMORZ8R8,2017-09-15,2017-07-14,2975,frozen_train_only,True,purged_validation
V6RULHFZ,2017-09-15,2017-07-14,2975,frozen_train_only,True,purged_validation
GRYWAPXY,2017-09-15,2017-07-14,2975,frozen_train_only,True,purged_validation
ZIEI8JM3,2017-09-16,2017-07-14,2975,frozen_train_only,True,purged_validation
QDYFLOZW,2017-09-16,2017-07-14,2975,frozen_train_only,True,purged_validation
55YURJ2E,2017-09-16,2017-07-14,2975,frozen_train_only,True,purged_validation
1PORK6E3,2017-09-16,2017-07-14,2975,frozen_train_only,True,purged_validation
ENDKZ399,2017-09-16,2017-07-14,2975,frozen_train_only,True,purged_validation
VSNI41WQ,2017-09-16,2017-07-14,2975,frozen_train_only,True,purged_validation
87KZX1UX,2017-09-16,2017-07-14,2975,frozen_train_only,True,purged_validation
PLRBC69J,2017-09-16,2017-07-14,2975,frozen_train_only,True,purged_validation
RZB6Q4FX,2017-09-16,2017-07-14,2975,frozen_train_only,True,purged_validation
ASK5U1TD,2017-09-16,2017-07-14,2975,frozen_train_only,True,purged_validation
T49Q4GWU,2017-09-16,2017-07-14,2975,frozen_train_only,True,purged_validation
JJ17IHID,2017-09-16,2017-07-14,2975,frozen_train_only,True,purged_validation
311WKUHC,2017-09-16,2017-07-14,2975,frozen_train_only,True,purged_validation
JG1CD65M,2017-09-16,2017-07-14,2975,frozen_train_only,True,purged_validation
YIK15TLW,2017-09-16,2017-07-14,2975,frozen_train_only,True,purged_validation
RYJPSM6D,2017-09-16,2017-07-14,2975,frozen_train_only,True,purged_validation
ZQK0JTVN,2017-09-16,2017-07-14,2975,frozen_train_only,True,purged_validation
FB7OTAMV,2017-09-16,2017-07-14,2975,frozen_train_only,True,purged_validation
JZD1QDWA,2017-09-16,2017-07-14,2975,frozen_train_only,True,purged_validation
LOSUVU4T,2017-09-16,2017-07-14,2975,frozen_train_only,True,purged_validation
85LVQ6PB,2017-09-16,2017-07-14,2975,frozen_train_only,True,purged_validation
02ILGBRB,2017-09-16,2017-07-14,2975,frozen_train_only,True,purged_validation
ZFIT4XWO,2017-09-16,2017-07-14,2975,frozen_train_only,True,purged_validation
XH69FGJJ,2017-09-16,2017-07-14,2975,frozen_train_only,True,purged_validation
JU2PPGP6,2017-09-16,2017-07-14,2975,frozen_train_only,True,purged_validation
S8Y9AAWC,2017-09-16,2017-07-14,2975,frozen_train_only,True,purged_validation
I2DLJ6C3,2017-09-16,2017-07-14,2975,frozen_train_only,True,purged_validation
VEZ8OX88,2017-09-16,2017-07-14,2975,frozen_train_only,True,purged_validation
M3QL68T6,2017-09-16,2017-07-14,2975,frozen_train_only,True,purged_validation
Q3K6K5V9,2017-09-16,2017-07-14,2975,frozen_train_only,True,purged_validation
PEGFPDVU,2017-09-16,2017-07-14,2975,frozen_train_only,True,purged_validation
NFT2Z7MM,2017-09-16,2017-07-14,2975,frozen_train_only,True,purged_validation
YC2GBK89,2017-09-16,2017-07-14,2975,frozen_train_only,True,purged_validation
U008ILBM,2017-09-16,2017-07-14,2975,frozen_train_only,True,purged_validation
VA0I9SDD,2017-09-16,2017-07-14,2975,frozen_train_only,True,purged_validation
41HHBQRT,2017-09-17,2017-07-14,2975,frozen_train_only,True,purged_validation
T6BHNN1O,2017-09-17,2017-07-14,2975,frozen_train_only,True,purged_validation
S8DOH11H,2017-09-17,2017-07-14,2975,frozen_train_only,True,purged_validation
F8F6MA24,2017-09-17,2017-07-14,2975,frozen_train_only,True,purged_validation
ZXXWIGFR,2017-09-17,2017-07-14,2975,frozen_train_only,True,purged_validation
L7CFCOR6,2017-09-17,2017-07-14,2975,frozen_train_only,True,purged_validation
AAUTJ747,2017-09-17,2017-07-14,2975,frozen_train_only,True,purged_validation
X7VUR49L,2017-09-17,2017-07-14,2975,frozen_train_only,True,purged_validation
U7L0IZLB,2017-09-17,2017-07-14,2975,frozen_train_only,True,purged_validation
THNEGVH2,2017-09-17,2017-07-14,2975,frozen_train_only,True,purged_validation
D1ANNMSO,2017-09-17,2017-07-14,2975,frozen_train_only,True,purged_validation
LMVQ6B9P,2017-09-17,2017-07-14,2975,frozen_train_only,True,purged_validation
OQBVGILR,2017-09-17,2017-07-14,2975,frozen_train_only,True,purged_validation
7IZQJIPA,2017-09-17,2017-07-14,2975,frozen_train_only,True,purged_validation
7AH7F190,2017-09-17,2017-07-14,2975,frozen_train_only,True,purged_validation
ME0LMBYL,2017-09-17,2017-07-14,2975,frozen_train_only,True,purged_validation
KODTODAA,2017-09-17,2017-07-14,2975,frozen_train_only,True,purged_validation
RENW2N0H,2017-09-17,2017-07-14,2975,frozen_train_only,True,purged_validation
9F407X6U,2017-09-17,2017-07-14,2975,frozen_train_only,True,purged_validation
S0MZHYQC,2017-09-17,2017-07-14,2975,frozen_train_only,True,purged_validation
HP9TUR60,2017-09-18,2017-07-14,2975,frozen_train_only,True,test
P4PKECH7,2017-09-18,2017-07-14,2975,frozen_train_only,True,test
USL5PZ4O,2017-09-18,2017-07-14,2975,frozen_train_only,True,test
3DM5SSI5,2017-09-18,2017-07-14,2975,frozen_train_only,True,test
D40ALWGC,2017-09-18,2017-07-14,2975,frozen_train_only,True,test
524QUXI2,2017-09-18,2017-07-14,2975,frozen_train_only,True,test
8W35TVOQ,2017-09-18,2017-07-14,2975,frozen_train_only,True,test
3D6LLPA1,2017-09-18,2017-07-14,2975,frozen_train_only,True,test
58QZ1YGK,2017-09-18,2017-07-14,2975,frozen_train_only,True,test
OU42AWAE,2017-09-18,2017-07-14,2975,frozen_train_only,True,test
OJOJPNL6,2017-09-18,2017-07-14,2975,frozen_train_only,True,test
MENKE9IV,2017-09-18,2017-07-14,2975,frozen_train_only,True,test
PXSDIDXO,2017-09-18,2017-07-14,2975,frozen_train_only,True,test
5PIJNVMB,2017-09-18,2017-07-14,2975,frozen_train_only,True,test
ZLFKHXXI,2017-09-18,2017-07-14,2975,frozen_train_only,True,test
WIDRX5N6,2017-09-18,2017-07-14,2975,frozen_train_only,True,test
HJLKGIH4,2017-09-18,2017-07-14,2975,frozen_train_only,True,test
DF6A63B7,2017-09-18,2017-07-14,2975,frozen_train_only,True,test
T2EM55FZ,2017-09-18,2017-07-14,2975,frozen_train_only,True,test
KDQL1O1A,2017-09-18,2017-07-14,2975,frozen_train_only,True,test
75HKH8PS,2017-09-19,2017-07-14,2975,frozen_train_only,True,test
NK2CHYT1,2017-09-19,2017-07-14,2975,frozen_train_only,True,test
0WGAPLOI,2017-09-19,2017-07-14,2975,frozen_train_only,True,test
GXPA5D3A,2017-09-19,2017-07-14,2975,frozen_train_only,True,test
8598PVIX,2017-09-19,2017-07-14,2975,frozen_train_only,True,test
VKM2BCMV,2017-09-19,2017-07-14,2975,frozen_train_only,True,test
9N7LHW38,2017-09-19,2017-07-14,2975,frozen_train_only,True,test
BKMYW792,2017-09-19,2017-07-14,2975,frozen_train_only,True,test
3IBBBGM4,2017-09-19,2017-07-14,2975,frozen_train_only,True,test
T32P6LSX,2017-09-19,2017-07-14,2975,frozen_train_only,True,test
B944EMXZ,2017-09-19,2017-07-14,2975,frozen_train_only,True,test
DOY7VMYB,2017-09-19,2017-07-14,2975,frozen_train_only,True,test
QXWLE549,2017-09-19,2017-07-14,2975,frozen_train_only,True,test
R0R0V2O5,2017-09-19,2017-07-14,2975,frozen_train_only,True,test
D3O1PCMO,2017-09-19,2017-07-14,2975,frozen_train_only,True,test
G53492IF,2017-09-19,2017-07-14,2975,frozen_train_only,True,test
KUH39HQ7,2017-09-19,2017-07-14,2975,frozen_train_only,True,test
RW6QS352,2017-09-19,2017-07-14,2975,frozen_train_only,True,test
1374WYJG,2017-09-19,2017-07-14,2975,frozen_train_only,True,test
1T8R8X79,2017-09-19,2017-07-14,2975,frozen_train_only,True,test
0ZXS3AIR,2017-09-20,2017-07-14,2975,frozen_train_only,True,test
SBTVPORC,2017-09-20,2017-07-14,2975,frozen_train_only,True,test
XZKZYO55,2017-09-20,2017-07-14,2975,frozen_train_only,True,test
AMCOSQZC,2017-09-20,2017-07-14,2975,frozen_train_only,True,test
6C2CJX31,2017-09-20,2017-07-14,2975,frozen_train_only,True,test
VQQR3OUI,2017-09-20,2017-07-14,2975,frozen_train_only,True,test
UWYFOEMO,2017-09-20,2017-07-14,2975,frozen_train_only,True,test
ZXNHUYCM,2017-09-20,2017-07-14,2975,frozen_train_only,True,test
KHG4UMKP,2017-09-20,2017-07-14,2975,frozen_train_only,True,test
5R7N3RKQ,2017-09-20,2017-07-14,2975,frozen_train_only,True,test
TEM0I59X,2017-09-20,2017-07-14,2975,frozen_train_only,True,test
1WPZ1MCO,2017-09-20,2017-07-14,2975,frozen_train_only,True,test
1AQKM7VU,2017-09-20,2017-07-14,2975,frozen_train_only,True,test
VTVYSUZG,2017-09-20,2017-07-14,2975,frozen_train_only,True,test
6ZSAKAHX,2017-09-20,2017-07-14,2975,frozen_train_only,True,test
7TIWLFZD,2017-09-20,2017-07-14,2975,frozen_train_only,True,test
HXRF96S3,2017-09-20,2017-07-14,2975,frozen_train_only,True,test
WTEAOER0,2017-09-20,2017-07-14,2975,frozen_train_only,True,test
T8LSQO2S,2017-09-20,2017-07-14,2975,frozen_train_only,True,test
ABMOVF1A,2017-09-21,2017-07-14,2975,frozen_train_only,True,test
Q2GK9IT2,2017-09-21,2017-07-14,2975,frozen_train_only,True,test
J0WKJLR6,2017-09-21,2017-07-14,2975,frozen_train_only,True,test
B1D3HP8V,2017-09-21,2017-07-14,2975,frozen_train_only,True,test
QHP95ULI,2017-09-21,2017-07-14,2975,frozen_train_only,True,test
OAMR9KPA,2017-09-21,2017-07-14,2975,frozen_train_only,True,test
0GRGY09E,2017-09-21,2017-07-14,2975,frozen_train_only,True,test
MP9PICCD,2017-09-21,2017-07-14,2975,frozen_train_only,True,test
F34QYKQJ,2017-09-21,2017-07-14,2975,frozen_train_only,True,test
DHJ8KOUV,2017-09-21,2017-07-14,2975,frozen_train_only,True,test
JYNYK957,2017-09-21,2017-07-14,2975,frozen_train_only,True,test
NOLWR5EX,2017-09-21,2017-07-14,2975,frozen_train_only,True,test
BUHR2X8U,2017-09-21,2017-07-14,2975,frozen_train_only,True,test
4OPFJFRO,2017-09-21,2017-07-14,2975,frozen_train_only,True,test
MLV2QDU6,2017-09-21,2017-07-14,2975,frozen_train_only,True,test
V7T9ZP6C,2017-09-21,2017-07-14,2975,frozen_train_only,True,test
WYS1XI44,2017-09-21,2017-07-14,2975,frozen_train_only,True,test
C3HN12Z8,2017-09-21,2017-07-14,2975,frozen_train_only,True,test
YCQXHVMZ,2017-09-21,2017-07-14,2975,frozen_train_only,True,test
4PLSG7A3,2017-09-21,2017-07-14,2975,frozen_train_only,True,test
ZD772DU8,2017-09-21,2017-07-14,2975,frozen_train_only,True,test
2KVQ5Z4M,2017-09-21,2017-07-14,2975,frozen_train_only,True,test
U6LLSWEN,2017-09-22,2017-07-14,2975,frozen_train_only,True,test
RVQTWBKE,2017-09-22,2017-07-14,2975,frozen_train_only,True,test
BWPBMVQH,2017-09-22,2017-07-14,2975,frozen_train_only,True,test
YPSXMDRH,2017-09-22,2017-07-14,2975,frozen_train_only,True,test
Q46QSEGT,2017-09-22,2017-07-14,2975,frozen_train_only,True,test
DT0ZJ9Z2,2017-09-22,2017-07-14,2975,frozen_train_only,True,test
55ZNV61S,2017-09-22,2017-07-14,2975,frozen_train_only,True,test
6PQS93V2,2017-09-22,2017-07-14,2975,frozen_train_only,True,test
V929BUUS,2017-09-22,2017-07-14,2975,frozen_train_only,True,test
LDYYOH6W,2017-09-22,2017-07-14,2975,frozen_train_only,True,test
4MFY8UXP,2017-09-22,2017-07-14,2975,frozen_train_only,True,test
EBJMZ5VE,2017-09-22,2017-07-14,2975,frozen_train_only,True,test
CMXOTVL7,2017-09-22,2017-07-14,2975,frozen_train_only,True,test
9XF2B7RS,2017-09-22,2017-07-14,2975,frozen_train_only,True,test
WHV85GOQ,2017-09-22,2017-07-14,2975,frozen_train_only,True,test
MXJAH0R5,2017-09-22,2017-07-14,2975,frozen_train_only,True,test
OXW7DBDT,2017-09-22,2017-07-14,2975,frozen_train_only,True,test
W5EGDYPK,2017-09-22,2017-07-14,2975,frozen_train_only,True,test
C13104YM,2017-09-22,2017-07-14,2975,frozen_train_only,True,test
1GA3AFTX,2017-09-22,2017-07-14,2975,frozen_train_only,True,test
389D515R,2017-09-22,2017-07-14,2975,frozen_train_only,True,test
2751GWVC,2017-09-22,2017-07-14,2975,frozen_train_only,True,test
0UFUDIYT,2017-09-22,2017-07-14,2975,frozen_train_only,True,test
Y3QBGJLM,2017-09-22,2017-07-14,2975,frozen_train_only,True,test
O7U4I96P,2017-09-22,2017-07-14,2975,frozen_train_only,True,test
Q0R3ZBNT,2017-09-22,2017-07-14,2975,frozen_train_only,True,test
FGUWP1NF,2017-09-23,2017-07-14,2975,frozen_train_only,True,test
DH8R6PK5,2017-09-23,2017-07-14,2975,frozen_train_only,True,test
ZKFWTRRT,2017-09-23,2017-07-14,2975,frozen_train_only,True,test
941SDVVZ,2017-09-23,2017-07-14,2975,frozen_train_only,True,test
ODINSHYF,2017-09-23,2017-07-14,2975,frozen_train_only,True,test
0TICPBMF,2017-09-23,2017-07-14,2975,frozen_train_only,True,test
WANX7LM0,2017-09-23,2017-07-14,2975,frozen_train_only,True,test
9F2MDA5R,2017-09-23,2017-07-14,2975,frozen_train_only,True,test
JUKJ3RAB,2017-09-23,2017-07-14,2975,frozen_train_only,True,test
YD3D41E0,2017-09-23,2017-07-14,2975,frozen_train_only,True,test
RX8711KI,2017-09-23,2017-07-14,2975,frozen_train_only,True,test
F3BJAMUL,2017-09-23,2017-07-14,2975,frozen_train_only,True,test
HZS2YVRN,2017-09-23,2017-07-14,2975,frozen_train_only,True,test
W3B077GY,2017-09-23,2017-07-14,2975,frozen_train_only,True,test
MGR0TSPK,2017-09-23,2017-07-14,2975,frozen_train_only,True,test
TEF07JM6,2017-09-23,2017-07-14,2975,frozen_train_only,True,test
N8SVXI48,2017-09-23,2017-07-14,2975,frozen_train_only,True,test
VG1WQW88,2017-09-23,2017-07-14,2975,frozen_train_only,True,test
MEKVHSCB,2017-09-23,2017-07-14,2975,frozen_train_only,True,test
PBJ62FC3,2017-09-23,2017-07-14,2975,frozen_train_only,True,test
O04P1WN6,2017-09-23,2017-07-14,2975,frozen_train_only,True,test
600FP406,2017-09-23,2017-07-14,2975,frozen_train_only,True,test
2EFTTOAV,2017-09-23,2017-07-14,2975,frozen_train_only,True,test
DDXFIBEY,2017-09-24,2017-07-14,2975,frozen_train_only,True,test
5BRWXIU3,2017-09-24,2017-07-14,2975,frozen_train_only,True,test
WN9ZY701,2017-09-24,2017-07-14,2975,frozen_train_only,True,test
DA8D04ED,2017-09-24,2017-07-14,2975,frozen_train_only,True,test
WLQC2XK4,2017-09-24,2017-07-14,2975,frozen_train_only,True,test
A4CVM3PM,2017-09-24,2017-07-14,2975,frozen_train_only,True,test
CNLE5EJ2,2017-09-24,2017-07-14,2975,frozen_train_only,True,test
D3HUUVPL,2017-09-24,2017-07-14,2975,frozen_train_only,True,test
2UNDAQZ2,2017-09-24,2017-07-14,2975,frozen_train_only,True,test
R2E45IQ8,2017-09-24,2017-07-14,2975,frozen_train_only,True,test
UX0H8B3W,2017-09-24,2017-07-14,2975,frozen_train_only,True,test
VM0A3057,2017-09-24,2017-07-14,2975,frozen_train_only,True,test
DX9CCI9C,2017-09-24,2017-07-14,2975,frozen_train_only,True,test
8SE1W979,2017-09-24,2017-07-14,2975,frozen_train_only,True,test
L6AOARQ9,2017-09-24,2017-07-14,2975,frozen_train_only,True,test
I83GQQHA,2017-09-24,2017-07-14,2975,frozen_train_only,True,test
10984DDU,2017-09-24,2017-07-14,2975,frozen_train_only,True,test
JQVW0KJV,2017-09-24,2017-07-14,2975,frozen_train_only,True,test
UWZHNMR4,2017-09-24,2017-07-14,2975,frozen_train_only,True,test
TRET6F45,2017-09-24,2017-07-14,2975,frozen_train_only,True,test
8DDC9RLE,2017-09-24,2017-07-14,2975,frozen_train_only,True,test
TFGYLK6C,2017-09-25,2017-07-14,2975,frozen_train_only,True,test
4YXXI2OI,2017-09-25,2017-07-14,2975,frozen_train_only,True,test
3C7A75LH,2017-09-25,2017-07-14,2975,frozen_train_only,True,test
02LUGFJS,2017-09-25,2017-07-14,2975,frozen_train_only,True,test
KPF0GREK,2017-09-25,2017-07-14,2975,frozen_train_only,True,test
HEG2JK9Y,2017-09-25,2017-07-14,2975,frozen_train_only,True,test
1ZCAL93A,2017-09-25,2017-07-14,2975,frozen_train_only,True,test
5NW6HK74,2017-09-25,2017-07-14,2975,frozen_train_only,True,test
7WFASDCZ,2017-09-25,2017-07-14,2975,frozen_train_only,True,test
7XNX75LI,2017-09-25,2017-07-14,2975,frozen_train_only,True,test
RAUWH0GP,2017-09-25,2017-07-14,2975,frozen_train_only,True,test
I86I0TJG,2017-09-25,2017-07-14,2975,frozen_train_only,True,test
TFW3KAYZ,2017-09-25,2017-07-14,2975,frozen_train_only,True,test
9NH8ACMQ,2017-09-25,2017-07-14,2975,frozen_train_only,True,test
86KARIC1,2017-09-25,2017-07-14,2975,frozen_train_only,True,test
N2SLAOZR,2017-09-25,2017-07-14,2975,frozen_train_only,True,test
02TUKBP3,2017-09-25,2017-07-14,2975,frozen_train_only,True,test
KU0YOR3J,2017-09-25,2017-07-14,2975,frozen_train_only,True,test
BRGJCWO1,2017-09-25,2017-07-14,2975,frozen_train_only,True,test
IEIZU3TY,2017-09-25,2017-07-14,2975,frozen_train_only,True,test
35KZ6QTP,2017-09-25,2017-07-14,2975,frozen_train_only,True,test
V5ZP09PO,2017-09-25,2017-07-14,2975,frozen_train_only,True,test
VKB9RFJT,2017-09-25,2017-07-14,2975,frozen_train_only,True,test
Y9HHGGOQ,2017-09-25,2017-07-14,2975,frozen_train_only,True,test
H3AEZ2BZ,2017-09-25,2017-07-14,2975,frozen_train_only,True,test
LUXAXNBV,2017-09-25,2017-07-14,2975,frozen_train_only,True,test
0XBMBVFP,2017-09-25,2017-07-14,2975,frozen_train_only,True,test
8KIMVD15,2017-09-26,2017-07-14,2975,frozen_train_only,True,test
Q06QD8ZW,2017-09-26,2017-07-14,2975,frozen_train_only,True,test
0SD3OBQI,2017-09-26,2017-07-14,2975,frozen_train_only,True,test
YKZFQT7K,2017-09-26,2017-07-14,2975,frozen_train_only,True,test
I25J5M7W,2017-09-26,2017-07-14,2975,frozen_train_only,True,test
B2Z4BB5U,2017-09-26,2017-07-14,2975,frozen_train_only,True,test
87ZXBDQS,2017-09-26,2017-07-14,2975,frozen_train_only,True,test
3LYVAV6P,2017-09-26,2017-07-14,2975,frozen_train_only,True,test
7I2O2ZCR,2017-09-26,2017-07-14,2975,frozen_train_only,True,test
SUX7JFN7,2017-09-26,2017-07-14,2975,frozen_train_only,True,test
5DL7R4C3,2017-09-26,2017-07-14,2975,frozen_train_only,True,test
61ON3Y6O,2017-09-26,2017-07-14,2975,frozen_train_only,True,test
HOEKIDDI,2017-09-26,2017-07-14,2975,frozen_train_only,True,test
10YLM9VF,2017-09-26,2017-07-14,2975,frozen_train_only,True,test
LN0DF2XI,2017-09-26,2017-07-14,2975,frozen_train_only,True,test
ZNE0DAIF,2017-09-26,2017-07-14,2975,frozen_train_only,True,test
DTCHPCBB,2017-09-26,2017-07-14,2975,frozen_train_only,True,test
YID2GAED,2017-09-26,2017-07-14,2975,frozen_train_only,True,test
QFKL9UK2,2017-09-26,2017-07-14,2975,frozen_train_only,True,test
MC3OSDV0,2017-09-26,2017-07-14,2975,frozen_train_only,True,test
C7DOYN5Y,2017-09-26,2017-07-14,2975,frozen_train_only,True,test
K79T6VNV,2017-09-26,2017-07-14,2975,frozen_train_only,True,test
DX8R6PA4,2017-09-26,2017-07-14,2975,frozen_train_only,True,test
FZDD9758,2017-09-26,2017-07-14,2975,frozen_train_only,True,test
0SIFT5DE,2017-09-26,2017-07-14,2975,frozen_train_only,True,test
MZSCFJZS,2017-09-26,2017-07-14,2975,frozen_train_only,True,test
D6X5T9D4,2017-09-26,2017-07-14,2975,frozen_train_only,True,test
69Z30MBF,2017-09-26,2017-07-14,2975,frozen_train_only,True,test
SH0BSL0Z,2017-09-26,2017-07-14,2975,frozen_train_only,True,test
Q5E0NILP,2017-09-26,2017-07-14,2975,frozen_train_only,True,test
RFTDQJ0U,2017-09-26,2017-07-14,2975,frozen_train_only,True,test
76NU9866,2017-09-26,2017-07-14,2975,frozen_train_only,True,test
13O8NTOT,2017-09-26,2017-07-14,2975,frozen_train_only,True,test
AS3IYIRO,2017-09-27,2017-07-14,2975,frozen_train_only,True,test
L1WPBDZG,2017-09-27,2017-07-14,2975,frozen_train_only,True,test
QK98E62R,2017-09-27,2017-07-14,2975,frozen_train_only,True,test
F9THW1PW,2017-09-27,2017-07-14,2975,frozen_train_only,True,test
LQJISQSD,2017-09-27,2017-07-14,2975,frozen_train_only,True,test
84SZ58S9,2017-09-27,2017-07-14,2975,frozen_train_only,True,test
Q5I9JWH7,2017-09-27,2017-07-14,2975,frozen_train_only,True,test
6BSKCQCX,2017-09-27,2017-07-14,2975,frozen_train_only,True,test
UKQD4DPD,2017-09-27,2017-07-14,2975,frozen_train_only,True,test
SI874ZK5,2017-09-27,2017-07-14,2975,frozen_train_only,True,test
6XP6FVMN,2017-09-27,2017-07-14,2975,frozen_train_only,True,test
NDMEB0VG,2017-09-27,2017-07-14,2975,frozen_train_only,True,test
IGFQGZDK,2017-09-27,2017-07-14,2975,frozen_train_only,True,test
Y2DLFFN6,2017-09-27,2017-07-14,2975,frozen_train_only,True,test
I6UCM2J9,2017-09-27,2017-07-14,2975,frozen_train_only,True,test
PT0I4XSM,2017-09-27,2017-07-14,2975,frozen_train_only,True,test
X718EF6Y,2017-09-27,2017-07-14,2975,frozen_train_only,True,test
VUAFV8SS,2017-09-27,2017-07-14,2975,frozen_train_only,True,test
SXPV3WCV,2017-09-27,2017-07-14,2975,frozen_train_only,True,test
9PH1EWCH,2017-09-27,2017-07-14,2975,frozen_train_only,True,test
THPCTGNI,2017-09-27,2017-07-14,2975,frozen_train_only,True,test
XR4PPDOB,2017-09-27,2017-07-14,2975,frozen_train_only,True,test
EK06CNRW,2017-09-27,2017-07-14,2975,frozen_train_only,True,test
Q25T8PKX,2017-09-27,2017-07-14,2975,frozen_train_only,True,test
V86S5LWV,2017-09-27,2017-07-14,2975,frozen_train_only,True,test
K8Y7CK9T,2017-09-27,2017-07-14,2975,frozen_train_only,True,test
ADS3CQ4B,2017-09-27,2017-07-14,2975,frozen_train_only,True,test
9UBU6UW4,2017-09-27,2017-07-14,2975,frozen_train_only,True,test
ZP9HW0LH,2017-09-27,2017-07-14,2975,frozen_train_only,True,test
WV41OJHX,2017-09-27,2017-07-14,2975,frozen_train_only,True,test
FTUJY4FP,2017-09-28,2017-07-14,2975,frozen_train_only,True,test
ORBIW519,2017-09-28,2017-07-14,2975,frozen_train_only,True,test
369V78M2,2017-09-28,2017-07-14,2975,frozen_train_only,True,test
792JYPG1,2017-09-28,2017-07-14,2975,frozen_train_only,True,test
Y6Q7Z0SO,2017-09-28,2017-07-14,2975,frozen_train_only,True,test
9IM813OI,2017-09-28,2017-07-14,2975,frozen_train_only,True,test
GXY3QZ2V,2017-09-28,2017-07-14,2975,frozen_train_only,True,test
IVX52FRZ,2017-09-28,2017-07-14,2975,frozen_train_only,True,test
2CN1G52G,2017-09-28,2017-07-14,2975,frozen_train_only,True,test
OR0PEAIV,2017-09-28,2017-07-14,2975,frozen_train_only,True,test
EGOU8GB1,2017-09-28,2017-07-14,2975,frozen_train_only,True,test
IIKN6Q8E,2017-09-28,2017-07-14,2975,frozen_train_only,True,test
VTX8GPN8,2017-09-28,2017-07-14,2975,frozen_train_only,True,test
DVGY4X7E,2017-09-28,2017-07-14,2975,frozen_train_only,True,test
W9LAIASV,2017-09-28,2017-07-14,2975,frozen_train_only,True,test
1JFYPP8R,2017-09-28,2017-07-14,2975,frozen_train_only,True,test
A62JDGQK,2017-09-29,2017-07-14,2975,frozen_train_only,True,test
K25Z2KKH,2017-09-29,2017-07-14,2975,frozen_train_only,True,test
U3F5X6BB,2017-09-29,2017-07-14,2975,frozen_train_only,True,test
VJD27D8U,2017-09-29,2017-07-14,2975,frozen_train_only,True,test
9TMPRT6R,2017-09-29,2017-07-14,2975,frozen_train_only,True,test
CE81S7UN,2017-09-29,2017-07-14,2975,frozen_train_only,True,test
LEPH90QI,2017-09-29,2017-07-14,2975,frozen_train_only,True,test
X1QNN2DG,2017-09-29,2017-07-14,2975,frozen_train_only,True,test
J8G6HTCM,2017-09-29,2017-07-14,2975,frozen_train_only,True,test
94P229FH,2017-09-29,2017-07-14,2975,frozen_train_only,True,test
Q6F9JWTY,2017-09-29,2017-07-14,2975,frozen_train_only,True,test
75JW1GRR,2017-09-29,2017-07-14,2975,frozen_train_only,True,test
P7X2J5DO,2017-09-29,2017-07-14,2975,frozen_train_only,True,test
LKBDKJLM,2017-09-29,2017-07-14,2975,frozen_train_only,True,test
9OT0018Y,2017-09-29,2017-07-14,2975,frozen_train_only,True,test
I6RH33SU,2017-09-29,2017-07-14,2975,frozen_train_only,True,test
STCU1IXE,2017-09-29,2017-07-14,2975,frozen_train_only,True,test
E3CR358L,2017-09-29,2017-07-14,2975,frozen_train_only,True,test
BTOD096J,2017-09-29,2017-07-14,2975,frozen_train_only,True,test
1B2WYHTY,2017-09-29,2017-07-14,2975,frozen_train_only,True,test
LB5622YN,2017-09-29,2017-07-14,2975,frozen_train_only,True,test
HIX9V4W1,2017-09-29,2017-07-14,2975,frozen_train_only,True,test
XQ6FMG3L,2017-09-29,2017-07-14,2975,frozen_train_only,True,test
W40IER4O,2017-09-29,2017-07-14,2975,frozen_train_only,True,test
88PIK8A6,2017-09-29,2017-07-14,2975,frozen_train_only,True,test
6K31TYOR,2017-09-29,2017-07-14,2975,frozen_train_only,True,test
H29XGJ5H,2017-09-30,2017-07-14,2975,frozen_train_only,True,test
FSBZ3KOY,2017-09-30,2017-07-14,2975,frozen_train_only,True,test
T4SSD24J,2017-09-30,2017-07-14,2975,frozen_train_only,True,test
ZDB6D35R,2017-09-30,2017-07-14,2975,frozen_train_only,True,test
8RVTZBQO,2017-09-30,2017-07-14,2975,frozen_train_only,True,test
CMM4A6NJ,2017-09-30,2017-07-14,2975,frozen_train_only,True,test
7PMUB7T4,2017-09-30,2017-07-14,2975,frozen_train_only,True,test
KTHAX2XV,2017-09-30,2017-07-14,2975,frozen_train_only,True,test
IHOTG9ZQ,2017-09-30,2017-07-14,2975,frozen_train_only,True,test
O2BF1KAT,2017-09-30,2017-07-14,2975,frozen_train_only,True,test
12HOWQMI,2017-09-30,2017-07-14,2975,frozen_train_only,True,test
CXY4CXX1,2017-09-30,2017-07-14,2975,frozen_train_only,True,test
IIOVCSHC,2017-09-30,2017-07-14,2975,frozen_train_only,True,test
3E09X4S2,2017-09-30,2017-07-14,2975,frozen_train_only,True,test
6BATTRKM,2017-09-30,2017-07-14,2975,frozen_train_only,True,test
GCWTH2MD,2017-09-30,2017-07-14,2975,frozen_train_only,True,test
C563WHG1,2017-09-30,2017-07-14,2975,frozen_train_only,True,test
D9WBSJRC,2017-09-30,2017-07-14,2975,frozen_train_only,True,test
X8P0Q1EU,2017-09-30,2017-07-14,2975,frozen_train_only,True,test
PBGB323I,2017-09-30,2017-07-14,2975,frozen_train_only,True,test
V5THS9V8,2017-09-30,2017-07-14,2975,frozen_train_only,True,test
579RHB6S,2017-09-30,2017-07-14,2975,frozen_train_only,True,test
9HWUTUXQ,2017-09-30,2017-07-14,2975,frozen_train_only,True,test
T58F1T8V,2017-09-30,2017-07-14,2975,frozen_train_only,True,test
U3UT9B1U,2017-09-30,2017-07-14,2975,frozen_train_only,True,test
HY7D36UC,2017-09-30,2017-07-14,2975,frozen_train_only,True,test
9YVTJF6C,2017-09-30,2017-07-14,2975,frozen_train_only,True,test
JGZVNKMT,2017-09-30,2017-07-14,2975,frozen_train_only,True,test
5B3BKUMD,2017-10-01,2017-07-14,2975,frozen_train_only,True,test
MGHWZSN2,2017-10-01,2017-07-14,2975,frozen_train_only,True,test
84N2YHUB,2017-10-01,2017-07-14,2975,frozen_train_only,True,test
IFVL4WL5,2017-10-01,2017-07-14,2975,frozen_train_only,True,test
8EPT4HEV,2017-10-01,2017-07-14,2975,frozen_train_only,True,test
HZNNKQ0T,2017-10-01,2017-07-14,2975,frozen_train_only,True,test
Z6ETLZQU,2017-10-01,2017-07-14,2975,frozen_train_only,True,test
7MSQSYWR,2017-10-01,2017-07-14,2975,frozen_train_only,True,test
5VJIXV02,2017-10-01,2017-07-14,2975,frozen_train_only,True,test
G23RCHB6,2017-10-01,2017-07-14,2975,frozen_train_only,True,test
RMFG5C6C,2017-10-01,2017-07-14,2975,frozen_train_only,True,test
U2JOATN3,2017-10-01,2017-07-14,2975,frozen_train_only,True,test
JGZ3F67I,2017-10-01,2017-07-14,2975,frozen_train_only,True,test
FHCSKQ4K,2017-10-01,2017-07-14,2975,frozen_train_only,True,test
TU58PHME,2017-10-01,2017-07-14,2975,frozen_train_only,True,test
9ZVX7NVU,2017-10-01,2017-07-14,2975,frozen_train_only,True,test
I4OJHXIN,2017-10-01,2017-07-14,2975,frozen_train_only,True,test
NE300YJ0,2017-10-01,2017-07-14,2975,frozen_train_only,True,test
TYLSS719,2017-10-01,2017-07-14,2975,frozen_train_only,True,test
M3SQPUB1,2017-10-01,2017-07-14,2975,frozen_train_only,True,test
PEIZDYXE,2017-10-01,2017-07-14,2975,frozen_train_only,True,test
HGG0EZ00,2017-10-01,2017-07-14,2975,frozen_train_only,True,test
XRRMX8K6,2017-10-01,2017-07-14,2975,frozen_train_only,True,test
BJLJV8XE,2017-10-01,2017-07-14,2975,frozen_train_only,True,test
AQH7ORZZ,2017-10-01,2017-07-14,2975,frozen_train_only,True,test
GLG1IOHT,2017-10-01,2017-07-14,2975,frozen_train_only,True,test
89MUGU6K,2017-10-01,2017-07-14,2975,frozen_train_only,True,test
F5OETS8V,2017-10-01,2017-07-14,2975,frozen_train_only,True,test
CU7KT53A,2017-10-01,2017-07-14,2975,frozen_train_only,True,test
0BYU67KG,2017-10-01,2017-07-14,2975,frozen_train_only,True,test
SLXPTSGS,2017-10-01,2017-07-14,2975,frozen_train_only,True,test
FZGGKS2D,2017-10-01,2017-07-14,2975,frozen_train_only,True,test
6HDTZCCM,2017-10-02,2017-07-14,2975,frozen_train_only,True,test
XUEHL04Z,2017-10-02,2017-07-14,2975,frozen_train_only,True,test
CTZ5I5R5,2017-10-02,2017-07-14,2975,frozen_train_only,True,test
988QUSNK,2017-10-02,2017-07-14,2975,frozen_train_only,True,test
2P0VIX4N,2017-10-02,2017-07-14,2975,frozen_train_only,True,test
TAPH7KQO,2017-10-02,2017-07-14,2975,frozen_train_only,True,test
TWGFQS8L,2017-10-02,2017-07-14,2975,frozen_train_only,True,test
MRPSU52W,2017-10-02,2017-07-14,2975,frozen_train_only,True,test
UKXRWZ3P,2017-10-02,2017-07-14,2975,frozen_train_only,True,test
C5XXGXUE,2017-10-02,2017-07-14,2975,frozen_train_only,True,test
2IYQ5ALK,2017-10-02,2017-07-14,2975,frozen_train_only,True,test
K4GL9NDX,2017-10-02,2017-07-14,2975,frozen_train_only,True,test
OFKWBRP7,2017-10-02,2017-07-14,2975,frozen_train_only,True,test
1AGL4X1J,2017-10-02,2017-07-14,2975,frozen_train_only,True,test
TSU40NIZ,2017-10-02,2017-07-14,2975,frozen_train_only,True,test
VSN0PA06,2017-10-02,2017-07-14,2975,frozen_train_only,True,test
FQODPHUL,2017-10-02,2017-07-14,2975,frozen_train_only,True,test
KRUY5G5I,2017-10-02,2017-07-14,2975,frozen_train_only,True,test
SCYV3JPO,2017-10-02,2017-07-14,2975,frozen_train_only,True,test
T91ZAQRH,2017-10-02,2017-07-14,2975,frozen_train_only,True,test
R293SULP,2017-10-02,2017-07-14,2975,frozen_train_only,True,test
UDKH3AM0,2017-10-02,2017-07-14,2975,frozen_train_only,True,test
I4T9W7NQ,2017-10-02,2017-07-14,2975,frozen_train_only,True,test
H4ZSZQ9V,2017-10-02,2017-07-14,2975,frozen_train_only,True,test
2GQAAHG6,2017-10-02,2017-07-14,2975,frozen_train_only,True,test
7OGPA4I3,2017-10-02,2017-07-14,2975,frozen_train_only,True,test
54XJLU62,2017-10-02,2017-07-14,2975,frozen_train_only,True,test
XSSK506P,2017-10-02,2017-07-14,2975,frozen_train_only,True,test
AJKE7ACY,2017-10-02,2017-07-14,2975,frozen_train_only,True,test
JPPLGVUS,2017-10-02,2017-07-14,2975,frozen_train_only,True,test
O7B3XCKF,2017-10-02,2017-07-14,2975,frozen_train_only,True,test
5A7S6Z6P,2017-10-02,2017-07-14,2975,frozen_train_only,True,test
OOB372R5,2017-10-02,2017-07-14,2975,frozen_train_only,True,test
L67B6CU2,2017-10-03,2017-07-14,2975,frozen_train_only,True,test
6V0QV9CU,2017-10-03,2017-07-14,2975,frozen_train_only,True,test
0MXZ36G7,2017-10-03,2017-07-14,2975,frozen_train_only,True,test
LMCHDMJX,2017-10-03,2017-07-14,2975,frozen_train_only,True,test
4HBU57OV,2017-10-03,2017-07-14,2975,frozen_train_only,True,test
AOIM2Y7M,2017-10-03,2017-07-14,2975,frozen_train_only,True,test
5KC100IN,2017-10-03,2017-07-14,2975,frozen_train_only,True,test
OOFWSKFF,2017-10-03,2017-07-14,2975,frozen_train_only,True,test
LV7HHGM4,2017-10-03,2017-07-14,2975,frozen_train_only,True,test
HBZEI375,2017-10-03,2017-07-14,2975,frozen_train_only,True,test
GRQZZNQB,2017-10-03,2017-07-14,2975,frozen_train_only,True,test
1D8XLZQ8,2017-10-03,2017-07-14,2975,frozen_train_only,True,test
CAX04DY1,2017-10-03,2017-07-14,2975,frozen_train_only,True,test
ZVEH26GP,2017-10-03,2017-07-14,2975,frozen_train_only,True,test
G7QR0SCP,2017-10-03,2017-07-14,2975,frozen_train_only,True,test
DUOS7AO8,2017-10-03,2017-07-14,2975,frozen_train_only,True,test
CCCQGBSY,2017-10-03,2017-07-14,2975,frozen_train_only,True,test
C5Z2806X,2017-10-03,2017-07-14,2975,frozen_train_only,True,test
2CY7OS6A,2017-10-03,2017-07-14,2975,frozen_train_only,True,test
FZKX09GE,2017-10-03,2017-07-14,2975,frozen_train_only,True,test
R2PBFVU7,2017-10-03,2017-07-14,2975,frozen_train_only,True,test
D4SJ5G2G,2017-10-03,2017-07-14,2975,frozen_train_only,True,test
N2ESTUQT,2017-10-03,2017-07-14,2975,frozen_train_only,True,test
3QSM7X3W,2017-10-03,2017-07-14,2975,frozen_train_only,True,test
UG4BHJRQ,2017-10-03,2017-07-14,2975,frozen_train_only,True,test
NMF60XWK,2017-10-04,2017-07-14,2975,frozen_train_only,True,test
L6WEVHEN,2017-10-04,2017-07-14,2975,frozen_train_only,True,test
EYWXCFXJ,2017-10-04,2017-07-14,2975,frozen_train_only,True,test
QC9B7V93,2017-10-04,2017-07-14,2975,frozen_train_only,True,test
CPVW06O2,2017-10-04,2017-07-14,2975,frozen_train_only,True,test
2KNVLXA4,2017-10-04,2017-07-14,2975,frozen_train_only,True,test
YI8JSLKX,2017-10-04,2017-07-14,2975,frozen_train_only,True,test
E4O6XJ9E,2017-10-04,2017-07-14,2975,frozen_train_only,True,test
L7TT9ZL4,2017-10-04,2017-07-14,2975,frozen_train_only,True,test
JD6WHH6G,2017-10-04,2017-07-14,2975,frozen_train_only,True,test
93OFIHMF,2017-10-04,2017-07-14,2975,frozen_train_only,True,test
9E7VMZ1J,2017-10-04,2017-07-14,2975,frozen_train_only,True,test
BUNGSHKB,2017-10-04,2017-07-14,2975,frozen_train_only,True,test
MK2YTCZN,2017-10-04,2017-07-14,2975,frozen_train_only,True,test
MZTB3C70,2017-10-04,2017-07-14,2975,frozen_train_only,True,test
LHG76MIU,2017-10-04,2017-07-14,2975,frozen_train_only,True,test
SGAJAIP9,2017-10-04,2017-07-14,2975,frozen_train_only,True,test
UZ9SEIZ9,2017-10-04,2017-07-14,2975,frozen_train_only,True,test
KDY5FEUO,2017-10-04,2017-07-14,2975,frozen_train_only,True,test
ZRMZJVWK,2017-10-04,2017-07-14,2975,frozen_train_only,True,test
JAG873Y3,2017-10-05,2017-07-14,2975,frozen_train_only,True,test
WQTR95J3,2017-10-05,2017-07-14,2975,frozen_train_only,True,test
1FHY3UGF,2017-10-05,2017-07-14,2975,frozen_train_only,True,test
B9KFRY53,2017-10-05,2017-07-14,2975,frozen_train_only,True,test
ZRCY8P4P,2017-10-05,2017-07-14,2975,frozen_train_only,True,test
M3RME16Q,2017-10-05,2017-07-14,2975,frozen_train_only,True,test
YPRHMUIB,2017-10-05,2017-07-14,2975,frozen_train_only,True,test
HM4ZINFJ,2017-10-05,2017-07-14,2975,frozen_train_only,True,test
6WIQG92N,2017-10-05,2017-07-14,2975,frozen_train_only,True,test
3JMB4J8E,2017-10-05,2017-07-14,2975,frozen_train_only,True,test
FTZ4VYH4,2017-10-05,2017-07-14,2975,frozen_train_only,True,test
GEJKKFOL,2017-10-05,2017-07-14,2975,frozen_train_only,True,test
UYWQ5N0R,2017-10-05,2017-07-14,2975,frozen_train_only,True,test
NDAFT4KV,2017-10-05,2017-07-14,2975,frozen_train_only,True,test
BO1GBSM0,2017-10-05,2017-07-14,2975,frozen_train_only,True,test
FSVEMKSG,2017-10-05,2017-07-14,2975,frozen_train_only,True,test
V0XQVHQV,2017-10-05,2017-07-14,2975,frozen_train_only,True,test
TFZMFOH9,2017-10-05,2017-07-14,2975,frozen_train_only,True,test
8T9ANK4E,2017-10-05,2017-07-14,2975,frozen_train_only,True,test
76WXMI88,2017-10-05,2017-07-14,2975,frozen_train_only,True,test
ZH8XR8YT,2017-10-05,2017-07-14,2975,frozen_train_only,True,test
PR9HQKA7,2017-10-05,2017-07-14,2975,frozen_train_only,True,test
NMHDWGNT,2017-10-05,2017-07-14,2975,frozen_train_only,True,test
WX3CPDYD,2017-10-05,2017-07-14,2975,frozen_train_only,True,test
3DF5FIAM,2017-10-05,2017-07-14,2975,frozen_train_only,True,test
018KKT5I,2017-10-05,2017-07-14,2975,frozen_train_only,True,test
9AOPLD0O,2017-10-05,2017-07-14,2975,frozen_train_only,True,test
J54XWY0O,2017-10-05,2017-07-14,2975,frozen_train_only,True,test
FJEL0TDN,2017-10-05,2017-07-14,2975,frozen_train_only,True,test
I5JTM3EK,2017-10-05,2017-07-14,2975,frozen_train_only,True,test
3Q5R6HAY,2017-10-05,2017-07-14,2975,frozen_train_only,True,test
VOEOU1U6,2017-10-05,2017-07-14,2975,frozen_train_only,True,test
52IHI8JD,2017-10-06,2017-07-14,2975,frozen_train_only,True,test
7QPQ40X9,2017-10-06,2017-07-14,2975,frozen_train_only,True,test
KFZ37330,2017-10-06,2017-07-14,2975,frozen_train_only,True,test
T64JVA4T,2017-10-06,2017-07-14,2975,frozen_train_only,True,test
Y5C1Q7UR,2017-10-06,2017-07-14,2975,frozen_train_only,True,test
VN0XOAB6,2017-10-06,2017-07-14,2975,frozen_train_only,True,test
MVZG0BSG,2017-10-06,2017-07-14,2975,frozen_train_only,True,test
EM1W738H,2017-10-06,2017-07-14,2975,frozen_train_only,True,test
13WLN2MJ,2017-10-06,2017-07-14,2975,frozen_train_only,True,test
M4NNI01I,2017-10-06,2017-07-14,2975,frozen_train_only,True,test
U3FTUG3T,2017-10-06,2017-07-14,2975,frozen_train_only,True,test
RS13M1ZP,2017-10-06,2017-07-14,2975,frozen_train_only,True,test
10B65ZN9,2017-10-06,2017-07-14,2975,frozen_train_only,True,test
V4YBVSJ4,2017-10-06,2017-07-14,2975,frozen_train_only,True,test
LVMPJ8JN,2017-10-06,2017-07-14,2975,frozen_train_only,True,test
OV0LOPAA,2017-10-06,2017-07-14,2975,frozen_train_only,True,test
0ISX53T3,2017-10-06,2017-07-14,2975,frozen_train_only,True,test
KL8PCQXC,2017-10-06,2017-07-14,2975,frozen_train_only,True,test
Q4KZSJ6Q,2017-10-06,2017-07-14,2975,frozen_train_only,True,test
1IABHXOP,2017-10-06,2017-07-14,2975,frozen_train_only,True,test
2RE0MZGV,2017-10-06,2017-07-14,2975,frozen_train_only,True,test
JLKLRCFZ,2017-10-06,2017-07-14,2975,frozen_train_only,True,test
2X9KWWCP,2017-10-06,2017-07-14,2975,frozen_train_only,True,test
IF2BUC3Q,2017-10-06,2017-07-14,2975,frozen_train_only,True,test
GU4HXZ55,2017-10-06,2017-07-14,2975,frozen_train_only,True,test
JQK0EF45,2017-10-07,2017-07-14,2975,frozen_train_only,True,test
YUUD6GIT,2017-10-07,2017-07-14,2975,frozen_train_only,True,test
FBDZ4LCK,2017-10-07,2017-07-14,2975,frozen_train_only,True,test
SQMPV6L6,2017-10-07,2017-07-14,2975,frozen_train_only,True,test
N9ZBEJFI,2017-10-07,2017-07-14,2975,frozen_train_only,True,test
EKXXH9IK,2017-10-07,2017-07-14,2975,frozen_train_only,True,test
OC6ZMTK5,2017-10-07,2017-07-14,2975,frozen_train_only,True,test
M57LZE5F,2017-10-07,2017-07-14,2975,frozen_train_only,True,test
1XO519P4,2017-10-07,2017-07-14,2975,frozen_train_only,True,test
UBWO7HIV,2017-10-07,2017-07-14,2975,frozen_train_only,True,test
00X8VEYH,2017-10-07,2017-07-14,2975,frozen_train_only,True,test
ZJ11PBUV,2017-10-07,2017-07-14,2975,frozen_train_only,True,test
GJX7YGIF,2017-10-07,2017-07-14,2975,frozen_train_only,True,test
MF6S92GQ,2017-10-07,2017-07-14,2975,frozen_train_only,True,test
KTZDTM8W,2017-10-07,2017-07-14,2975,frozen_train_only,True,test
SH0S5N6U,2017-10-07,2017-07-14,2975,frozen_train_only,True,test
M3306MKK,2017-10-07,2017-07-14,2975,frozen_train_only,True,test
5H27L6YI,2017-10-07,2017-07-14,2975,frozen_train_only,True,test
FCEJCRKY,2017-10-07,2017-07-14,2975,frozen_train_only,True,test
FTVBHHFC,2017-10-07,2017-07-14,2975,frozen_train_only,True,test
CXE6ORIJ,2017-10-07,2017-07-14,2975,frozen_train_only,True,test
QFIEJY21,2017-10-07,2017-07-14,2975,frozen_train_only,True,test
4OUTIJAR,2017-10-07,2017-07-14,2975,frozen_train_only,True,test
R19OP4QL,2017-10-07,2017-07-14,2975,frozen_train_only,True,test
UU7QH2WX,2017-10-07,2017-07-14,2975,frozen_train_only,True,test
O7WVUMZ5,2017-10-07,2017-07-14,2975,frozen_train_only,True,test
NRMFYPAD,2017-10-08,2017-07-14,2975,frozen_train_only,True,test
63HMAJCZ,2017-10-08,2017-07-14,2975,frozen_train_only,True,test
MR49QBLO,2017-10-08,2017-07-14,2975,frozen_train_only,True,test
V7C6RT5S,2017-10-08,2017-07-14,2975,frozen_train_only,True,test
G1POINXI,2017-10-08,2017-07-14,2975,frozen_train_only,True,test
S181FZ0Y,2017-10-08,2017-07-14,2975,frozen_train_only,True,test
5J7T0GZU,2017-10-08,2017-07-14,2975,frozen_train_only,True,test
0IAJNXTD,2017-10-08,2017-07-14,2975,frozen_train_only,True,test
RMQME3N0,2017-10-08,2017-07-14,2975,frozen_train_only,True,test
G8C3GRPO,2017-10-08,2017-07-14,2975,frozen_train_only,True,test
IY3U40F8,2017-10-08,2017-07-14,2975,frozen_train_only,True,test
OZFSBIDF,2017-10-08,2017-07-14,2975,frozen_train_only,True,test
IEJHIQYI,2017-10-08,2017-07-14,2975,frozen_train_only,True,test
6SQHVC0S,2017-10-08,2017-07-14,2975,frozen_train_only,True,test
DIGZWVHI,2017-10-08,2017-07-14,2975,frozen_train_only,True,test
1ZT4IROS,2017-10-08,2017-07-14,2975,frozen_train_only,True,test
60QEB2FZ,2017-10-08,2017-07-14,2975,frozen_train_only,True,test
2PX317QP,2017-10-08,2017-07-14,2975,frozen_train_only,True,test
2T0GMDKK,2017-10-08,2017-07-14,2975,frozen_train_only,True,test
ZK6HTTBB,2017-10-08,2017-07-14,2975,frozen_train_only,True,test
V74YPMJ4,2017-10-08,2017-07-14,2975,frozen_train_only,True,test
8ZIX3LAF,2017-10-08,2017-07-14,2975,frozen_train_only,True,test
IVMMNSJB,2017-10-09,2017-07-14,2975,frozen_train_only,True,test
H9M21153,2017-10-09,2017-07-14,2975,frozen_train_only,True,test
JV0KXH4X,2017-10-09,2017-07-14,2975,frozen_train_only,True,test
V9UM2K16,2017-10-09,2017-07-14,2975,frozen_train_only,True,test
SRV6TQ2E,2017-10-09,2017-07-14,2975,frozen_train_only,True,test
94GJ7WZV,2017-10-09,2017-07-14,2975,frozen_train_only,True,test
B24YQ6LA,2017-10-09,2017-07-14,2975,frozen_train_only,True,test
RYELEM60,2017-10-09,2017-07-14,2975,frozen_train_only,True,test
RL26ZS8F,2017-10-09,2017-07-14,2975,frozen_train_only,True,test
JKIAA2TF,2017-10-09,2017-07-14,2975,frozen_train_only,True,test
HTK2UHC8,2017-10-09,2017-07-14,2975,frozen_train_only,True,test
SPRK2YOB,2017-10-09,2017-07-14,2975,frozen_train_only,True,test
8F7VHV02,2017-10-09,2017-07-14,2975,frozen_train_only,True,test
7FGVY6GK,2017-10-09,2017-07-14,2975,frozen_train_only,True,test
6IZZL97A,2017-10-09,2017-07-14,2975,frozen_train_only,True,test
C35YI5NJ,2017-10-09,2017-07-14,2975,frozen_train_only,True,test
6U30UYDT,2017-10-09,2017-07-14,2975,frozen_train_only,True,test
ZXOHD0KE,2017-10-09,2017-07-14,2975,frozen_train_only,True,test
77Q6KD0O,2017-10-09,2017-07-14,2975,frozen_train_only,True,test
JIH6P53I,2017-10-09,2017-07-14,2975,frozen_train_only,True,test
WKTVP5WY,2017-10-09,2017-07-14,2975,frozen_train_only,True,test
10N0ZBYO,2017-10-09,2017-07-14,2975,frozen_train_only,True,test
IUVAUQ6I,2017-10-09,2017-07-14,2975,frozen_train_only,True,test
YH5L64AP,2017-10-09,2017-07-14,2975,frozen_train_only,True,test
A71ENBVA,2017-10-09,2017-07-14,2975,frozen_train_only,True,test
4X8WU71C,2017-10-09,2017-07-14,2975,frozen_train_only,True,test
03H4RXBI,2017-10-09,2017-07-14,2975,frozen_train_only,True,test
MQVOQZL7,2017-10-10,2017-07-14,2975,frozen_train_only,True,test
OHD4TPKZ,2017-10-10,2017-07-14,2975,frozen_train_only,True,test
V4PVZC5L,2017-10-10,2017-07-14,2975,frozen_train_only,True,test
9G85W8XE,2017-10-10,2017-07-14,2975,frozen_train_only,True,test
S6DXPVLA,2017-10-10,2017-07-14,2975,frozen_train_only,True,test
MKI4TLUN,2017-10-10,2017-07-14,2975,frozen_train_only,True,test
H41YA4SB,2017-10-10,2017-07-14,2975,frozen_train_only,True,test
MW4MSIWW,2017-10-10,2017-07-14,2975,frozen_train_only,True,test
XSQOEHEA,2017-10-10,2017-07-14,2975,frozen_train_only,True,test
GQT2DFWZ,2017-10-10,2017-07-14,2975,frozen_train_only,True,test
IQ9GMTBR,2017-10-10,2017-07-14,2975,frozen_train_only,True,test
ZR8H455M,2017-10-10,2017-07-14,2975,frozen_train_only,True,test
3F2EMUQ7,2017-10-10,2017-07-14,2975,frozen_train_only,True,test
VB26KWQ6,2017-10-10,2017-07-14,2975,frozen_train_only,True,test
7J1UD7ZW,2017-10-10,2017-07-14,2975,frozen_train_only,True,test
VR6NO9FA,2017-10-10,2017-07-14,2975,frozen_train_only,True,test
O8QGRK5P,2017-10-10,2017-07-14,2975,frozen_train_only,True,test
BOD1GBJU,2017-10-10,2017-07-14,2975,frozen_train_only,True,test
TN3IRRND,2017-10-10,2017-07-14,2975,frozen_train_only,True,test
PR224V1P,2017-10-10,2017-07-14,2975,frozen_train_only,True,test
60RDU2SZ,2017-10-10,2017-07-14,2975,frozen_train_only,True,test
X2I316HD,2017-10-10,2017-07-14,2975,frozen_train_only,True,test
K5DNNWYT,2017-10-10,2017-07-14,2975,frozen_train_only,True,test
941E65Z7,2017-10-10,2017-07-14,2975,frozen_train_only,True,test
77UHLYMA,2017-10-10,2017-07-14,2975,frozen_train_only,True,test
VR1XYM23,2017-10-10,2017-07-14,2975,frozen_train_only,True,test
TQ6BTW2Z,2017-10-10,2017-07-14,2975,frozen_train_only,True,test
IVSOSC0E,2017-10-10,2017-07-14,2975,frozen_train_only,True,test
KI4LTBV6,2017-10-11,2017-07-14,2975,frozen_train_only,True,test
4VZ0JIVZ,2017-10-11,2017-07-14,2975,frozen_train_only,True,test
FNCXBWHQ,2017-10-11,2017-07-14,2975,frozen_train_only,True,test
Q306R9K4,2017-10-11,2017-07-14,2975,frozen_train_only,True,test
KHRY7J40,2017-10-11,2017-07-14,2975,frozen_train_only,True,test
AP9MLRZJ,2017-10-11,2017-07-14,2975,frozen_train_only,True,test
46JP2TQB,2017-10-11,2017-07-14,2975,frozen_train_only,True,test
W48N7MRO,2017-10-11,2017-07-14,2975,frozen_train_only,True,test
X4LSK4OE,2017-10-11,2017-07-14,2975,frozen_train_only,True,test
M1ZZYSTB,2017-10-11,2017-07-14,2975,frozen_train_only,True,test
0UOIGVEO,2017-10-11,2017-07-14,2975,frozen_train_only,True,test
AK9OXW30,2017-10-11,2017-07-14,2975,frozen_train_only,True,test
CFGYG1EC,2017-10-11,2017-07-14,2975,frozen_train_only,True,test
TS3P4VMD,2017-10-11,2017-07-14,2975,frozen_train_only,True,test
8PEB9FHX,2017-10-11,2017-07-14,2975,frozen_train_only,True,test
V1YT1LP1,2017-10-11,2017-07-14,2975,frozen_train_only,True,test
DTIZX4YN,2017-10-11,2017-07-14,2975,frozen_train_only,True,test
KMBY0IGV,2017-10-11,2017-07-14,2975,frozen_train_only,True,test
XULGG5K8,2017-10-11,2017-07-14,2975,frozen_train_only,True,test
KP8ZZ3Y6,2017-10-11,2017-07-14,2975,frozen_train_only,True,test
SBF5S7LF,2017-10-11,2017-07-14,2975,frozen_train_only,True,test
YIA65LM2,2017-10-11,2017-07-14,2975,frozen_train_only,True,test
TVBY6CND,2017-10-11,2017-07-14,2975,frozen_train_only,True,test
EC9H6XHB,2017-10-11,2017-07-14,2975,frozen_train_only,True,test
47QKNXLO,2017-10-11,2017-07-14,2975,frozen_train_only,True,test
VW2PJALW,2017-10-11,2017-07-14,2975,frozen_train_only,True,test
GVLIYD9A,2017-10-11,2017-07-14,2975,frozen_train_only,True,test
II1GOQWL,2017-10-11,2017-07-14,2975,frozen_train_only,True,test
4P5BOQB5,2017-10-11,2017-07-14,2975,frozen_train_only,True,test
QYYOVTHC,2017-10-12,2017-07-14,2975,frozen_train_only,True,test
AADN7F5T,2017-10-12,2017-07-14,2975,frozen_train_only,True,test
U8CWFFRH,2017-10-12,2017-07-14,2975,frozen_train_only,True,test
35HVN8Q3,2017-10-12,2017-07-14,2975,frozen_train_only,True,test
PNNZM0OZ,2017-10-12,2017-07-14,2975,frozen_train_only,True,test
UYZQCWAC,2017-10-12,2017-07-14,2975,frozen_train_only,True,test
K0YFUK4X,2017-10-12,2017-07-14,2975,frozen_train_only,True,test
TUL0TZSR,2017-10-12,2017-07-14,2975,frozen_train_only,True,test
LS2A22IA,2017-10-12,2017-07-14,2975,frozen_train_only,True,test
L5K0S1U3,2017-10-12,2017-07-14,2975,frozen_train_only,True,test
82LY53FE,2017-10-12,2017-07-14,2975,frozen_train_only,True,test
XRJTRP20,2017-10-12,2017-07-14,2975,frozen_train_only,True,test
D00FIU21,2017-10-12,2017-07-14,2975,frozen_train_only,True,test
C48I5WD9,2017-10-12,2017-07-14,2975,frozen_train_only,True,test
HG0N3NJ4,2017-10-12,2017-07-14,2975,frozen_train_only,True,test
5ZUKTSJV,2017-10-12,2017-07-14,2975,frozen_train_only,True,test
CD5B8P8U,2017-10-12,2017-07-14,2975,frozen_train_only,True,test
MBYY3F5P,2017-10-12,2017-07-14,2975,frozen_train_only,True,test
0V9YEQDU,2017-10-13,2017-07-14,2975,frozen_train_only,True,test
76GEYK0T,2017-10-13,2017-07-14,2975,frozen_train_only,True,test
0QUXNGR1,2017-10-13,2017-07-14,2975,frozen_train_only,True,test
4N9E1F86,2017-10-13,2017-07-14,2975,frozen_train_only,True,test
895XMROB,2017-10-13,2017-07-14,2975,frozen_train_only,True,test
LFMLZPA5,2017-10-13,2017-07-14,2975,frozen_train_only,True,test
H54N095V,2017-10-13,2017-07-14,2975,frozen_train_only,True,test
FQPECFYO,2017-10-13,2017-07-14,2975,frozen_train_only,True,test
933OT3AE,2017-10-13,2017-07-14,2975,frozen_train_only,True,test
5HDKACI4,2017-10-13,2017-07-14,2975,frozen_train_only,True,test
GVEUKZ72,2017-10-13,2017-07-14,2975,frozen_train_only,True,test
YHOVVBSP,2017-10-13,2017-07-14,2975,frozen_train_only,True,test
ZN6HXJ5F,2017-10-13,2017-07-14,2975,frozen_train_only,True,test
3IQ19UZ2,2017-10-13,2017-07-14,2975,frozen_train_only,True,test
R2CG5WED,2017-10-13,2017-07-14,2975,frozen_train_only,True,test
GH0FU105,2017-10-13,2017-07-14,2975,frozen_train_only,True,test
NDIZ18GW,2017-10-13,2017-07-14,2975,frozen_train_only,True,test
BRIOGGKC,2017-10-13,2017-07-14,2975,frozen_train_only,True,test
GZYL4SG1,2017-10-13,2017-07-14,2975,frozen_train_only,True,test
7ZASHEBX,2017-10-13,2017-07-14,2975,frozen_train_only,True,test
WJ9JNMJ2,2017-10-13,2017-07-14,2975,frozen_train_only,True,test
N3OWNMD3,2017-10-13,2017-07-14,2975,frozen_train_only,True,test
8U3LICIW,2017-10-13,2017-07-14,2975,frozen_train_only,True,test
JALBPRSF,2017-10-13,2017-07-14,2975,frozen_train_only,True,test
0E1HHXGB,2017-10-13,2017-07-14,2975,frozen_train_only,True,test
MJXPSHYT,2017-10-13,2017-07-14,2975,frozen_train_only,True,test
AF8SULB0,2017-10-14,2017-07-14,2975,frozen_train_only,True,test
N8BM4XEP,2017-10-14,2017-07-14,2975,frozen_train_only,True,test
FZGBRGHF,2017-10-14,2017-07-14,2975,frozen_train_only,True,test
36PET9WM,2017-10-14,2017-07-14,2975,frozen_train_only,True,test
GRO3S3HV,2017-10-14,2017-07-14,2975,frozen_train_only,True,test
KG9R5M1Y,2017-10-14,2017-07-14,2975,frozen_train_only,True,test
R0S5FZ1G,2017-10-14,2017-07-14,2975,frozen_train_only,True,test
3W1Y39BY,2017-10-14,2017-07-14,2975,frozen_train_only,True,test
G58GOO4N,2017-10-14,2017-07-14,2975,frozen_train_only,True,test
JF0F2J5W,2017-10-14,2017-07-14,2975,frozen_train_only,True,test
93AE6QM4,2017-10-14,2017-07-14,2975,frozen_train_only,True,test
0YM4VJDP,2017-10-14,2017-07-14,2975,frozen_train_only,True,test
ICD9OMSF,2017-10-14,2017-07-14,2975,frozen_train_only,True,test
IHJEX21Z,2017-10-14,2017-07-14,2975,frozen_train_only,True,test
8JORJ1SS,2017-10-14,2017-07-14,2975,frozen_train_only,True,test
0NKINI7S,2017-10-14,2017-07-14,2975,frozen_train_only,True,test
QFLFLCD0,2017-10-14,2017-07-14,2975,frozen_train_only,True,test
OB3OK8BQ,2017-10-14,2017-07-14,2975,frozen_train_only,True,test
5S3RN7H2,2017-10-14,2017-07-14,2975,frozen_train_only,True,test
6YCRJK5W,2017-10-14,2017-07-14,2975,frozen_train_only,True,test
FDMK85GD,2017-10-14,2017-07-14,2975,frozen_train_only,True,test
EVKQXZV6,2017-10-14,2017-07-14,2975,frozen_train_only,True,test
IDO6PU1B,2017-10-14,2017-07-14,2975,frozen_train_only,True,test
CYAL1N0B,2017-10-14,2017-07-14,2975,frozen_train_only,True,test
9GSBUJMH,2017-10-15,2017-07-14,2975,frozen_train_only,True,test
ECB42PGL,2017-10-15,2017-07-14,2975,frozen_train_only,True,test
PYIP2H5Z,2017-10-15,2017-07-14,2975,frozen_train_only,True,test
129P48QP,2017-10-15,2017-07-14,2975,frozen_train_only,True,test
BUFF2EP5,2017-10-15,2017-07-14,2975,frozen_train_only,True,test
IQRA0Q8C,2017-10-15,2017-07-14,2975,frozen_train_only,True,test
14P6935C,2017-10-15,2017-07-14,2975,frozen_train_only,True,test
U220GK9W,2017-10-15,2017-07-14,2975,frozen_train_only,True,test
03R1VC7O,2017-10-15,2017-07-14,2975,frozen_train_only,True,test
LUFR7MJC,2017-10-15,2017-07-14,2975,frozen_train_only,True,test
8EX2PGAY,2017-10-15,2017-07-14,2975,frozen_train_only,True,test
C0H6SU2X,2017-10-15,2017-07-14,2975,frozen_train_only,True,test
94JOUSW7,2017-10-15,2017-07-14,2975,frozen_train_only,True,test
9RC58SP0,2017-10-15,2017-07-14,2975,frozen_train_only,True,test
XFNYWN7B,2017-10-15,2017-07-14,2975,frozen_train_only,True,test
6NFIUDKS,2017-10-15,2017-07-14,2975,frozen_train_only,True,test
4TD018BE,2017-10-15,2017-07-14,2975,frozen_train_only,True,test
SWKGC34P,2017-10-15,2017-07-14,2975,frozen_train_only,True,test
C3Y94J5R,2017-10-15,2017-07-14,2975,frozen_train_only,True,test
2H45C9FK,2017-10-15,2017-07-14,2975,frozen_train_only,True,test
LFM4SMIA,2017-10-15,2017-07-14,2975,frozen_train_only,True,test
MEXK5KU6,2017-10-15,2017-07-14,2975,frozen_train_only,True,test
UDXS7H12,2017-10-15,2017-07-14,2975,frozen_train_only,True,test
4G61Z1HD,2017-10-15,2017-07-14,2975,frozen_train_only,True,test
X4KAK55N,2017-10-15,2017-07-14,2975,frozen_train_only,True,test
AHOYDL01,2017-10-15,2017-07-14,2975,frozen_train_only,True,test
R5ILWVDD,2017-10-16,2017-07-14,2975,frozen_train_only,True,test
J5WP57XS,2017-10-16,2017-07-14,2975,frozen_train_only,True,test
VPD4G16I,2017-10-16,2017-07-14,2975,frozen_train_only,True,test
Z173R82Y,2017-10-16,2017-07-14,2975,frozen_train_only,True,test
TFGC7TPF,2017-10-16,2017-07-14,2975,frozen_train_only,True,test
03X37HOO,2017-10-16,2017-07-14,2975,frozen_train_only,True,test
OWGXQLJS,2017-10-16,2017-07-14,2975,frozen_train_only,True,test
Y4SN1R3L,2017-10-16,2017-07-14,2975,frozen_train_only,True,test
CX3PZ8DP,2017-10-16,2017-07-14,2975,frozen_train_only,True,test
V7DY5VAP,2017-10-16,2017-07-14,2975,frozen_train_only,True,test
JLB353E4,2017-10-16,2017-07-14,2975,frozen_train_only,True,test
KOK62RF4,2017-10-16,2017-07-14,2975,frozen_train_only,True,test
8U59BH8O,2017-10-16,2017-07-14,2975,frozen_train_only,True,test
BZR75SK1,2017-10-16,2017-07-14,2975,frozen_train_only,True,test
48HBI36Y,2017-10-16,2017-07-14,2975,frozen_train_only,True,test
ME7IZ1WY,2017-10-16,2017-07-14,2975,frozen_train_only,True,test
STC921ZX,2017-10-16,2017-07-14,2975,frozen_train_only,True,test
MJRDXH1B,2017-10-16,2017-07-14,2975,frozen_train_only,True,test
W2QJUK1Y,2017-10-16,2017-07-14,2975,frozen_train_only,True,test
B05SO4C6,2017-10-16,2017-07-14,2975,frozen_train_only,True,test
MC717WRG,2017-10-16,2017-07-14,2975,frozen_train_only,True,test
P570QB1D,2017-10-16,2017-07-14,2975,frozen_train_only,True,test
IWS4PKPP,2017-10-16,2017-07-14,2975,frozen_train_only,True,test
GB3S67FY,2017-10-16,2017-07-14,2975,frozen_train_only,True,test
0W8VWJDS,2017-10-16,2017-07-14,2975,frozen_train_only,True,test
5J9ELX2Y,2017-10-16,2017-07-14,2975,frozen_train_only,True,test
SQE6KE7V,2017-10-17,2017-07-14,2975,frozen_train_only,True,test
LH03MJX5,2017-10-17,2017-07-14,2975,frozen_train_only,True,test
0SQM849O,2017-10-17,2017-07-14,2975,frozen_train_only,True,test
KXTUVDLU,2017-10-17,2017-07-14,2975,frozen_train_only,True,test
9YOGUMN9,2017-10-17,2017-07-14,2975,frozen_train_only,True,test
C933ZQBB,2017-10-17,2017-07-14,2975,frozen_train_only,True,test
G9M9IEQY,2017-10-17,2017-07-14,2975,frozen_train_only,True,test
M2VKMZPH,2017-10-17,2017-07-14,2975,frozen_train_only,True,test
AZCY0HUP,2017-10-17,2017-07-14,2975,frozen_train_only,True,test
7CMG05CY,2017-10-17,2017-07-14,2975,frozen_train_only,True,test
KDNNV952,2017-10-17,2017-07-14,2975,frozen_train_only,True,test
1UPVYK3H,2017-10-17,2017-07-14,2975,frozen_train_only,True,test
MUODVNBC,2017-10-17,2017-07-14,2975,frozen_train_only,True,test
02G0NJCN,2017-10-17,2017-07-14,2975,frozen_train_only,True,test
76V79SHZ,2017-10-17,2017-07-14,2975,frozen_train_only,True,test
7JMQM7XK,2017-10-17,2017-07-14,2975,frozen_train_only,True,test
PIPQZ9SQ,2017-10-17,2017-07-14,2975,frozen_train_only,True,test
NXHAAD08,2017-10-17,2017-07-14,2975,frozen_train_only,True,test
ABMVTEUH,2017-10-18,2017-07-14,2975,frozen_train_only,True,test
9Q710H4R,2017-10-18,2017-07-14,2975,frozen_train_only,True,test
4QU2EXEY,2017-10-18,2017-07-14,2975,frozen_train_only,True,test
3MKAQ2YI,2017-10-18,2017-07-14,2975,frozen_train_only,True,test
42CA70FG,2017-10-18,2017-07-14,2975,frozen_train_only,True,test
R2C8A8SA,2017-10-18,2017-07-14,2975,frozen_train_only,True,test
PY96Q77S,2017-10-18,2017-07-14,2975,frozen_train_only,True,test
6QAWMSU2,2017-10-18,2017-07-14,2975,frozen_train_only,True,test
5B9EIYPP,2017-10-18,2017-07-14,2975,frozen_train_only,True,test
Z216TKEU,2017-10-18,2017-07-14,2975,frozen_train_only,True,test
9EHFBSBG,2017-10-18,2017-07-14,2975,frozen_train_only,True,test
6SP45G3T,2017-10-18,2017-07-14,2975,frozen_train_only,True,test
7U28UXIL,2017-10-18,2017-07-14,2975,frozen_train_only,True,test
V2YD7XYV,2017-10-18,2017-07-14,2975,frozen_train_only,True,test
1GVU0QTO,2017-10-18,2017-07-14,2975,frozen_train_only,True,test
QG7RGODO,2017-10-18,2017-07-14,2975,frozen_train_only,True,test
IHBYI8IO,2017-10-18,2017-07-14,2975,frozen_train_only,True,test
M5NUUVA4,2017-10-18,2017-07-14,2975,frozen_train_only,True,test
XKYQ16FS,2017-10-18,2017-07-14,2975,frozen_train_only,True,test
VVM450RP,2017-10-18,2017-07-14,2975,frozen_train_only,True,test
60KWQS2V,2017-10-18,2017-07-14,2975,frozen_train_only,True,test
1RND0S0B,2017-10-18,2017-07-14,2975,frozen_train_only,True,test
WI0LMD20,2017-10-18,2017-07-14,2975,frozen_train_only,True,test
4XPRCRX0,2017-10-18,2017-07-14,2975,frozen_train_only,True,test
5UEA6KVU,2017-10-18,2017-07-14,2975,frozen_train_only,True,test
GAUSPPYM,2017-10-18,2017-07-14,2975,frozen_train_only,True,test
3Y1LN6CQ,2017-10-18,2017-07-14,2975,frozen_train_only,True,test
W7GVI03S,2017-10-18,2017-07-14,2975,frozen_train_only,True,test
7RFTN4WI,2017-10-18,2017-07-14,2975,frozen_train_only,True,test
K00YH5XA,2017-10-18,2017-07-14,2975,frozen_train_only,True,test
ZXIHEEV2,2017-10-18,2017-07-14,2975,frozen_train_only,True,test
WPSHVGDZ,2017-10-18,2017-07-14,2975,frozen_train_only,True,test
DXAO9R8N,2017-10-18,2017-07-14,2975,frozen_train_only,True,test
PN0IWJ0N,2017-10-19,2017-07-14,2975,frozen_train_only,True,test
OXKWCAXO,2017-10-19,2017-07-14,2975,frozen_train_only,True,test
7FVUE0GY,2017-10-19,2017-07-14,2975,frozen_train_only,True,test
FAIFAGJM,2017-10-19,2017-07-14,2975,frozen_train_only,True,test
IKDFG91F,2017-10-19,2017-07-14,2975,frozen_train_only,True,test
BP3I9G0F,2017-10-19,2017-07-14,2975,frozen_train_only,True,test
0GM4GDFT,2017-10-19,2017-07-14,2975,frozen_train_only,True,test
5YIWOUOZ,2017-10-19,2017-07-14,2975,frozen_train_only,True,test
LM3GZYXD,2017-10-19,2017-07-14,2975,frozen_train_only,True,test
UUCSEHJX,2017-10-19,2017-07-14,2975,frozen_train_only,True,test
OQQWTFSZ,2017-10-19,2017-07-14,2975,frozen_train_only,True,test
CWVAO587,2017-10-19,2017-07-14,2975,frozen_train_only,True,test
YDZZNTEZ,2017-10-19,2017-07-14,2975,frozen_train_only,True,test
O1DTVNH2,2017-10-19,2017-07-14,2975,frozen_train_only,True,test
Q6MGPT50,2017-10-19,2017-07-14,2975,frozen_train_only,True,test
ENL7MDL2,2017-10-19,2017-07-14,2975,frozen_train_only,True,test
CLHPJZHP,2017-10-19,2017-07-14,2975,frozen_train_only,True,test
XO4ZYI3G,2017-10-19,2017-07-14,2975,frozen_train_only,True,test
RSBEC5KF,2017-10-19,2017-07-14,2975,frozen_train_only,True,test
6Z6SRB1Y,2017-10-19,2017-07-14,2975,frozen_train_only,True,test
FRSYEHJE,2017-10-19,2017-07-14,2975,frozen_train_only,True,test
MV4DK68W,2017-10-19,2017-07-14,2975,frozen_train_only,True,test
I15B3BNW,2017-10-19,2017-07-14,2975,frozen_train_only,True,test
1CT3EWJ8,2017-10-19,2017-07-14,2975,frozen_train_only,True,test
JPBLNA5V,2017-10-19,2017-07-14,2975,frozen_train_only,True,test
R6OM4EDE,2017-10-19,2017-07-14,2975,frozen_train_only,True,test
74Y43OFL,2017-10-19,2017-07-14,2975,frozen_train_only,True,test
OIOGIDI2,2017-10-19,2017-07-14,2975,frozen_train_only,True,test
SCN3BY47,2017-10-19,2017-07-14,2975,frozen_train_only,True,test
HFF39KOB,2017-10-19,2017-07-14,2975,frozen_train_only,True,test
OS59LIZX,2017-10-19,2017-07-14,2975,frozen_train_only,True,test
O3S3SF3W,2017-10-19,2017-07-14,2975,frozen_train_only,True,test
WA0NRLP7,2017-10-19,2017-07-14,2975,frozen_train_only,True,test
GHOQQYQM,2017-10-19,2017-07-14,2975,frozen_train_only,True,test
6OXOIJ4D,2017-10-19,2017-07-14,2975,frozen_train_only,True,test
DTFLKV60,2017-10-20,2017-07-14,2975,frozen_train_only,True,test
RELG4CYQ,2017-10-20,2017-07-14,2975,frozen_train_only,True,test
PLV91KH7,2017-10-20,2017-07-14,2975,frozen_train_only,True,test
U289K4V3,2017-10-20,2017-07-14,2975,frozen_train_only,True,test
PDXFX23P,2017-10-20,2017-07-14,2975,frozen_train_only,True,test
LULNYY3C,2017-10-20,2017-07-14,2975,frozen_train_only,True,test
NJ1YGDZW,2017-10-20,2017-07-14,2975,frozen_train_only,True,test
CZC1J6FQ,2017-10-20,2017-07-14,2975,frozen_train_only,True,test
WSWJJ234,2017-10-20,2017-07-14,2975,frozen_train_only,True,test
MDBKYL2Q,2017-10-20,2017-07-14,2975,frozen_train_only,True,test
M9EU34FE,2017-10-20,2017-07-14,2975,frozen_train_only,True,test
HCARIWPE,2017-10-20,2017-07-14,2975,frozen_train_only,True,test
WGJB2VDU,2017-10-20,2017-07-14,2975,frozen_train_only,True,test
JSLSL3SU,2017-10-20,2017-07-14,2975,frozen_train_only,True,test
N1B45KIT,2017-10-20,2017-07-14,2975,frozen_train_only,True,test
30UA0RS8,2017-10-20,2017-07-14,2975,frozen_train_only,True,test
R1Z8J1JL,2017-10-20,2017-07-14,2975,frozen_train_only,True,test
MJODFG6C,2017-10-20,2017-07-14,2975,frozen_train_only,True,test
6D7N5SQ7,2017-10-20,2017-07-14,2975,frozen_train_only,True,test
DQIKGS2U,2017-10-20,2017-07-14,2975,frozen_train_only,True,test
EZNAGRVB,2017-10-20,2017-07-14,2975,frozen_train_only,True,test
C1M1RST0,2017-10-20,2017-07-14,2975,frozen_train_only,True,test
KIZOEC3M,2017-10-21,2017-07-14,2975,frozen_train_only,True,test
CO7T7H41,2017-10-21,2017-07-14,2975,frozen_train_only,True,test
BMQYRJC7,2017-10-21,2017-07-14,2975,frozen_train_only,True,test
6ALPIXB7,2017-10-21,2017-07-14,2975,frozen_train_only,True,test
5NVTQW38,2017-10-21,2017-07-14,2975,frozen_train_only,True,test
IOUUN8LM,2017-10-21,2017-07-14,2975,frozen_train_only,True,test
3EZLRW47,2017-10-21,2017-07-14,2975,frozen_train_only,True,test
09AILR04,2017-10-21,2017-07-14,2975,frozen_train_only,True,test
KSYI5DDW,2017-10-21,2017-07-14,2975,frozen_train_only,True,test
W4R2C7N9,2017-10-21,2017-07-14,2975,frozen_train_only,True,test
KY1CESUN,2017-10-21,2017-07-14,2975,frozen_train_only,True,test
M4EHG2ZB,2017-10-21,2017-07-14,2975,frozen_train_only,True,test
DLAMSRVT,2017-10-21,2017-07-14,2975,frozen_train_only,True,test
PZNZD22T,2017-10-21,2017-07-14,2975,frozen_train_only,True,test
FVCN0HQ9,2017-10-21,2017-07-14,2975,frozen_train_only,True,test
A0FVQ8KO,2017-10-21,2017-07-14,2975,frozen_train_only,True,test
6KGX67OZ,2017-10-21,2017-07-14,2975,frozen_train_only,True,test
BXXGLPD7,2017-10-21,2017-07-14,2975,frozen_train_only,True,test
MHF6GSB6,2017-10-21,2017-07-14,2975,frozen_train_only,True,test
TFILI4TE,2017-10-21,2017-07-14,2975,frozen_train_only,True,test
4P0SDD91,2017-10-21,2017-07-14,2975,frozen_train_only,True,test
ZZ4X9VN3,2017-10-21,2017-07-14,2975,frozen_train_only,True,test
0J3UU8PZ,2017-10-22,2017-07-14,2975,frozen_train_only,True,test
UYPF6FZ3,2017-10-22,2017-07-14,2975,frozen_train_only,True,test
2HKRINHL,2017-10-22,2017-07-14,2975,frozen_train_only,True,test
G5JXIYRO,2017-10-22,2017-07-14,2975,frozen_train_only,True,test
4MXSHU7X,2017-10-22,2017-07-14,2975,frozen_train_only,True,test
H4FIU51C,2017-10-22,2017-07-14,2975,frozen_train_only,True,test
CC2ICRAG,2017-10-22,2017-07-14,2975,frozen_train_only,True,test
RDC531P5,2017-10-22,2017-07-14,2975,frozen_train_only,True,test
9QX62IL2,2017-10-22,2017-07-14,2975,frozen_train_only,True,test
3GRTE6VM,2017-10-22,2017-07-14,2975,frozen_train_only,True,test
E4BPOOL6,2017-10-22,2017-07-14,2975,frozen_train_only,True,test
B894QWQM,2017-10-22,2017-07-14,2975,frozen_train_only,True,test
U9QMLC5Z,2017-10-22,2017-07-14,2975,frozen_train_only,True,test
VCQBM844,2017-10-22,2017-07-14,2975,frozen_train_only,True,test
UE66OOQS,2017-10-22,2017-07-14,2975,frozen_train_only,True,test
W5ABRRKC,2017-10-22,2017-07-14,2975,frozen_train_only,True,test
Y8KI5ANO,2017-10-22,2017-07-14,2975,frozen_train_only,True,test
CTM8WFGW,2017-10-22,2017-07-14,2975,frozen_train_only,True,test
RFUJTKVO,2017-10-22,2017-07-14,2975,frozen_train_only,True,test
ZMEKFXC5,2017-10-22,2017-07-14,2975,frozen_train_only,True,test
LO2BMO33,2017-10-22,2017-07-14,2975,frozen_train_only,True,test
4ETFTKHJ,2017-10-22,2017-07-14,2975,frozen_train_only,True,test
528YB7Q0,2017-10-22,2017-07-14,2975,frozen_train_only,True,test
OFEUX5PI,2017-10-22,2017-07-14,2975,frozen_train_only,True,test
S3V8Z52J,2017-10-23,2017-07-14,2975,frozen_train_only,True,test
TTYSSNJH,2017-10-23,2017-07-14,2975,frozen_train_only,True,test
LROWI84G,2017-10-23,2017-07-14,2975,frozen_train_only,True,test
IQAP70OD,2017-10-23,2017-07-14,2975,frozen_train_only,True,test
JWWVG8KG,2017-10-23,2017-07-14,2975,frozen_train_only,True,test
7PEL3AIZ,2017-10-23,2017-07-14,2975,frozen_train_only,True,test
NXQR7LX6,2017-10-23,2017-07-14,2975,frozen_train_only,True,test
JL358E5T,2017-10-23,2017-07-14,2975,frozen_train_only,True,test
DHUG18WU,2017-10-23,2017-07-14,2975,frozen_train_only,True,test
T6ENEYKW,2017-10-23,2017-07-14,2975,frozen_train_only,True,test
3MGMH9AE,2017-10-23,2017-07-14,2975,frozen_train_only,True,test
4Z84VV2P,2017-10-23,2017-07-14,2975,frozen_train_only,True,test
DMYP7REE,2017-10-23,2017-07-14,2975,frozen_train_only,True,test
1SKNSG2B,2017-10-23,2017-07-14,2975,frozen_train_only,True,test
G6MUC5R6,2017-10-23,2017-07-14,2975,frozen_train_only,True,test
6445PW4Z,2017-10-23,2017-07-14,2975,frozen_train_only,True,test
CUJIRCWV,2017-10-23,2017-07-14,2975,frozen_train_only,True,test
YSFFEUCQ,2017-10-23,2017-07-14,2975,frozen_train_only,True,test
OX0NE27G,2017-10-23,2017-07-14,2975,frozen_train_only,True,test
0B09WODM,2017-10-24,2017-07-14,2975,frozen_train_only,True,test
FSC4A2HZ,2017-10-24,2017-07-14,2975,frozen_train_only,True,test
YT5GLR6D,2017-10-24,2017-07-14,2975,frozen_train_only,True,test
KOPJOMQE,2017-10-24,2017-07-14,2975,frozen_train_only,True,test
AS2BKSCT,2017-10-24,2017-07-14,2975,frozen_train_only,True,test
S3GVO59B,2017-10-24,2017-07-14,2975,frozen_train_only,True,test
L8POFR0T,2017-10-24,2017-07-14,2975,frozen_train_only,True,test
RYF41KOV,2017-10-24,2017-07-14,2975,frozen_train_only,True,test
MV7NPCI9,2017-10-24,2017-07-14,2975,frozen_train_only,True,test
TSN98FPQ,2017-10-24,2017-07-14,2975,frozen_train_only,True,test
SQW60VII,2017-10-24,2017-07-14,2975,frozen_train_only,True,test
PGG2DUPO,2017-10-24,2017-07-14,2975,frozen_train_only,True,test
85U38YFD,2017-10-24,2017-07-14,2975,frozen_train_only,True,test
M7V7UJHZ,2017-10-24,2017-07-14,2975,frozen_train_only,True,test
S56NVD4M,2017-10-24,2017-07-14,2975,frozen_train_only,True,test
Y34O7SKI,2017-10-24,2017-07-14,2975,frozen_train_only,True,test
DSY9VD0O,2017-10-24,2017-07-14,2975,frozen_train_only,True,test
6ZR7IUC4,2017-10-24,2017-07-14,2975,frozen_train_only,True,test
8W9YXI59,2017-10-25,2017-07-14,2975,frozen_train_only,True,test
YEH9VQCD,2017-10-25,2017-07-14,2975,frozen_train_only,True,test
35GT4NM9,2017-10-25,2017-07-14,2975,frozen_train_only,True,test
MICIJ00A,2017-10-25,2017-07-14,2975,frozen_train_only,True,test
D4ABG4I1,2017-10-25,2017-07-14,2975,frozen_train_only,True,test
EMK9P63G,2017-10-25,2017-07-14,2975,frozen_train_only,True,test
7GWM1WT0,2017-10-25,2017-07-14,2975,frozen_train_only,True,test
U0XWF9TW,2017-10-25,2017-07-14,2975,frozen_train_only,True,test
E8L9I3QP,2017-10-25,2017-07-14,2975,frozen_train_only,True,test
63S5SNBC,2017-10-26,2017-07-14,2975,frozen_train_only,True,test
3PIPAOVU,2017-10-26,2017-07-14,2975,frozen_train_only,True,test
UBU4E17W,2017-10-26,2017-07-14,2975,frozen_train_only,True,test
99HAV7SY,2017-10-26,2017-07-14,2975,frozen_train_only,True,test
UX9D17FS,2017-10-26,2017-07-14,2975,frozen_train_only,True,test
FL804BH8,2017-10-26,2017-07-14,2975,frozen_train_only,True,test
RWR0W3U8,2017-10-26,2017-07-14,2975,frozen_train_only,True,test
8UU0I29V,2017-10-26,2017-07-14,2975,frozen_train_only,True,test
89A54FHW,2017-10-26,2017-07-14,2975,frozen_train_only,True,test
UGAEAB27,2017-10-26,2017-07-14,2975,frozen_train_only,True,test
U2JI00ER,2017-10-26,2017-07-14,2975,frozen_train_only,True,test
56D231XJ,2017-10-26,2017-07-14,2975,frozen_train_only,True,test
O2CFE5KX,2017-10-26,2017-07-14,2975,frozen_train_only,True,test
UCLGT98S,2017-10-26,2017-07-14,2975,frozen_train_only,True,test
BZG9DI4Z,2017-10-26,2017-07-14,2975,frozen_train_only,True,test
E2R39451,2017-10-26,2017-07-14,2975,frozen_train_only,True,test
KHQR5AKG,2017-10-26,2017-07-14,2975,frozen_train_only,True,test
NMI79ZYT,2017-10-26,2017-07-14,2975,frozen_train_only,True,test
RU3HH59R,2017-10-26,2017-07-14,2975,frozen_train_only,True,test
IE1N4OUS,2017-10-27,2017-07-14,2975,frozen_train_only,True,test
A5IABHP1,2017-10-27,2017-07-14,2975,frozen_train_only,True,test
FOFS0O2G,2017-10-27,2017-07-14,2975,frozen_train_only,True,test
66BQC4C9,2017-10-27,2017-07-14,2975,frozen_train_only,True,test
GXQJVJQT,2017-10-27,2017-07-14,2975,frozen_train_only,True,test
PP4ZY6TZ,2017-10-27,2017-07-14,2975,frozen_train_only,True,test
7TOPAQ9Y,2017-10-27,2017-07-14,2975,frozen_train_only,True,test
7NJS374V,2017-10-27,2017-07-14,2975,frozen_train_only,True,test
KKO2EFHS,2017-10-27,2017-07-14,2975,frozen_train_only,True,test
PJJMVZAL,2017-10-27,2017-07-14,2975,frozen_train_only,True,test
MFYR7SSG,2017-10-27,2017-07-14,2975,frozen_train_only,True,test
F2F1LPTA,2017-10-27,2017-07-14,2975,frozen_train_only,True,test
QVP4LFVD,2017-10-27,2017-07-14,2975,frozen_train_only,True,test
7FZMWZJT,2017-10-27,2017-07-14,2975,frozen_train_only,True,test
8THGVJ52,2017-10-27,2017-07-14,2975,frozen_train_only,True,test
M827K2PI,2017-10-27,2017-07-14,2975,frozen_train_only,True,test
4ETZYSN3,2017-10-27,2017-07-14,2975,frozen_train_only,True,test
SZDGWQLT,2017-10-27,2017-07-14,2975,frozen_train_only,True,test
YM5F751C,2017-10-27,2017-07-14,2975,frozen_train_only,True,test
G7U0HP7Q,2017-10-27,2017-07-14,2975,frozen_train_only,True,test
FRNGLIYS,2017-10-28,2017-07-14,2975,frozen_train_only,True,test
OY08XJ2E,2017-10-28,2017-07-14,2975,frozen_train_only,True,test
ZSZFPCYS,2017-10-28,2017-07-14,2975,frozen_train_only,True,test
BXCEXXP4,2017-10-28,2017-07-14,2975,frozen_train_only,True,test
H3K2E35I,2017-10-28,2017-07-14,2975,frozen_train_only,True,test
LB6S2ONR,2017-10-28,2017-07-14,2975,frozen_train_only,True,test
6BRNE2DV,2017-10-28,2017-07-14,2975,frozen_train_only,True,test
ST4H8MB7,2017-10-28,2017-07-14,2975,frozen_train_only,True,test
VMGCRSWP,2017-10-28,2017-07-14,2975,frozen_train_only,True,test
4HJIT2B6,2017-10-28,2017-07-14,2975,frozen_train_only,True,test
DJY7S9AI,2017-10-28,2017-07-14,2975,frozen_train_only,True,test
X6MHLE33,2017-10-29,2017-07-14,2975,frozen_train_only,True,test
TLAWJR5V,2017-10-29,2017-07-14,2975,frozen_train_only,True,test
SQ63LXS8,2017-10-29,2017-07-14,2975,frozen_train_only,True,test
L3PLDC1Y,2017-10-29,2017-07-14,2975,frozen_train_only,True,test
HMG6NWSR,2017-10-29,2017-07-14,2975,frozen_train_only,True,test
KNH4ZX85,2017-10-29,2017-07-14,2975,frozen_train_only,True,test
FV7Y3ZPO,2017-10-29,2017-07-14,2975,frozen_train_only,True,test
DDQ0MDYY,2017-10-29,2017-07-14,2975,frozen_train_only,True,test
HFER9GET,2017-10-30,2017-07-14,2975,frozen_train_only,True,test
005JS57S,2017-10-30,2017-07-14,2975,frozen_train_only,True,test
TWDNQ9TX,2017-10-30,2017-07-14,2975,frozen_train_only,True,test
G289FPBV,2017-10-30,2017-07-14,2975,frozen_train_only,True,test
G9H0MWBL,2017-10-30,2017-07-14,2975,frozen_train_only,True,test
P2YWZPES,2017-10-30,2017-07-14,2975,frozen_train_only,True,test
NPGETEDZ,2017-10-30,2017-07-14,2975,frozen_train_only,True,test
J5I6Y4RN,2017-10-31,2017-07-14,2975,frozen_train_only,True,test
XRMOUF1R,2017-10-31,2017-07-14,2975,frozen_train_only,True,test
TL0UILCV,2017-10-31,2017-07-14,2975,frozen_train_only,True,test
FAS4V07H,2017-10-31,2017-07-14,2975,frozen_train_only,True,test
3Z9AX43T,2017-10-31,2017-07-14,2975,frozen_train_only,True,test
5JO7SIGB,2017-10-31,2017-07-14,2975,frozen_train_only,True,test
8MQPNCCU,2017-10-31,2017-07-14,2975,frozen_train_only,True,test
2DT70XCQ,2017-10-31,2017-07-14,2975,frozen_train_only,True,test
HYBR36NG,2017-10-31,2017-07-14,2975,frozen_train_only,True,test
WXOL5HTS,2017-10-31,2017-07-14,2975,frozen_train_only,True,test
F15SU034,2017-10-31,2017-07-14,2975,frozen_train_only,True,test
KLBW3TOH,2017-10-31,2017-07-14,2975,frozen_train_only,True,test
ESNS1OS9,2017-10-31,2017-07-14,2975,frozen_train_only,True,test
HDUZC4G9,2017-10-31,2017-07-14,2975,frozen_train_only,True,test
1629C4UW,2017-10-31,2017-07-14,2975,frozen_train_only,True,test
0OXJ2HOP,2017-10-31,2017-07-14,2975,frozen_train_only,True,test
RCGBY4IA,2017-10-31,2017-07-14,2975,frozen_train_only,True,test
8R0HTKUK,2017-10-31,2017-07-14,2975,frozen_train_only,True,test
W2ZRP2EC,2017-10-31,2017-07-14,2975,frozen_train_only,True,test
AEH9XJ3T,2017-11-01,2017-07-14,2975,frozen_train_only,True,test
X3DSI0TQ,2017-11-01,2017-07-14,2975,frozen_train_only,True,test
MG3X7625,2017-11-01,2017-07-14,2975,frozen_train_only,True,test
8JR8LXEU,2017-11-01,2017-07-14,2975,frozen_train_only,True,test
KMRR1P94,2017-11-01,2017-07-14,2975,frozen_train_only,True,test
JRCD2VQY,2017-11-01,2017-07-14,2975,frozen_train_only,True,test
FXKBY5FR,2017-11-01,2017-07-14,2975,frozen_train_only,True,test
8415S7ZV,2017-11-01,2017-07-14,2975,frozen_train_only,True,test
UZ83LE9X,2017-11-01,2017-07-14,2975,frozen_train_only,True,test
GIDII30C,2017-11-01,2017-07-14,2975,frozen_train_only,True,test
IVVBVNDH,2017-11-01,2017-07-14,2975,frozen_train_only,True,test
FBKK68G6,2017-11-02,2017-07-14,2975,frozen_train_only,True,test
SSSTYFDY,2017-11-02,2017-07-14,2975,frozen_train_only,True,test
VSMB0KJW,2017-11-02,2017-07-14,2975,frozen_train_only,True,test
UVS5WJRG,2017-11-02,2017-07-14,2975,frozen_train_only,True,test
MOBO9N8H,2017-11-02,2017-07-14,2975,frozen_train_only,True,test
5HHFR0VZ,2017-11-02,2017-07-14,2975,frozen_train_only,True,test
0DYZ71WX,2017-11-02,2017-07-14,2975,frozen_train_only,True,test
Q1Q3D9BZ,2017-11-02,2017-07-14,2975,frozen_train_only,True,test
9KV5GM4U,2017-11-02,2017-07-14,2975,frozen_train_only,True,test
6X24V0NC,2017-11-03,2017-07-14,2975,frozen_train_only,True,test
IIZV9WFC,2017-11-03,2017-07-14,2975,frozen_train_only,True,test
WTZ2AHNW,2017-11-03,2017-07-14,2975,frozen_train_only,True,test
RQ5FNR4O,2017-11-03,2017-07-14,2975,frozen_train_only,True,test
9BZBU2GY,2017-11-03,2017-07-14,2975,frozen_train_only,True,test
1FMCUSFS,2017-11-04,2017-07-14,2975,frozen_train_only,True,test
ZQSSHSL7,2017-11-04,2017-07-14,2975,frozen_train_only,True,test
SWYO7V7O,2017-11-04,2017-07-14,2975,frozen_train_only,True,test
62UFJ4IQ,2017-11-04,2017-07-14,2975,frozen_train_only,True,test
ZO4FDMPS,2017-11-04,2017-07-14,2975,frozen_train_only,True,test
D9LUG4D8,2017-11-04,2017-07-14,2975,frozen_train_only,True,test
M23VU0A9,2017-11-04,2017-07-14,2975,frozen_train_only,True,test
YAVTI45C,2017-11-04,2017-07-14,2975,frozen_train_only,True,test
XZUEXEUH,2017-11-05,2017-07-14,2975,frozen_train_only,True,test
6Z3EP424,2017-11-05,2017-07-14,2975,frozen_train_only,True,test
VPIXVUUE,2017-11-05,2017-07-14,2975,frozen_train_only,True,test
F98UFHM2,2017-11-05,2017-07-14,2975,frozen_train_only,True,test
JB7JEEI5,2017-11-05,2017-07-14,2975,frozen_train_only,True,test
FQP39JQV,2017-11-05,2017-07-14,2975,frozen_train_only,True,test
PWW6TH3V,2017-11-05,2017-07-14,2975,frozen_train_only,True,test
KXEZ5B3Q,2017-11-05,2017-07-14,2975,frozen_train_only,True,test
3UA6O3NG,2017-11-05,2017-07-14,2975,frozen_train_only,True,test
3ML02CAH,2017-11-05,2017-07-14,2975,frozen_train_only,True,test
T7AHYN7O,2017-11-05,2017-07-14,2975,frozen_train_only,True,test
9BMWYLQV,2017-11-05,2017-07-14,2975,frozen_train_only,True,test
76ZQP7QY,2017-11-06,2017-07-14,2975,frozen_train_only,True,test
DP7QR35U,2017-11-06,2017-07-14,2975,frozen_train_only,True,test
VAD1MF34,2017-11-06,2017-07-14,2975,frozen_train_only,True,test
6AA52750,2017-11-06,2017-07-14,2975,frozen_train_only,True,test
WOD9UKMP,2017-11-07,2017-07-14,2975,frozen_train_only,True,test
T482GHJQ,2017-11-07,2017-07-14,2975,frozen_train_only,True,test
JFIL5JU0,2017-11-07,2017-07-14,2975,frozen_train_only,True,test
3GVL1I1G,2017-11-07,2017-07-14,2975,frozen_train_only,True,test
72C58IRY,2017-11-08,2017-07-14,2975,frozen_train_only,True,test
MMIYELAE,2017-11-08,2017-07-14,2975,frozen_train_only,True,test
GS9UKUGV,2017-11-08,2017-07-14,2975,frozen_train_only,True,test
X9MTGVJZ,2017-11-08,2017-07-14,2975,frozen_train_only,True,test
N22XN5IM,2017-11-08,2017-07-14,2975,frozen_train_only,True,test
OTQTFK48,2017-11-08,2017-07-14,2975,frozen_train_only,True,test
URN9V0FK,2017-11-08,2017-07-14,2975,frozen_train_only,True,test
K6TJSGUB,2017-11-08,2017-07-14,2975,frozen_train_only,True,test
CSXOYE1C,2017-11-08,2017-07-14,2975,frozen_train_only,True,test
4ATO2S4S,2017-11-08,2017-07-14,2975,frozen_train_only,True,test
J0X7ZNDX,2017-11-09,2017-07-14,2975,frozen_train_only,True,test
GCCBRJF8,2017-11-09,2017-07-14,2975,frozen_train_only,True,test
G7ZZG9DI,2017-11-09,2017-07-14,2975,frozen_train_only,True,test
TY9RBWLT,2017-11-09,2017-07-14,2975,frozen_train_only,True,test
NNREN4Q5,2017-11-09,2017-07-14,2975,frozen_train_only,True,test
T0H5HATU,2017-11-09,2017-07-14,2975,frozen_train_only,True,test
49TIKZ5B,2017-11-09,2017-07-14,2975,frozen_train_only,True,test
ZM1HKZRS,2017-11-09,2017-07-14,2975,frozen_train_only,True,test
2FGV5XNE,2017-11-09,2017-07-14,2975,frozen_train_only,True,test
04G3DK6T,2017-11-09,2017-07-14,2975,frozen_train_only,True,test
QSCVBJNJ,2017-11-09,2017-07-14,2975,frozen_train_only,True,test
C3KQJVDU,2017-11-10,2017-07-14,2975,frozen_train_only,True,test
NZIJ3KKG,2017-11-10,2017-07-14,2975,frozen_train_only,True,test
F46Q34LY,2017-11-10,2017-07-14,2975,frozen_train_only,True,test
5C13TAA8,2017-11-10,2017-07-14,2975,frozen_train_only,True,test
BFB6C54U,2017-11-10,2017-07-14,2975,frozen_train_only,True,test
ZSYWCL6R,2017-11-10,2017-07-14,2975,frozen_train_only,True,test
VNJQD4Z7,2017-11-10,2017-07-14,2975,frozen_train_only,True,test
50OYB2YN,2017-11-11,2017-07-14,2975,frozen_train_only,True,test
C8BIQFEN,2017-11-11,2017-07-14,2975,frozen_train_only,True,test
0TEEJ0WD,2017-11-11,2017-07-14,2975,frozen_train_only,True,test
T2G750N6,2017-11-11,2017-07-14,2975,frozen_train_only,True,test
6BCEXGTX,2017-11-11,2017-07-14,2975,frozen_train_only,True,test
6ZFEAR57,2017-11-11,2017-07-14,2975,frozen_train_only,True,test
Y1JFDUVB,2017-11-11,2017-07-14,2975,frozen_train_only,True,test
7FCXBW1M,2017-11-11,2017-07-14,2975,frozen_train_only,True,test
83Y5850C,2017-11-12,2017-07-14,2975,frozen_train_only,True,test
V1458D23,2017-11-12,2017-07-14,2975,frozen_train_only,True,test
LJEAX51Q,2017-11-12,2017-07-14,2975,frozen_train_only,True,test
LDDQ5PN2,2017-11-12,2017-07-14,2975,frozen_train_only,True,test
WPJ0AS7T,2017-11-12,2017-07-14,2975,frozen_train_only,True,test
4J8IA9GL,2017-11-12,2017-07-14,2975,frozen_train_only,True,test
76RZPT87,2017-11-12,2017-07-14,2975,frozen_train_only,True,test
9E3UNPHY,2017-11-12,2017-07-14,2975,frozen_train_only,True,test
CQ8UELF8,2017-11-12,2017-07-14,2975,frozen_train_only,True,test
4E5E9MYV,2017-11-12,2017-07-14,2975,frozen_train_only,True,test
24BCH90I,2017-11-12,2017-07-14,2975,frozen_train_only,True,test
LWVZKYI0,2017-11-12,2017-07-14,2975,frozen_train_only,True,test
1W2EEX4L,2017-11-12,2017-07-14,2975,frozen_train_only,True,test
8977L373,2017-11-12,2017-07-14,2975,frozen_train_only,True,test
66LD5EF0,2017-11-12,2017-07-14,2975,frozen_train_only,True,test
50JIFEWD,2017-11-12,2017-07-14,2975,frozen_train_only,True,test
MTZQ55RH,2017-11-13,2017-07-14,2975,frozen_train_only,True,test
1V3O11ZD,2017-11-13,2017-07-14,2975,frozen_train_only,True,test
AIBZQM42,2017-11-13,2017-07-14,2975,frozen_train_only,True,test
IZ5MV9YF,2017-11-13,2017-07-14,2975,frozen_train_only,True,test
OHJX1K09,2017-11-13,2017-07-14,2975,frozen_train_only,True,test
I33TECO1,2017-11-13,2017-07-14,2975,frozen_train_only,True,test
MT45X396,2017-11-13,2017-07-14,2975,frozen_train_only,True,test
V8ELYA6F,2017-11-14,2017-07-14,2975,frozen_train_only,True,test
K98JFWRC,2017-11-14,2017-07-14,2975,frozen_train_only,True,test
H6Q0LXVH,2017-11-14,2017-07-14,2975,frozen_train_only,True,test
2BH5Q718,2017-11-14,2017-07-14,2975,frozen_train_only,True,test
CSJKVMR9,2017-11-14,2017-07-14,2975,frozen_train_only,True,test
N3YVDYY2,2017-11-14,2017-07-14,2975,frozen_train_only,True,test
LRP5IXX5,2017-11-14,2017-07-14,2975,frozen_train_only,True,test
SH1NTXPV,2017-11-14,2017-07-14,2975,frozen_train_only,True,test
MKAKCFBQ,2017-11-15,2017-07-14,2975,frozen_train_only,True,test
9YH8LS5H,2017-11-15,2017-07-14,2975,frozen_train_only,True,test
RO8TURF5,2017-11-15,2017-07-14,2975,frozen_train_only,True,test
EW5ASXX4,2017-11-15,2017-07-14,2975,frozen_train_only,True,test
MDLJKQ5B,2017-11-15,2017-07-14,2975,frozen_train_only,True,test
7OIR36P2,2017-11-15,2017-07-14,2975,frozen_train_only,True,test
GQ13O0AQ,2017-11-15,2017-07-14,2975,frozen_train_only,True,test
S9DDUFGP,2017-11-15,2017-07-14,2975,frozen_train_only,True,test
B5OXRZTT,2017-11-15,2017-07-14,2975,frozen_train_only,True,test
FX1RWO67,2017-11-16,2017-07-14,2975,frozen_train_only,True,test
2AGA3ALY,2017-11-16,2017-07-14,2975,frozen_train_only,True,test
P8ZOY6HA,2017-11-16,2017-07-14,2975,frozen_train_only,True,test
PBGAZKMQ,2017-11-16,2017-07-14,2975,frozen_train_only,True,test
86MJT5KR,2017-11-16,2017-07-14,2975,frozen_train_only,True,test
20NZO7TT,2017-11-16,2017-07-14,2975,frozen_train_only,True,test
6FR9YZH2,2017-11-16,2017-07-14,2975,frozen_train_only,True,test
LCZGL74L,2017-11-16,2017-07-14,2975,frozen_train_only,True,test
6NWIZG2N,2017-11-16,2017-07-14,2975,frozen_train_only,True,test
IS2HLCEO,2017-11-17,2017-07-14,2975,frozen_train_only,True,test
90D20NZU,2017-11-17,2017-07-14,2975,frozen_train_only,True,test
P214KAH8,2017-11-17,2017-07-14,2975,frozen_train_only,True,test
HEMKK91Z,2017-11-17,2017-07-14,2975,frozen_train_only,True,test
R2JKKVOO,2017-11-17,2017-07-14,2975,frozen_train_only,True,test
6LS93NXH,2017-11-17,2017-07-14,2975,frozen_train_only,True,test
BI36TLO5,2017-11-17,2017-07-14,2975,frozen_train_only,True,test
TYQFCQBN,2017-11-17,2017-07-14,2975,frozen_train_only,True,test
DH4WEPQ5,2017-11-17,2017-07-14,2975,frozen_train_only,True,test
NJAOJJY9,2017-11-17,2017-07-14,2975,frozen_train_only,True,test
VM6SAQYT,2017-11-17,2017-07-14,2975,frozen_train_only,True,test
E2LVAU2T,2017-11-17,2017-07-14,2975,frozen_train_only,True,test
CNAOGH7N,2017-11-18,2017-07-14,2975,frozen_train_only,True,test
0ONK3WET,2017-11-18,2017-07-14,2975,frozen_train_only,True,test
9Y43IDMY,2017-11-18,2017-07-14,2975,frozen_train_only,True,test
UIE5G6GW,2017-11-18,2017-07-14,2975,frozen_train_only,True,test
GB6C2UK5,2017-11-18,2017-07-14,2975,frozen_train_only,True,test
5S2JLJGL,2017-11-18,2017-07-14,2975,frozen_train_only,True,test
820NH7ZA,2017-11-18,2017-07-14,2975,frozen_train_only,True,test
PIPYDN8Y,2017-11-18,2017-07-14,2975,frozen_train_only,True,test
E3LNNM8H,2017-11-18,2017-07-14,2975,frozen_train_only,True,test
UHYI2QB2,2017-11-18,2017-07-14,2975,frozen_train_only,True,test
5SJP2J1J,2017-11-19,2017-07-14,2975,frozen_train_only,True,test
R5V9DX5U,2017-11-19,2017-07-14,2975,frozen_train_only,True,test
PGCWLU4L,2017-11-19,2017-07-14,2975,frozen_train_only,True,test
RVI6ARFW,2017-11-19,2017-07-14,2975,frozen_train_only,True,test
QVWPMJ8R,2017-11-19,2017-07-14,2975,frozen_train_only,True,test
7M7UED1P,2017-11-19,2017-07-14,2975,frozen_train_only,True,test
JW51LS6C,2017-11-19,2017-07-14,2975,frozen_train_only,True,test
KU4GX1KD,2017-11-19,2017-07-14,2975,frozen_train_only,True,test
GSE8QWMU,2017-11-19,2017-07-14,2975,frozen_train_only,True,test
6MTK51P5,2017-11-20,2017-07-14,2975,frozen_train_only,True,test
QA2XTMMZ,2017-11-20,2017-07-14,2975,frozen_train_only,True,test
T58EDFV0,2017-11-20,2017-07-14,2975,frozen_train_only,True,test
C09PGOZG,2017-11-20,2017-07-14,2975,frozen_train_only,True,test
IG9RPWOZ,2017-11-20,2017-07-14,2975,frozen_train_only,True,test
3GFZ7SN4,2017-11-20,2017-07-14,2975,frozen_train_only,True,test
DC1E84LC,2017-11-20,2017-07-14,2975,frozen_train_only,True,test
F0XGEQOE,2017-11-21,2017-07-14,2975,frozen_train_only,True,test
EQIV6PMF,2017-11-21,2017-07-14,2975,frozen_train_only,True,test
SK3A12HI,2017-11-21,2017-07-14,2975,frozen_train_only,True,test
F28BOUE5,2017-11-21,2017-07-14,2975,frozen_train_only,True,test
Z7JCS0ZW,2017-11-21,2017-07-14,2975,frozen_train_only,True,test
9E3H6ONP,2017-11-21,2017-07-14,2975,frozen_train_only,True,test
FVTCAFCL,2017-11-21,2017-07-14,2975,frozen_train_only,True,test
9TTQYYIW,2017-11-21,2017-07-14,2975,frozen_train_only,True,test
33JYWJ1X,2017-11-21,2017-07-14,2975,frozen_train_only,True,test
L11T0DYF,2017-11-21,2017-07-14,2975,frozen_train_only,True,test
QJZVB9ZG,2017-11-21,2017-07-14,2975,frozen_train_only,True,test
WAEWV7YD,2017-11-22,2017-07-14,2975,frozen_train_only,True,test
3RJPZ634,2017-11-22,2017-07-14,2975,frozen_train_only,True,test
FZH6NJAQ,2017-11-22,2017-07-14,2975,frozen_train_only,True,test
4MPM6ZPU,2017-11-22,2017-07-14,2975,frozen_train_only,True,test
U0XDMZK8,2017-11-22,2017-07-14,2975,frozen_train_only,True,test
BF9D3HVC,2017-11-23,2017-07-14,2975,frozen_train_only,True,test
6AT4VS58,2017-11-23,2017-07-14,2975,frozen_train_only,True,test
S5FBJ31P,2017-11-23,2017-07-14,2975,frozen_train_only,True,test
62JLAD45,2017-11-23,2017-07-14,2975,frozen_train_only,True,test
Z7GJE1K0,2017-11-23,2017-07-14,2975,frozen_train_only,True,test
N6ZLW0OG,2017-11-24,2017-07-14,2975,frozen_train_only,True,test
IJ2CLOLZ,2017-11-24,2017-07-14,2975,frozen_train_only,True,test
K4N74V6U,2017-11-24,2017-07-14,2975,frozen_train_only,True,test
H7GFLCDH,2017-11-24,2017-07-14,2975,frozen_train_only,True,test
0QMOIDET,2017-11-24,2017-07-14,2975,frozen_train_only,True,test
33JWQH71,2017-11-24,2017-07-14,2975,frozen_train_only,True,test
Z9WFXNX3,2017-11-24,2017-07-14,2975,frozen_train_only,True,test
7ACIXBSY,2017-11-24,2017-07-14,2975,frozen_train_only,True,test
MEIBOSW7,2017-11-24,2017-07-14,2975,frozen_train_only,True,test
NBUHFAKW,2017-11-25,2017-07-14,2975,frozen_train_only,True,test
PJ3NGI1Y,2017-11-25,2017-07-14,2975,frozen_train_only,True,test
RDZ2FC3A,2017-11-25,2017-07-14,2975,frozen_train_only,True,test
R7GYOI0M,2017-11-25,2017-07-14,2975,frozen_train_only,True,test
Z1IF1M5M,2017-11-25,2017-07-14,2975,frozen_train_only,True,test
B133ECHC,2017-11-25,2017-07-14,2975,frozen_train_only,True,test
P55UV5QW,2017-11-25,2017-07-14,2975,frozen_train_only,True,test
H0HDYIYJ,2017-11-25,2017-07-14,2975,frozen_train_only,True,test
EBMBP7JQ,2017-11-26,2017-07-14,2975,frozen_train_only,True,test
MAUIC3DD,2017-11-26,2017-07-14,2975,frozen_train_only,True,test
20048JO2,2017-11-26,2017-07-14,2975,frozen_train_only,True,test
U071YJYI,2017-11-26,2017-07-14,2975,frozen_train_only,True,test
Y3EVBV53,2017-11-26,2017-07-14,2975,frozen_train_only,True,test
JE63NRUA,2017-11-26,2017-07-14,2975,frozen_train_only,True,test
YA8CL4UM,2017-11-26,2017-07-14,2975,frozen_train_only,True,test
43WRAJ1I,2017-11-26,2017-07-14,2975,frozen_train_only,True,test
DA7BZMMO,2017-11-26,2017-07-14,2975,frozen_train_only,True,test
6QRZCDL0,2017-11-26,2017-07-14,2975,frozen_train_only,True,test
348COZ5O,2017-11-27,2017-07-14,2975,frozen_train_only,True,test
GLUYX9KN,2017-11-27,2017-07-14,2975,frozen_train_only,True,test
2DT6W3HA,2017-11-27,2017-07-14,2975,frozen_train_only,True,test
WE03969I,2017-11-28,2017-07-14,2975,frozen_train_only,True,test
3SOLZEZX,2017-11-28,2017-07-14,2975,frozen_train_only,True,test
MAA6TJMM,2017-11-28,2017-07-14,2975,frozen_train_only,True,test
0DY00J6O,2017-11-28,2017-07-14,2975,frozen_train_only,True,test
U8IUBGTW,2017-11-28,2017-07-14,2975,frozen_train_only,True,test
EV0V1ZZA,2017-11-28,2017-07-14,2975,frozen_train_only,True,test
RCDG00F7,2017-11-28,2017-07-14,2975,frozen_train_only,True,test
XAKK81WB,2017-11-29,2017-07-14,2975,frozen_train_only,True,test
B6CHA7CX,2017-11-29,2017-07-14,2975,frozen_train_only,True,test
V263VR1Y,2017-11-29,2017-07-14,2975,frozen_train_only,True,test
A2PTJA6G,2017-11-29,2017-07-14,2975,frozen_train_only,True,test
GUDTJY0I,2017-11-30,2017-07-14,2975,frozen_train_only,True,test
MDK5NQJA,2017-11-30,2017-07-14,2975,frozen_train_only,True,test
GB1K3Y4Y,2017-11-30,2017-07-14,2975,frozen_train_only,True,test
KKOU11ZD,2017-11-30,2017-07-14,2975,frozen_train_only,True,test
KHZ3IOKH,2017-11-30,2017-07-14,2975,frozen_train_only,True,test
Q34UWP01,2017-11-30,2017-07-14,2975,frozen_train_only,True,test
X70BM5FO,2017-12-01,2017-07-14,2975,frozen_train_only,True,test
NCF02FA5,2017-12-01,2017-07-14,2975,frozen_train_only,True,test
XF54BYUH,2017-12-01,2017-07-14,2975,frozen_train_only,True,test
23ZL97PN,2017-12-02,2017-07-14,2975,frozen_train_only,True,test
PVZ4YGQG,2017-12-02,2017-07-14,2975,frozen_train_only,True,test
7L89U5DU,2017-12-02,2017-07-14,2975,frozen_train_only,True,test
KNN6C4O3,2017-12-02,2017-07-14,2975,frozen_train_only,True,test
CXAEFADQ,2017-12-02,2017-07-14,2975,frozen_train_only,True,test
G6433A35,2017-12-03,2017-07-14,2975,frozen_train_only,True,test
1WVEAE8N,2017-12-03,2017-07-14,2975,frozen_train_only,True,test
TJJFAU52,2017-12-03,2017-07-14,2975,frozen_train_only,True,test
JCJ5PJDH,2017-12-04,2017-07-14,2975,frozen_train_only,True,test
0RH9W4E2,2017-12-04,2017-07-14,2975,frozen_train_only,True,test
MG3ZJ8F3,2017-12-04,2017-07-14,2975,frozen_train_only,True,test
R892OD1B,2017-12-04,2017-07-14,2975,frozen_train_only,True,test
SZ09YDEF,2017-12-04,2017-07-14,2975,frozen_train_only,True,test
9WUYZLBE,2017-12-04,2017-07-14,2975,frozen_train_only,True,test
RV7ERUUT,2017-12-05,2017-07-14,2975,frozen_train_only,True,test
EY0JZ32S,2017-12-05,2017-07-14,2975,frozen_train_only,True,test
CEYW89RW,2017-12-05,2017-07-14,2975,frozen_train_only,True,test
MBBBOMEV,2017-12-05,2017-07-14,2975,frozen_train_only,True,test
I6FIZ2S5,2017-12-05,2017-07-14,2975,frozen_train_only,True,test
7EYDG0CV,2017-12-06,2017-07-14,2975,frozen_train_only,True,test
UFAABKQJ,2017-12-06,2017-07-14,2975,frozen_train_only,True,test
7ZU2A8L1,2017-12-06,2017-07-14,2975,frozen_train_only,True,test
O1HKZ4ZF,2017-12-06,2017-07-14,2975,frozen_train_only,True,test
8VO26H1R,2017-12-06,2017-07-14,2975,frozen_train_only,True,test
A2OLLGWZ,2017-12-06,2017-07-14,2975,frozen_train_only,True,test
WKIRY6KE,2017-12-07,2017-07-14,2975,frozen_train_only,True,test
EJYFAV40,2017-12-07,2017-07-14,2975,frozen_train_only,True,test
8A1EB728,2017-12-07,2017-07-14,2975,frozen_train_only,True,test
2KWQ6RAZ,2017-12-08,2017-07-14,2975,frozen_train_only,True,test
823X29EZ,2017-12-08,2017-07-14,2975,frozen_train_only,True,test
YY4VFPND,2017-12-08,2017-07-14,2975,frozen_train_only,True,test
RYLBEZ4N,2017-12-08,2017-07-14,2975,frozen_train_only,True,test
Y4UIUIEG,2017-12-09,2017-07-14,2975,frozen_train_only,True,test
1HG8VLHU,2017-12-09,2017-07-14,2975,frozen_train_only,True,test
0OJE7J6C,2017-12-09,2017-07-14,2975,frozen_train_only,True,test
OCVCCWPQ,2017-12-09,2017-07-14,2975,frozen_train_only,True,test
S2KBTW2O,2017-12-09,2017-07-14,2975,frozen_train_only,True,test
QJ9H7Y8W,2017-12-09,2017-07-14,2975,frozen_train_only,True,test
FNA51WN6,2017-12-09,2017-07-14,2975,frozen_train_only,True,test
921APYA3,2017-12-09,2017-07-14,2975,frozen_train_only,True,test
CPC83NKN,2017-12-09,2017-07-14,2975,frozen_train_only,True,test
TBS5Y874,2017-12-09,2017-07-14,2975,frozen_train_only,True,test
6JZ0HCSF,2017-12-09,2017-07-14,2975,frozen_train_only,True,test
JRSU8ALH,2017-12-10,2017-07-14,2975,frozen_train_only,True,test
7GXUCFW5,2017-12-10,2017-07-14,2975,frozen_train_only,True,test
E66UG7VC,2017-12-10,2017-07-14,2975,frozen_train_only,True,test
7IAHPFT9,2017-12-10,2017-07-14,2975,frozen_train_only,True,test
04AOWMXV,2017-12-11,2017-07-14,2975,frozen_train_only,True,test
XZ9YR78K,2017-12-11,2017-07-14,2975,frozen_train_only,True,test
WZKN6PO4,2017-12-11,2017-07-14,2975,frozen_train_only,True,test
WQSUMJRZ,2017-12-11,2017-07-14,2975,frozen_train_only,True,test
1RIO9PCD,2017-12-11,2017-07-14,2975,frozen_train_only,True,test
TQV7CO87,2017-12-12,2017-07-14,2975,frozen_train_only,True,test
3FJPGYD7,2017-12-12,2017-07-14,2975,frozen_train_only,True,test
9AQFU718,2017-12-12,2017-07-14,2975,frozen_train_only,True,test
AUJE7IZR,2017-12-12,2017-07-14,2975,frozen_train_only,True,test
LE3XYXEF,2017-12-12,2017-07-14,2975,frozen_train_only,True,test
TVU1PQEL,2017-12-13,2017-07-14,2975,frozen_train_only,True,test
3RGNKYWW,2017-12-13,2017-07-14,2975,frozen_train_only,True,test
HNCSYU4T,2017-12-13,2017-07-14,2975,frozen_train_only,True,test
1PXQZ40I,2017-12-13,2017-07-14,2975,frozen_train_only,True,test
FYAVINLC,2017-12-13,2017-07-14,2975,frozen_train_only,True,test
60JGDDRO,2017-12-14,2017-07-14,2975,frozen_train_only,True,test
R4BO7K5M,2017-12-14,2017-07-14,2975,frozen_train_only,True,test
X4XN0M8A,2017-12-14,2017-07-14,2975,frozen_train_only,True,test
M4MAVN65,2017-12-14,2017-07-14,2975,frozen_train_only,True,test
USJ0JACE,2017-12-14,2017-07-14,2975,frozen_train_only,True,test
2SMQAWOA,2017-12-15,2017-07-14,2975,frozen_train_only,True,test
JAYXM4QB,2017-12-15,2017-07-14,2975,frozen_train_only,True,test
NW5CPPIV,2017-12-15,2017-07-14,2975,frozen_train_only,True,test
8LFA54EQ,2017-12-16,2017-07-14,2975,frozen_train_only,True,test
19MLD9YF,2017-12-16,2017-07-14,2975,frozen_train_only,True,test
PLQ50D2O,2017-12-17,2017-07-14,2975,frozen_train_only,True,test
3VPQNW5Y,2017-12-17,2017-07-14,2975,frozen_train_only,True,test
FXYOCA0G,2017-12-17,2017-07-14,2975,frozen_train_only,True,test
SK30SEKS,2017-12-17,2017-07-14,2975,frozen_train_only,True,test
Q30OVFCZ,2017-12-17,2017-07-14,2975,frozen_train_only,True,test
T1GPPZXH,2017-12-17,2017-07-14,2975,frozen_train_only,True,test
WL31FAI3,2017-12-17,2017-07-14,2975,frozen_train_only,True,test
6SNUFVQP,2017-12-18,2017-07-14,2975,frozen_train_only,True,test
5U83YWZB,2017-12-18,2017-07-14,2975,frozen_train_only,True,test
ZFXYBJEY,2017-12-18,2017-07-14,2975,frozen_train_only,True,test
OHAARANW,2017-12-19,2017-07-14,2975,frozen_train_only,True,test
6GBGF19R,2017-12-19,2017-07-14,2975,frozen_train_only,True,test
5XADPM6R,2017-12-19,2017-07-14,2975,frozen_train_only,True,test
YZX90X8X,2017-12-19,2017-07-14,2975,frozen_train_only,True,test
CNL7PCYU,2017-12-20,2017-07-14,2975,frozen_train_only,True,test
9M88QXFW,2017-12-20,2017-07-14,2975,frozen_train_only,True,test
B50N6RL3,2017-12-21,2017-07-14,2975,frozen_train_only,True,test
HLXSEMXV,2017-12-21,2017-07-14,2975,frozen_train_only,True,test
MPMG4JTY,2017-12-21,2017-07-14,2975,frozen_train_only,True,test
8QJHJXY0,2017-12-22,2017-07-14,2975,frozen_train_only,True,test
MSN4ZNU6,2017-12-22,2017-07-14,2975,frozen_train_only,True,test
3MXS2HRE,2017-12-23,2017-07-14,2975,frozen_train_only,True,test
1YBATFAY,2017-12-24,2017-07-14,2975,frozen_train_only,True,test
2EBLR9N8,2017-12-24,2017-07-14,2975,frozen_train_only,True,test
VDGA4KXA,2017-12-24,2017-07-14,2975,frozen_train_only,True,test
6WCNNK5J,2017-12-26,2017-07-14,2975,frozen_train_only,True,test
YJTQSZ9D,2017-12-27,2017-07-14,2975,frozen_train_only,True,test
RB8GDYFY,2017-12-27,2017-07-14,2975,frozen_train_only,True,test
